IND_ID,IND_CODE,IND_UUID,IND_PER_CODE,DIM_TIME,DIM_TIME_TYPE,DIM_GEO_CODE_M49,DIM_GEO_CODE_TYPE,DIM_PUBLISH_STATE_CODE,IND_NAME,GEO_NAME_SHORT,DIM_SEX,RATE_PER_CAPITA_N,RATE_PER_CAPITA_NL,RATE_PER_CAPITA_NU
EE6F72ASA_0000001688,SA_0000001688,EE6F72A,SA_0000001688,2003,YEAR,212,COUNTRY,PUBLISHED,Alcohol consumption (age 15+),Dominica,TOTAL,,,
EE6F72ASA_0000001688,SA_0000001688,EE6F72A,SA_0000001688,2003,YEAR,214,COUNTRY,PUBLISHED,Alcohol consumption (age 15+),Dominican Republic,TOTAL,,,
EE6F72ASA_0000001688,SA_0000001688,EE6F72A,SA_0000001688,2003,YEAR,208,COUNTRY,PUBLISHED,Alcohol consumption (age 15+),Denmark,TOTAL,,,
EE6F72ASA_0000001688,SA_0000001688,EE6F72A,SA_0000001688,2003,YEAR,204,COUNTRY,PUBLISHED,Alcohol consumption (age 15+),Benin,TOTAL,,,
EE6F72ASA_0000001688,SA_0000001688,EE6F72A,SA_0000001688,2003,YEAR,203,COUNTRY,PUBLISHED,Alcohol consumption (age 15+),Czechia,TOTAL,,,
EE6F72ASA_0000001688,SA_0000001688,EE6F72A,SA_0000001688,2003,YEAR,202,REGION,PUBLISHED,Alcohol consumption (age 15+),Sub-Saharan Africa,TOTAL,,,
EE6F72ASA_0000001688,SA_0000001688,EE6F72A,SA_0000001688,2003,YEAR,232,COUNTRY,PUBLISHED,Alcohol consumption (age 15+),Eritrea,TOTAL,,,
EE6F72ASA_0000001688,SA_0000001688,EE6F72A,SA_0000001688,2003,YEAR,233,COUNTRY,PUBLISHED,Alcohol consumption (age 15+),Estonia,TOTAL,,,
EE6F72ASA_0000001688,SA_0000001688,EE6F72A,SA_0000001688,2003,YEAR,199,CLASSIFICATION,PUBLISHED,Alcohol consumption (age 15+),Least developed countries,TOTAL,,,
EE6F72ASA_0000001688,SA_0000001688,EE6F72A,SA_0000001688,2003,YEAR,196,COUNTRY,PUBLISHED,Alcohol consumption (age 15+),Cyprus,TOTAL,,,
EE6F72ASA_0000001688,SA_0000001688,EE6F72A,SA_0000001688,2003,YEAR,192,COUNTRY,PUBLISHED,Alcohol consumption (age 15+),Cuba,TOTAL,,,
EE6F72ASA_0000001688,SA_0000001688,EE6F72A,SA_0000001688,2003,YEAR,218,COUNTRY,PUBLISHED,Alcohol consumption (age 15+),Ecuador,TOTAL,,,
EE6F72ASA_0000001688,SA_0000001688,EE6F72A,SA_0000001688,2003,YEAR,222,COUNTRY,PUBLISHED,Alcohol consumption (age 15+),El Salvador,TOTAL,,,
EE6F72ASA_0000001688,SA_0000001688,EE6F72A,SA_0000001688,2003,YEAR,226,COUNTRY,PUBLISHED,Alcohol consumption (age 15+),Equatorial Guinea,TOTAL,,,
EE6F72ASA_0000001688,SA_0000001688,EE6F72A,SA_0000001688,2003,YEAR,231,COUNTRY,PUBLISHED,Alcohol consumption (age 15+),Ethiopia,TOTAL,,,
EE6F72ASA_0000001688,SA_0000001688,EE6F72A,SA_0000001688,2003,YEAR,266,COUNTRY,PUBLISHED,Alcohol consumption (age 15+),Gabon,TOTAL,,,
EE6F72ASA_0000001688,SA_0000001688,EE6F72A,SA_0000001688,2003,YEAR,268,COUNTRY,PUBLISHED,Alcohol consumption (age 15+),Georgia,TOTAL,,,
EE6F72ASA_0000001688,SA_0000001688,EE6F72A,SA_0000001688,2003,YEAR,242,COUNTRY,PUBLISHED,Alcohol consumption (age 15+),Fiji,TOTAL,,,
EE6F72ASA_0000001688,SA_0000001688,EE6F72A,SA_0000001688,2003,YEAR,246,COUNTRY,PUBLISHED,Alcohol consumption (age 15+),Finland,TOTAL,,,
EE6F72ASA_0000001688,SA_0000001688,EE6F72A,SA_0000001688,2003,YEAR,250,COUNTRY,PUBLISHED,Alcohol consumption (age 15+),France,TOTAL,,,
EE6F72ASA_0000001688,SA_0000001688,EE6F72A,SA_0000001688,2003,YEAR,262,COUNTRY,PUBLISHED,Alcohol consumption (age 15+),Djibouti,TOTAL,,,
EE6F72ASA_0000001688,SA_0000001688,EE6F72A,SA_0000001688,2003,YEAR,288,COUNTRY,PUBLISHED,Alcohol consumption (age 15+),Ghana,TOTAL,,,
EE6F72ASA_0000001688,SA_0000001688,EE6F72A,SA_0000001688,2003,YEAR,296,COUNTRY,PUBLISHED,Alcohol consumption (age 15+),Kiribati,TOTAL,,,
EE6F72ASA_0000001688,SA_0000001688,EE6F72A,SA_0000001688,2003,YEAR,270,COUNTRY,PUBLISHED,Alcohol consumption (age 15+),Gambia,TOTAL,,,
EE6F72ASA_0000001688,SA_0000001688,EE6F72A,SA_0000001688,2003,YEAR,276,COUNTRY,PUBLISHED,Alcohol consumption (age 15+),Germany,TOTAL,,,
EE6F72ASA_0000001688,SA_0000001688,EE6F72A,SA_0000001688,2003,YEAR,300,COUNTRY,PUBLISHED,Alcohol consumption (age 15+),Greece,TOTAL,,,
EE6F72ASA_0000001688,SA_0000001688,EE6F72A,SA_0000001688,2003,YEAR,308,COUNTRY,PUBLISHED,Alcohol consumption (age 15+),Grenada,TOTAL,,,
EE6F72ASA_0000001688,SA_0000001688,EE6F72A,SA_0000001688,2003,YEAR,328,COUNTRY,PUBLISHED,Alcohol consumption (age 15+),Guyana,TOTAL,,,
EE6F72ASA_0000001688,SA_0000001688,EE6F72A,SA_0000001688,2003,YEAR,360,COUNTRY,PUBLISHED,Alcohol consumption (age 15+),Indonesia,TOTAL,,,
EE6F72ASA_0000001688,SA_0000001688,EE6F72A,SA_0000001688,2003,YEAR,364,COUNTRY,PUBLISHED,Alcohol consumption (age 15+),Iran (Islamic Republic of),TOTAL,,,
EE6F72ASA_0000001688,SA_0000001688,EE6F72A,SA_0000001688,2003,YEAR,368,COUNTRY,PUBLISHED,Alcohol consumption (age 15+),Iraq,TOTAL,,,
EE6F72ASA_0000001688,SA_0000001688,EE6F72A,SA_0000001688,2003,YEAR,372,COUNTRY,PUBLISHED,Alcohol consumption (age 15+),Ireland,TOTAL,,,
EE6F72ASA_0000001688,SA_0000001688,EE6F72A,SA_0000001688,2003,YEAR,332,COUNTRY,PUBLISHED,Alcohol consumption (age 15+),Haiti,TOTAL,,,
EE6F72ASA_0000001688,SA_0000001688,EE6F72A,SA_0000001688,2003,YEAR,340,COUNTRY,PUBLISHED,Alcohol consumption (age 15+),Honduras,TOTAL,,,
EE6F72ASA_0000001688,SA_0000001688,EE6F72A,SA_0000001688,2003,YEAR,348,COUNTRY,PUBLISHED,Alcohol consumption (age 15+),Hungary,TOTAL,,,
EE6F72ASA_0000001688,SA_0000001688,EE6F72A,SA_0000001688,2003,YEAR,352,COUNTRY,PUBLISHED,Alcohol consumption (age 15+),Iceland,TOTAL,,,
EE6F72ASA_0000001688,SA_0000001688,EE6F72A,SA_0000001688,2003,YEAR,356,COUNTRY,PUBLISHED,Alcohol consumption (age 15+),India,TOTAL,,,
EE6F72ASA_0000001688,SA_0000001688,EE6F72A,SA_0000001688,2003,YEAR,320,COUNTRY,PUBLISHED,Alcohol consumption (age 15+),Guatemala,TOTAL,,,
EE6F72ASA_0000001688,SA_0000001688,EE6F72A,SA_0000001688,2003,YEAR,324,COUNTRY,PUBLISHED,Alcohol consumption (age 15+),Guinea,TOTAL,,,
EE6F72ASA_0000001688,SA_0000001688,EE6F72A,SA_0000001688,2003,YEAR,376,COUNTRY,PUBLISHED,Alcohol consumption (age 15+),Israel,TOTAL,,,
EE6F72ASA_0000001688,SA_0000001688,EE6F72A,SA_0000001688,2003,YEAR,380,COUNTRY,PUBLISHED,Alcohol consumption (age 15+),Italy,TOTAL,,,
EE6F72ASA_0000001688,SA_0000001688,EE6F72A,SA_0000001688,2003,YEAR,384,COUNTRY,PUBLISHED,Alcohol consumption (age 15+),Côte d'Ivoire,TOTAL,,,
EE6F72ASA_0000001688,SA_0000001688,EE6F72A,SA_0000001688,2003,YEAR,388,COUNTRY,PUBLISHED,Alcohol consumption (age 15+),Jamaica,TOTAL,,,
EE6F72ASA_0000001688,SA_0000001688,EE6F72A,SA_0000001688,2003,YEAR,392,COUNTRY,PUBLISHED,Alcohol consumption (age 15+),Japan,TOTAL,,,
EE6F72ASA_0000001688,SA_0000001688,EE6F72A,SA_0000001688,2003,YEAR,398,COUNTRY,PUBLISHED,Alcohol consumption (age 15+),Kazakhstan,TOTAL,,,
EE6F72ASA_0000001688,SA_0000001688,EE6F72A,SA_0000001688,2003,YEAR,408,COUNTRY,PUBLISHED,Alcohol consumption (age 15+),Democratic People's Republic of Korea,TOTAL,,,
EE6F72ASA_0000001688,SA_0000001688,EE6F72A,SA_0000001688,2003,YEAR,410,COUNTRY,PUBLISHED,Alcohol consumption (age 15+),Republic of Korea,TOTAL,,,
EE6F72ASA_0000001688,SA_0000001688,EE6F72A,SA_0000001688,2003,YEAR,414,COUNTRY,PUBLISHED,Alcohol consumption (age 15+),Kuwait,TOTAL,,,
EE6F72ASA_0000001688,SA_0000001688,EE6F72A,SA_0000001688,2003,YEAR,417,COUNTRY,PUBLISHED,Alcohol consumption (age 15+),Kyrgyzstan,TOTAL,,,
EE6F72ASA_0000001688,SA_0000001688,EE6F72A,SA_0000001688,2003,YEAR,400,COUNTRY,PUBLISHED,Alcohol consumption (age 15+),Jordan,TOTAL,,,
EE6F72ASA_0000001688,SA_0000001688,EE6F72A,SA_0000001688,2003,YEAR,404,COUNTRY,PUBLISHED,Alcohol consumption (age 15+),Kenya,TOTAL,,,
EE6F72ASA_0000001688,SA_0000001688,EE6F72A,SA_0000001688,2003,YEAR,422,COUNTRY,PUBLISHED,Alcohol consumption (age 15+),Lebanon,TOTAL,,,
EE6F72ASA_0000001688,SA_0000001688,EE6F72A,SA_0000001688,2003,YEAR,440,COUNTRY,PUBLISHED,Alcohol consumption (age 15+),Lithuania,TOTAL,,,
EE6F72ASA_0000001688,SA_0000001688,EE6F72A,SA_0000001688,2003,YEAR,442,COUNTRY,PUBLISHED,Alcohol consumption (age 15+),Luxembourg,TOTAL,,,
EE6F72ASA_0000001688,SA_0000001688,EE6F72A,SA_0000001688,2003,YEAR,450,COUNTRY,PUBLISHED,Alcohol consumption (age 15+),Madagascar,TOTAL,,,
EE6F72ASA_0000001688,SA_0000001688,EE6F72A,SA_0000001688,2003,YEAR,454,COUNTRY,PUBLISHED,Alcohol consumption (age 15+),Malawi,TOTAL,,,
EE6F72ASA_0000001688,SA_0000001688,EE6F72A,SA_0000001688,2003,YEAR,426,COUNTRY,PUBLISHED,Alcohol consumption (age 15+),Lesotho,TOTAL,,,
EE6F72ASA_0000001688,SA_0000001688,EE6F72A,SA_0000001688,2003,YEAR,428,COUNTRY,PUBLISHED,Alcohol consumption (age 15+),Latvia,TOTAL,,,
EE6F72ASA_0000001688,SA_0000001688,EE6F72A,SA_0000001688,2003,YEAR,430,COUNTRY,PUBLISHED,Alcohol consumption (age 15+),Liberia,TOTAL,,,
EE6F72ASA_0000001688,SA_0000001688,EE6F72A,SA_0000001688,2003,YEAR,418,COUNTRY,PUBLISHED,Alcohol consumption (age 15+),Lao People's Democratic Republic,TOTAL,,,
EE6F72ASA_0000001688,SA_0000001688,EE6F72A,SA_0000001688,2003,YEAR,419,REGION,PUBLISHED,Alcohol consumption (age 15+),Latin America and the Caribbean,TOTAL,,,
EE6F72ASA_0000001688,SA_0000001688,EE6F72A,SA_0000001688,2003,YEAR,432,CLASSIFICATION,PUBLISHED,Alcohol consumption (age 15+),Landlocked developing countries,TOTAL,,,
EE6F72ASA_0000001688,SA_0000001688,EE6F72A,SA_0000001688,2003,YEAR,434,COUNTRY,PUBLISHED,Alcohol consumption (age 15+),Libya,TOTAL,,,
EE6F72ASA_0000001688,SA_0000001688,EE6F72A,SA_0000001688,2003,YEAR,458,COUNTRY,PUBLISHED,Alcohol consumption (age 15+),Malaysia,TOTAL,,,
EE6F72ASA_0000001688,SA_0000001688,EE6F72A,SA_0000001688,2003,YEAR,462,COUNTRY,PUBLISHED,Alcohol consumption (age 15+),Maldives,TOTAL,,,
EE6F72ASA_0000001688,SA_0000001688,EE6F72A,SA_0000001688,2003,YEAR,466,COUNTRY,PUBLISHED,Alcohol consumption (age 15+),Mali,TOTAL,,,
EE6F72ASA_0000001688,SA_0000001688,EE6F72A,SA_0000001688,2003,YEAR,470,COUNTRY,PUBLISHED,Alcohol consumption (age 15+),Malta,TOTAL,,,
EE6F72ASA_0000001688,SA_0000001688,EE6F72A,SA_0000001688,2003,YEAR,478,COUNTRY,PUBLISHED,Alcohol consumption (age 15+),Mauritania,TOTAL,,,
EE6F72ASA_0000001688,SA_0000001688,EE6F72A,SA_0000001688,2003,YEAR,480,COUNTRY,PUBLISHED,Alcohol consumption (age 15+),Mauritius,TOTAL,,,
EE6F72ASA_0000001688,SA_0000001688,EE6F72A,SA_0000001688,2003,YEAR,498,COUNTRY,PUBLISHED,Alcohol consumption (age 15+),Republic of Moldova,TOTAL,,,
EE6F72ASA_0000001688,SA_0000001688,EE6F72A,SA_0000001688,2003,YEAR,499,COUNTRY,PUBLISHED,Alcohol consumption (age 15+),Montenegro,TOTAL,,,
EE6F72ASA_0000001688,SA_0000001688,EE6F72A,SA_0000001688,2003,YEAR,504,COUNTRY,PUBLISHED,Alcohol consumption (age 15+),Morocco,TOTAL,,,
EE6F72ASA_0000001688,SA_0000001688,EE6F72A,SA_0000001688,2003,YEAR,508,COUNTRY,PUBLISHED,Alcohol consumption (age 15+),Mozambique,TOTAL,,,
EE6F72ASA_0000001688,SA_0000001688,EE6F72A,SA_0000001688,2003,YEAR,484,COUNTRY,PUBLISHED,Alcohol consumption (age 15+),Mexico,TOTAL,,,
EE6F72ASA_0000001688,SA_0000001688,EE6F72A,SA_0000001688,2003,YEAR,496,COUNTRY,PUBLISHED,Alcohol consumption (age 15+),Mongolia,TOTAL,,,
EE6F72ASA_0000001688,SA_0000001688,EE6F72A,SA_0000001688,2003,YEAR,514,CLASSIFICATION,PUBLISHED,Alcohol consumption (age 15+),"Developed regions (Europe, Cyprus, Israel, Northern America, Japan, Australia & New Zealand)",TOTAL,,,
EE6F72ASA_0000001688,SA_0000001688,EE6F72A,SA_0000001688,2003,YEAR,543,REGION,PUBLISHED,Alcohol consumption (age 15+),Oceania (exc. Australia and New Zealand),TOTAL,,,
EE6F72ASA_0000001688,SA_0000001688,EE6F72A,SA_0000001688,2003,YEAR,548,COUNTRY,PUBLISHED,Alcohol consumption (age 15+),Vanuatu,TOTAL,,,
EE6F72ASA_0000001688,SA_0000001688,EE6F72A,SA_0000001688,2003,YEAR,554,COUNTRY,PUBLISHED,Alcohol consumption (age 15+),New Zealand,TOTAL,,,
EE6F72ASA_0000001688,SA_0000001688,EE6F72A,SA_0000001688,2003,YEAR,558,COUNTRY,PUBLISHED,Alcohol consumption (age 15+),Nicaragua,TOTAL,,,
EE6F72ASA_0000001688,SA_0000001688,EE6F72A,SA_0000001688,2003,YEAR,515,CLASSIFICATION,PUBLISHED,Alcohol consumption (age 15+),Developing regions,TOTAL,,,
EE6F72ASA_0000001688,SA_0000001688,EE6F72A,SA_0000001688,2003,YEAR,516,COUNTRY,PUBLISHED,Alcohol consumption (age 15+),Namibia,TOTAL,,,
EE6F72ASA_0000001688,SA_0000001688,EE6F72A,SA_0000001688,2003,YEAR,520,COUNTRY,PUBLISHED,Alcohol consumption (age 15+),Nauru,TOTAL,,,
EE6F72ASA_0000001688,SA_0000001688,EE6F72A,SA_0000001688,2003,YEAR,512,COUNTRY,PUBLISHED,Alcohol consumption (age 15+),Oman,TOTAL,,,
EE6F72ASA_0000001688,SA_0000001688,EE6F72A,SA_0000001688,2003,YEAR,513,REGION,PUBLISHED,Alcohol consumption (age 15+),Europe and Northern America,TOTAL,,,
EE6F72ASA_0000001688,SA_0000001688,EE6F72A,SA_0000001688,2003,YEAR,524,COUNTRY,PUBLISHED,Alcohol consumption (age 15+),Nepal,TOTAL,,,
EE6F72ASA_0000001688,SA_0000001688,EE6F72A,SA_0000001688,2003,YEAR,528,COUNTRY,PUBLISHED,Alcohol consumption (age 15+),Netherlands (Kingdom of the),TOTAL,,,
EE6F72ASA_0000001688,SA_0000001688,EE6F72A,SA_0000001688,2003,YEAR,562,COUNTRY,PUBLISHED,Alcohol consumption (age 15+),Niger,TOTAL,,,
EE6F72ASA_0000001688,SA_0000001688,EE6F72A,SA_0000001688,2008,YEAR,860,COUNTRY,PUBLISHED,Alcohol consumption (age 15+),Uzbekistan,TOTAL,,,
EE6F72ASA_0000001688,SA_0000001688,EE6F72A,SA_0000001688,2008,YEAR,862,COUNTRY,PUBLISHED,Alcohol consumption (age 15+),Venezuela (Bolivarian Republic of),TOTAL,,,
EE6F72ASA_0000001688,SA_0000001688,EE6F72A,SA_0000001688,2008,YEAR,882,COUNTRY,PUBLISHED,Alcohol consumption (age 15+),Samoa,TOTAL,,,
EE6F72ASA_0000001688,SA_0000001688,EE6F72A,SA_0000001688,2008,YEAR,887,COUNTRY,PUBLISHED,Alcohol consumption (age 15+),Yemen,TOTAL,,,
EE6F72ASA_0000001688,SA_0000001688,EE6F72A,SA_0000001688,2008,YEAR,807,COUNTRY,PUBLISHED,Alcohol consumption (age 15+),North Macedonia,TOTAL,,,
EE6F72ASA_0000001688,SA_0000001688,EE6F72A,SA_0000001688,2008,YEAR,818,COUNTRY,PUBLISHED,Alcohol consumption (age 15+),Egypt,TOTAL,,,
EE6F72ASA_0000001688,SA_0000001688,EE6F72A,SA_0000001688,2008,YEAR,826,COUNTRY,PUBLISHED,Alcohol consumption (age 15+),United Kingdom of Great Britain and Northern Ireland,TOTAL,,,
EE6F72ASA_0000001688,SA_0000001688,EE6F72A,SA_0000001688,2008,YEAR,834,COUNTRY,PUBLISHED,Alcohol consumption (age 15+),United Republic of Tanzania,TOTAL,,,
EE6F72ASA_0000001688,SA_0000001688,EE6F72A,SA_0000001688,2008,YEAR,840,COUNTRY,PUBLISHED,Alcohol consumption (age 15+),United States of America,TOTAL,,,
EE6F72ASA_0000001688,SA_0000001688,EE6F72A,SA_0000001688,2008,YEAR,854,COUNTRY,PUBLISHED,Alcohol consumption (age 15+),Burkina Faso,TOTAL,,,
EE6F72ASA_0000001688,SA_0000001688,EE6F72A,SA_0000001688,2008,YEAR,858,COUNTRY,PUBLISHED,Alcohol consumption (age 15+),Uruguay,TOTAL,,,
EE6F72ASA_0000001688,SA_0000001688,EE6F72A,SA_0000001688,2008,YEAR,894,COUNTRY,PUBLISHED,Alcohol consumption (age 15+),Zambia,TOTAL,,,
EE6F72ASA_0000001688,SA_0000001688,EE6F72A,SA_0000001688,2009,YEAR,002,REGION,PUBLISHED,Alcohol consumption (age 15+),Africa,TOTAL,,,
EE6F72ASA_0000001688,SA_0000001688,EE6F72A,SA_0000001688,2009,YEAR,004,COUNTRY,PUBLISHED,Alcohol consumption (age 15+),Afghanistan,TOTAL,,,
EE6F72ASA_0000001688,SA_0000001688,EE6F72A,SA_0000001688,2009,YEAR,005,REGION,PUBLISHED,Alcohol consumption (age 15+),South America,TOTAL,,,
EE6F72ASA_0000001688,SA_0000001688,EE6F72A,SA_0000001688,2009,YEAR,008,COUNTRY,PUBLISHED,Alcohol consumption (age 15+),Albania,TOTAL,,,
EE6F72ASA_0000001688,SA_0000001688,EE6F72A,SA_0000001688,2008,YEAR,953,WHOREGION,PUBLISHED,Alcohol consumption (age 15+),Africa,TOTAL,,,
EE6F72ASA_0000001688,SA_0000001688,EE6F72A,SA_0000001688,2008,YEAR,954,WHOREGION,PUBLISHED,Alcohol consumption (age 15+),Americas,TOTAL,,,
EE6F72ASA_0000001688,SA_0000001688,EE6F72A,SA_0000001688,2008,YEAR,955,WHOREGION,PUBLISHED,Alcohol consumption (age 15+),South-East Asia,TOTAL,,,
EE6F72ASA_0000001688,SA_0000001688,EE6F72A,SA_0000001688,2008,YEAR,956,WHOREGION,PUBLISHED,Alcohol consumption (age 15+),Europe,TOTAL,,,
EE6F72ASA_0000001688,SA_0000001688,EE6F72A,SA_0000001688,2008,YEAR,957,WHOREGION,PUBLISHED,Alcohol consumption (age 15+),Eastern Mediterranean,TOTAL,,,
EE6F72ASA_0000001688,SA_0000001688,EE6F72A,SA_0000001688,2008,YEAR,958,WHOREGION,PUBLISHED,Alcohol consumption (age 15+),Western Pacific,TOTAL,,,
EE6F72ASA_0000001688,SA_0000001688,EE6F72A,SA_0000001688,2009,YEAR,001,GLOBAL,PUBLISHED,Alcohol consumption (age 15+),World,TOTAL,,,
EE6F72ASA_0000001688,SA_0000001688,EE6F72A,SA_0000001688,2009,YEAR,009,REGION,PUBLISHED,Alcohol consumption (age 15+),Oceania,TOTAL,,,
EE6F72ASA_0000001688,SA_0000001688,EE6F72A,SA_0000001688,2009,YEAR,011,REGION,PUBLISHED,Alcohol consumption (age 15+),Western Africa,TOTAL,,,
EE6F72ASA_0000001688,SA_0000001688,EE6F72A,SA_0000001688,2009,YEAR,012,COUNTRY,PUBLISHED,Alcohol consumption (age 15+),Algeria,TOTAL,,,
EE6F72ASA_0000001688,SA_0000001688,EE6F72A,SA_0000001688,2009,YEAR,013,REGION,PUBLISHED,Alcohol consumption (age 15+),Central America,TOTAL,,,
EE6F72ASA_0000001688,SA_0000001688,EE6F72A,SA_0000001688,2009,YEAR,014,REGION,PUBLISHED,Alcohol consumption (age 15+),Eastern Africa,TOTAL,,,
EE6F72ASA_0000001688,SA_0000001688,EE6F72A,SA_0000001688,2009,YEAR,015,REGION,PUBLISHED,Alcohol consumption (age 15+),Northern Africa,TOTAL,,,
EE6F72ASA_0000001688,SA_0000001688,EE6F72A,SA_0000001688,2009,YEAR,019,REGION,PUBLISHED,Alcohol consumption (age 15+),Americas,TOTAL,,,
EE6F72ASA_0000001688,SA_0000001688,EE6F72A,SA_0000001688,2009,YEAR,020,COUNTRY,PUBLISHED,Alcohol consumption (age 15+),Andorra,TOTAL,,,
EE6F72ASA_0000001688,SA_0000001688,EE6F72A,SA_0000001688,2009,YEAR,021,REGION,PUBLISHED,Alcohol consumption (age 15+),Northern America,TOTAL,,,
EE6F72ASA_0000001688,SA_0000001688,EE6F72A,SA_0000001688,2009,YEAR,024,COUNTRY,PUBLISHED,Alcohol consumption (age 15+),Angola,TOTAL,,,
EE6F72ASA_0000001688,SA_0000001688,EE6F72A,SA_0000001688,2009,YEAR,017,REGION,PUBLISHED,Alcohol consumption (age 15+),Middle Africa,TOTAL,,,
EE6F72ASA_0000001688,SA_0000001688,EE6F72A,SA_0000001688,2009,YEAR,018,REGION,PUBLISHED,Alcohol consumption (age 15+),Southern Africa,TOTAL,,,
EE6F72ASA_0000001688,SA_0000001688,EE6F72A,SA_0000001688,2009,YEAR,030,REGION,PUBLISHED,Alcohol consumption (age 15+),Eastern Asia,TOTAL,,,
EE6F72ASA_0000001688,SA_0000001688,EE6F72A,SA_0000001688,2009,YEAR,031,COUNTRY,PUBLISHED,Alcohol consumption (age 15+),Azerbaijan,TOTAL,,,
EE6F72ASA_0000001688,SA_0000001688,EE6F72A,SA_0000001688,2009,YEAR,040,COUNTRY,PUBLISHED,Alcohol consumption (age 15+),Austria,TOTAL,,,
EE6F72ASA_0000001688,SA_0000001688,EE6F72A,SA_0000001688,2009,YEAR,044,COUNTRY,PUBLISHED,Alcohol consumption (age 15+),Bahamas,TOTAL,,,
EE6F72ASA_0000001688,SA_0000001688,EE6F72A,SA_0000001688,2009,YEAR,048,COUNTRY,PUBLISHED,Alcohol consumption (age 15+),Bahrain,TOTAL,,,
EE6F72ASA_0000001688,SA_0000001688,EE6F72A,SA_0000001688,2009,YEAR,032,COUNTRY,PUBLISHED,Alcohol consumption (age 15+),Argentina,TOTAL,,,
EE6F72ASA_0000001688,SA_0000001688,EE6F72A,SA_0000001688,2009,YEAR,034,REGION,PUBLISHED,Alcohol consumption (age 15+),Southern Asia,TOTAL,,,
EE6F72ASA_0000001688,SA_0000001688,EE6F72A,SA_0000001688,2009,YEAR,028,COUNTRY,PUBLISHED,Alcohol consumption (age 15+),Antigua and Barbuda,TOTAL,,,
EE6F72ASA_0000001688,SA_0000001688,EE6F72A,SA_0000001688,2009,YEAR,029,REGION,PUBLISHED,Alcohol consumption (age 15+),Caribbean,TOTAL,,,
EE6F72ASA_0000001688,SA_0000001688,EE6F72A,SA_0000001688,2009,YEAR,039,REGION,PUBLISHED,Alcohol consumption (age 15+),Southern Europe,TOTAL,,,
EE6F72ASA_0000001688,SA_0000001688,EE6F72A,SA_0000001688,2009,YEAR,035,REGION,PUBLISHED,Alcohol consumption (age 15+),South-eastern Asia,TOTAL,,,
EE6F72ASA_0000001688,SA_0000001688,EE6F72A,SA_0000001688,2009,YEAR,036,COUNTRY,PUBLISHED,Alcohol consumption (age 15+),Australia,TOTAL,,,
EE6F72ASA_0000001688,SA_0000001688,EE6F72A,SA_0000001688,2009,YEAR,056,COUNTRY,PUBLISHED,Alcohol consumption (age 15+),Belgium,TOTAL,,,
EE6F72ASA_0000001688,SA_0000001688,EE6F72A,SA_0000001688,2009,YEAR,050,COUNTRY,PUBLISHED,Alcohol consumption (age 15+),Bangladesh,TOTAL,,,
EE6F72ASA_0000001688,SA_0000001688,EE6F72A,SA_0000001688,2009,YEAR,051,COUNTRY,PUBLISHED,Alcohol consumption (age 15+),Armenia,TOTAL,,,
EE6F72ASA_0000001688,SA_0000001688,EE6F72A,SA_0000001688,2009,YEAR,052,COUNTRY,PUBLISHED,Alcohol consumption (age 15+),Barbados,TOTAL,,,
EE6F72ASA_0000001688,SA_0000001688,EE6F72A,SA_0000001688,2009,YEAR,053,REGION,PUBLISHED,Alcohol consumption (age 15+),Australia and New Zealand,TOTAL,,,
EE6F72ASA_0000001688,SA_0000001688,EE6F72A,SA_0000001688,2009,YEAR,054,REGION,PUBLISHED,Alcohol consumption (age 15+),Melanesia,TOTAL,,,
EE6F72ASA_0000001688,SA_0000001688,EE6F72A,SA_0000001688,2009,YEAR,062,REGION,PUBLISHED,Alcohol consumption (age 15+),Central and Southern Asia,TOTAL,,,
EE6F72ASA_0000001688,SA_0000001688,EE6F72A,SA_0000001688,2009,YEAR,064,COUNTRY,PUBLISHED,Alcohol consumption (age 15+),Bhutan,TOTAL,,,
EE6F72ASA_0000001688,SA_0000001688,EE6F72A,SA_0000001688,2009,YEAR,068,COUNTRY,PUBLISHED,Alcohol consumption (age 15+),Bolivia (Plurinational State of),TOTAL,,,
EE6F72ASA_0000001688,SA_0000001688,EE6F72A,SA_0000001688,2009,YEAR,070,COUNTRY,PUBLISHED,Alcohol consumption (age 15+),Bosnia and Herzegovina,TOTAL,,,
EE6F72ASA_0000001688,SA_0000001688,EE6F72A,SA_0000001688,2009,YEAR,057,REGION,PUBLISHED,Alcohol consumption (age 15+),Micronesia,TOTAL,,,
EE6F72ASA_0000001688,SA_0000001688,EE6F72A,SA_0000001688,2009,YEAR,061,REGION,PUBLISHED,Alcohol consumption (age 15+),Polynesia,TOTAL,,,
EE6F72ASA_0000001688,SA_0000001688,EE6F72A,SA_0000001688,2009,YEAR,084,COUNTRY,PUBLISHED,Alcohol consumption (age 15+),Belize,TOTAL,,,
EE6F72ASA_0000001688,SA_0000001688,EE6F72A,SA_0000001688,2009,YEAR,090,COUNTRY,PUBLISHED,Alcohol consumption (age 15+),Solomon Islands,TOTAL,,,
EE6F72ASA_0000001688,SA_0000001688,EE6F72A,SA_0000001688,2009,YEAR,116,COUNTRY,PUBLISHED,Alcohol consumption (age 15+),Cambodia,TOTAL,,,
EE6F72ASA_0000001688,SA_0000001688,EE6F72A,SA_0000001688,2009,YEAR,120,COUNTRY,PUBLISHED,Alcohol consumption (age 15+),Cameroon,TOTAL,,,
EE6F72ASA_0000001688,SA_0000001688,EE6F72A,SA_0000001688,2009,YEAR,124,COUNTRY,PUBLISHED,Alcohol consumption (age 15+),Canada,TOTAL,,,
EE6F72ASA_0000001688,SA_0000001688,EE6F72A,SA_0000001688,2009,YEAR,096,COUNTRY,PUBLISHED,Alcohol consumption (age 15+),Brunei Darussalam,TOTAL,,,
EE6F72ASA_0000001688,SA_0000001688,EE6F72A,SA_0000001688,2009,YEAR,100,COUNTRY,PUBLISHED,Alcohol consumption (age 15+),Bulgaria,TOTAL,,,
EE6F72ASA_0000001688,SA_0000001688,EE6F72A,SA_0000001688,2009,YEAR,072,COUNTRY,PUBLISHED,Alcohol consumption (age 15+),Botswana,TOTAL,,,
EE6F72ASA_0000001688,SA_0000001688,EE6F72A,SA_0000001688,2009,YEAR,076,COUNTRY,PUBLISHED,Alcohol consumption (age 15+),Brazil,TOTAL,,,
EE6F72ASA_0000001688,SA_0000001688,EE6F72A,SA_0000001688,2009,YEAR,112,COUNTRY,PUBLISHED,Alcohol consumption (age 15+),Belarus,TOTAL,,,
EE6F72ASA_0000001688,SA_0000001688,EE6F72A,SA_0000001688,2009,YEAR,104,COUNTRY,PUBLISHED,Alcohol consumption (age 15+),Myanmar,TOTAL,,,
EE6F72ASA_0000001688,SA_0000001688,EE6F72A,SA_0000001688,2009,YEAR,108,COUNTRY,PUBLISHED,Alcohol consumption (age 15+),Burundi,TOTAL,,,
EE6F72ASA_0000001688,SA_0000001688,EE6F72A,SA_0000001688,2009,YEAR,145,REGION,PUBLISHED,Alcohol consumption (age 15+),Western Asia,TOTAL,,,
EE6F72ASA_0000001688,SA_0000001688,EE6F72A,SA_0000001688,2009,YEAR,132,COUNTRY,PUBLISHED,Alcohol consumption (age 15+),Cabo Verde,TOTAL,,,
EE6F72ASA_0000001688,SA_0000001688,EE6F72A,SA_0000001688,2009,YEAR,140,COUNTRY,PUBLISHED,Alcohol consumption (age 15+),Central African Republic,TOTAL,,,
EE6F72ASA_0000001688,SA_0000001688,EE6F72A,SA_0000001688,2009,YEAR,142,REGION,PUBLISHED,Alcohol consumption (age 15+),Asia,TOTAL,,,
EE6F72ASA_0000001688,SA_0000001688,EE6F72A,SA_0000001688,2009,YEAR,143,REGION,PUBLISHED,Alcohol consumption (age 15+),Central Asia,TOTAL,,,
EE6F72ASA_0000001688,SA_0000001688,EE6F72A,SA_0000001688,2009,YEAR,144,COUNTRY,PUBLISHED,Alcohol consumption (age 15+),Sri Lanka,TOTAL,,,
EE6F72ASA_0000001688,SA_0000001688,EE6F72A,SA_0000001688,2009,YEAR,151,REGION,PUBLISHED,Alcohol consumption (age 15+),Eastern Europe,TOTAL,,,
EE6F72ASA_0000001688,SA_0000001688,EE6F72A,SA_0000001688,2009,YEAR,152,COUNTRY,PUBLISHED,Alcohol consumption (age 15+),Chile,TOTAL,,,
EE6F72ASA_0000001688,SA_0000001688,EE6F72A,SA_0000001688,2009,YEAR,154,REGION,PUBLISHED,Alcohol consumption (age 15+),Northern Europe,TOTAL,,,
EE6F72ASA_0000001688,SA_0000001688,EE6F72A,SA_0000001688,2009,YEAR,155,REGION,PUBLISHED,Alcohol consumption (age 15+),Western Europe,TOTAL,,,
EE6F72ASA_0000001688,SA_0000001688,EE6F72A,SA_0000001688,2009,YEAR,148,COUNTRY,PUBLISHED,Alcohol consumption (age 15+),Chad,TOTAL,,,
EE6F72ASA_0000001688,SA_0000001688,EE6F72A,SA_0000001688,2009,YEAR,150,REGION,PUBLISHED,Alcohol consumption (age 15+),Europe,TOTAL,,,
EE6F72ASA_0000001688,SA_0000001688,EE6F72A,SA_0000001688,2009,YEAR,174,COUNTRY,PUBLISHED,Alcohol consumption (age 15+),Comoros,TOTAL,,,
EE6F72ASA_0000001688,SA_0000001688,EE6F72A,SA_0000001688,2014,YEAR,434,COUNTRY,PUBLISHED,Alcohol consumption (age 15+),Libya,TOTAL,,,
EE6F72ASA_0000001688,SA_0000001688,EE6F72A,SA_0000001688,2014,YEAR,440,COUNTRY,PUBLISHED,Alcohol consumption (age 15+),Lithuania,TOTAL,,,
EE6F72ASA_0000001688,SA_0000001688,EE6F72A,SA_0000001688,2014,YEAR,442,COUNTRY,PUBLISHED,Alcohol consumption (age 15+),Luxembourg,TOTAL,,,
EE6F72ASA_0000001688,SA_0000001688,EE6F72A,SA_0000001688,2014,YEAR,450,COUNTRY,PUBLISHED,Alcohol consumption (age 15+),Madagascar,TOTAL,,,
EE6F72ASA_0000001688,SA_0000001688,EE6F72A,SA_0000001688,2009,YEAR,178,COUNTRY,PUBLISHED,Alcohol consumption (age 15+),Congo,TOTAL,,,
EE6F72ASA_0000001688,SA_0000001688,EE6F72A,SA_0000001688,2009,YEAR,180,COUNTRY,PUBLISHED,Alcohol consumption (age 15+),Democratic Republic of the Congo,TOTAL,,,
EE6F72ASA_0000001688,SA_0000001688,EE6F72A,SA_0000001688,2014,YEAR,428,COUNTRY,PUBLISHED,Alcohol consumption (age 15+),Latvia,TOTAL,,,
EE6F72ASA_0000001688,SA_0000001688,EE6F72A,SA_0000001688,2009,YEAR,156,COUNTRY,PUBLISHED,Alcohol consumption (age 15+),China,TOTAL,,,
EE6F72ASA_0000001688,SA_0000001688,EE6F72A,SA_0000001688,2009,YEAR,170,COUNTRY,PUBLISHED,Alcohol consumption (age 15+),Colombia,TOTAL,,,
EE6F72ASA_0000001688,SA_0000001688,EE6F72A,SA_0000001688,2014,YEAR,430,COUNTRY,PUBLISHED,Alcohol consumption (age 15+),Liberia,TOTAL,,,
EE6F72ASA_0000001688,SA_0000001688,EE6F72A,SA_0000001688,2014,YEAR,432,CLASSIFICATION,PUBLISHED,Alcohol consumption (age 15+),Landlocked developing countries,TOTAL,,,
EE6F72ASA_0000001688,SA_0000001688,EE6F72A,SA_0000001688,2014,YEAR,454,COUNTRY,PUBLISHED,Alcohol consumption (age 15+),Malawi,TOTAL,,,
EE6F72ASA_0000001688,SA_0000001688,EE6F72A,SA_0000001688,2014,YEAR,458,COUNTRY,PUBLISHED,Alcohol consumption (age 15+),Malaysia,TOTAL,,,
EE6F72ASA_0000001688,SA_0000001688,EE6F72A,SA_0000001688,2014,YEAR,462,COUNTRY,PUBLISHED,Alcohol consumption (age 15+),Maldives,TOTAL,,,
EE6F72ASA_0000001688,SA_0000001688,EE6F72A,SA_0000001688,2014,YEAR,466,COUNTRY,PUBLISHED,Alcohol consumption (age 15+),Mali,TOTAL,,,
EE6F72ASA_0000001688,SA_0000001688,EE6F72A,SA_0000001688,2014,YEAR,470,COUNTRY,PUBLISHED,Alcohol consumption (age 15+),Malta,TOTAL,,,
EE6F72ASA_0000001688,SA_0000001688,EE6F72A,SA_0000001688,2014,YEAR,478,COUNTRY,PUBLISHED,Alcohol consumption (age 15+),Mauritania,TOTAL,,,
EE6F72ASA_0000001688,SA_0000001688,EE6F72A,SA_0000001688,2014,YEAR,496,COUNTRY,PUBLISHED,Alcohol consumption (age 15+),Mongolia,TOTAL,,,
EE6F72ASA_0000001688,SA_0000001688,EE6F72A,SA_0000001688,2014,YEAR,498,COUNTRY,PUBLISHED,Alcohol consumption (age 15+),Republic of Moldova,TOTAL,,,
EE6F72ASA_0000001688,SA_0000001688,EE6F72A,SA_0000001688,2014,YEAR,499,COUNTRY,PUBLISHED,Alcohol consumption (age 15+),Montenegro,TOTAL,,,
EE6F72ASA_0000001688,SA_0000001688,EE6F72A,SA_0000001688,2014,YEAR,504,COUNTRY,PUBLISHED,Alcohol consumption (age 15+),Morocco,TOTAL,,,
EE6F72ASA_0000001688,SA_0000001688,EE6F72A,SA_0000001688,2014,YEAR,480,COUNTRY,PUBLISHED,Alcohol consumption (age 15+),Mauritius,TOTAL,,,
EE6F72ASA_0000001688,SA_0000001688,EE6F72A,SA_0000001688,2014,YEAR,484,COUNTRY,PUBLISHED,Alcohol consumption (age 15+),Mexico,TOTAL,,,
EE6F72ASA_0000001688,SA_0000001688,EE6F72A,SA_0000001688,2014,YEAR,513,REGION,PUBLISHED,Alcohol consumption (age 15+),Europe and Northern America,TOTAL,,,
EE6F72ASA_0000001688,SA_0000001688,EE6F72A,SA_0000001688,2014,YEAR,528,COUNTRY,PUBLISHED,Alcohol consumption (age 15+),Netherlands (Kingdom of the),TOTAL,,,
EE6F72ASA_0000001688,SA_0000001688,EE6F72A,SA_0000001688,2014,YEAR,543,REGION,PUBLISHED,Alcohol consumption (age 15+),Oceania (exc. Australia and New Zealand),TOTAL,,,
EE6F72ASA_0000001688,SA_0000001688,EE6F72A,SA_0000001688,2014,YEAR,548,COUNTRY,PUBLISHED,Alcohol consumption (age 15+),Vanuatu,TOTAL,,,
EE6F72ASA_0000001688,SA_0000001688,EE6F72A,SA_0000001688,2014,YEAR,554,COUNTRY,PUBLISHED,Alcohol consumption (age 15+),New Zealand,TOTAL,,,
EE6F72ASA_0000001688,SA_0000001688,EE6F72A,SA_0000001688,2014,YEAR,514,CLASSIFICATION,PUBLISHED,Alcohol consumption (age 15+),"Developed regions (Europe, Cyprus, Israel, Northern America, Japan, Australia & New Zealand)",TOTAL,,,
EE6F72ASA_0000001688,SA_0000001688,EE6F72A,SA_0000001688,2014,YEAR,515,CLASSIFICATION,PUBLISHED,Alcohol consumption (age 15+),Developing regions,TOTAL,,,
EE6F72ASA_0000001688,SA_0000001688,EE6F72A,SA_0000001688,2014,YEAR,516,COUNTRY,PUBLISHED,Alcohol consumption (age 15+),Namibia,TOTAL,,,
EE6F72ASA_0000001688,SA_0000001688,EE6F72A,SA_0000001688,2014,YEAR,508,COUNTRY,PUBLISHED,Alcohol consumption (age 15+),Mozambique,TOTAL,,,
EE6F72ASA_0000001688,SA_0000001688,EE6F72A,SA_0000001688,2014,YEAR,512,COUNTRY,PUBLISHED,Alcohol consumption (age 15+),Oman,TOTAL,,,
EE6F72ASA_0000001688,SA_0000001688,EE6F72A,SA_0000001688,2014,YEAR,520,COUNTRY,PUBLISHED,Alcohol consumption (age 15+),Nauru,TOTAL,,,
EE6F72ASA_0000001688,SA_0000001688,EE6F72A,SA_0000001688,2014,YEAR,524,COUNTRY,PUBLISHED,Alcohol consumption (age 15+),Nepal,TOTAL,,,
EE6F72ASA_0000001688,SA_0000001688,EE6F72A,SA_0000001688,2014,YEAR,558,COUNTRY,PUBLISHED,Alcohol consumption (age 15+),Nicaragua,TOTAL,,,
EE6F72ASA_0000001688,SA_0000001688,EE6F72A,SA_0000001688,2014,YEAR,562,COUNTRY,PUBLISHED,Alcohol consumption (age 15+),Niger,TOTAL,,,
EE6F72ASA_0000001688,SA_0000001688,EE6F72A,SA_0000001688,2014,YEAR,566,COUNTRY,PUBLISHED,Alcohol consumption (age 15+),Nigeria,TOTAL,,,
EE6F72ASA_0000001688,SA_0000001688,EE6F72A,SA_0000001688,2014,YEAR,570,COUNTRY,PUBLISHED,Alcohol consumption (age 15+),Niue,TOTAL,,,
EE6F72ASA_0000001688,SA_0000001688,EE6F72A,SA_0000001688,2014,YEAR,578,COUNTRY,PUBLISHED,Alcohol consumption (age 15+),Norway,TOTAL,,,
EE6F72ASA_0000001688,SA_0000001688,EE6F72A,SA_0000001688,2014,YEAR,583,COUNTRY,PUBLISHED,Alcohol consumption (age 15+),Micronesia (Federated States of),TOTAL,,,
EE6F72ASA_0000001688,SA_0000001688,EE6F72A,SA_0000001688,2014,YEAR,598,COUNTRY,PUBLISHED,Alcohol consumption (age 15+),Papua New Guinea,TOTAL,,,
EE6F72ASA_0000001688,SA_0000001688,EE6F72A,SA_0000001688,2014,YEAR,600,COUNTRY,PUBLISHED,Alcohol consumption (age 15+),Paraguay,TOTAL,,,
EE6F72ASA_0000001688,SA_0000001688,EE6F72A,SA_0000001688,2014,YEAR,604,COUNTRY,PUBLISHED,Alcohol consumption (age 15+),Peru,TOTAL,,,
EE6F72ASA_0000001688,SA_0000001688,EE6F72A,SA_0000001688,2014,YEAR,608,COUNTRY,PUBLISHED,Alcohol consumption (age 15+),Philippines,TOTAL,,,
EE6F72ASA_0000001688,SA_0000001688,EE6F72A,SA_0000001688,2014,YEAR,586,COUNTRY,PUBLISHED,Alcohol consumption (age 15+),Pakistan,TOTAL,,,
EE6F72ASA_0000001688,SA_0000001688,EE6F72A,SA_0000001688,2014,YEAR,591,COUNTRY,PUBLISHED,Alcohol consumption (age 15+),Panama,TOTAL,,,
EE6F72ASA_0000001688,SA_0000001688,EE6F72A,SA_0000001688,2014,YEAR,624,COUNTRY,PUBLISHED,Alcohol consumption (age 15+),Guinea-Bissau,TOTAL,,,
EE6F72ASA_0000001688,SA_0000001688,EE6F72A,SA_0000001688,2014,YEAR,626,COUNTRY,PUBLISHED,Alcohol consumption (age 15+),Timor-Leste,TOTAL,,,
EE6F72ASA_0000001688,SA_0000001688,EE6F72A,SA_0000001688,2014,YEAR,634,COUNTRY,PUBLISHED,Alcohol consumption (age 15+),Qatar,TOTAL,,,
EE6F72ASA_0000001688,SA_0000001688,EE6F72A,SA_0000001688,2014,YEAR,642,COUNTRY,PUBLISHED,Alcohol consumption (age 15+),Romania,TOTAL,,,
EE6F72ASA_0000001688,SA_0000001688,EE6F72A,SA_0000001688,2014,YEAR,616,COUNTRY,PUBLISHED,Alcohol consumption (age 15+),Poland,TOTAL,,,
EE6F72ASA_0000001688,SA_0000001688,EE6F72A,SA_0000001688,2014,YEAR,620,COUNTRY,PUBLISHED,Alcohol consumption (age 15+),Portugal,TOTAL,,,
EE6F72ASA_0000001688,SA_0000001688,EE6F72A,SA_0000001688,2014,YEAR,659,COUNTRY,PUBLISHED,Alcohol consumption (age 15+),Saint Kitts and Nevis,TOTAL,,,
EE6F72ASA_0000001688,SA_0000001688,EE6F72A,SA_0000001688,2014,YEAR,662,COUNTRY,PUBLISHED,Alcohol consumption (age 15+),Saint Lucia,TOTAL,,,
EE6F72ASA_0000001688,SA_0000001688,EE6F72A,SA_0000001688,2014,YEAR,670,COUNTRY,PUBLISHED,Alcohol consumption (age 15+),Saint Vincent and the Grenadines,TOTAL,,,
EE6F72ASA_0000001688,SA_0000001688,EE6F72A,SA_0000001688,2014,YEAR,678,COUNTRY,PUBLISHED,Alcohol consumption (age 15+),Sao Tome and Principe,TOTAL,,,
EE6F72ASA_0000001688,SA_0000001688,EE6F72A,SA_0000001688,2014,YEAR,643,COUNTRY,PUBLISHED,Alcohol consumption (age 15+),Russian Federation,TOTAL,,,
EE6F72ASA_0000001688,SA_0000001688,EE6F72A,SA_0000001688,2014,YEAR,646,COUNTRY,PUBLISHED,Alcohol consumption (age 15+),Rwanda,TOTAL,,,
EE6F72ASA_0000001688,SA_0000001688,EE6F72A,SA_0000001688,2014,YEAR,690,COUNTRY,PUBLISHED,Alcohol consumption (age 15+),Seychelles,TOTAL,,,
EE6F72ASA_0000001688,SA_0000001688,EE6F72A,SA_0000001688,2014,YEAR,694,COUNTRY,PUBLISHED,Alcohol consumption (age 15+),Sierra Leone,TOTAL,,,
EE6F72ASA_0000001688,SA_0000001688,EE6F72A,SA_0000001688,2014,YEAR,702,COUNTRY,PUBLISHED,Alcohol consumption (age 15+),Singapore,TOTAL,,,
EE6F72ASA_0000001688,SA_0000001688,EE6F72A,SA_0000001688,2014,YEAR,703,COUNTRY,PUBLISHED,Alcohol consumption (age 15+),Slovakia,TOTAL,,,
EE6F72ASA_0000001688,SA_0000001688,EE6F72A,SA_0000001688,2014,YEAR,686,COUNTRY,PUBLISHED,Alcohol consumption (age 15+),Senegal,TOTAL,,,
EE6F72ASA_0000001688,SA_0000001688,EE6F72A,SA_0000001688,2014,YEAR,688,COUNTRY,PUBLISHED,Alcohol consumption (age 15+),Serbia,TOTAL,,,
EE6F72ASA_0000001688,SA_0000001688,EE6F72A,SA_0000001688,2014,YEAR,706,COUNTRY,PUBLISHED,Alcohol consumption (age 15+),Somalia,TOTAL,,,
EE6F72ASA_0000001688,SA_0000001688,EE6F72A,SA_0000001688,2014,YEAR,710,COUNTRY,PUBLISHED,Alcohol consumption (age 15+),South Africa,TOTAL,,,
EE6F72ASA_0000001688,SA_0000001688,EE6F72A,SA_0000001688,2014,YEAR,716,COUNTRY,PUBLISHED,Alcohol consumption (age 15+),Zimbabwe,TOTAL,,,
EE6F72ASA_0000001688,SA_0000001688,EE6F72A,SA_0000001688,2014,YEAR,722,CLASSIFICATION,PUBLISHED,Alcohol consumption (age 15+),Small Island Developing States,TOTAL,,,
EE6F72ASA_0000001688,SA_0000001688,EE6F72A,SA_0000001688,2014,YEAR,704,COUNTRY,PUBLISHED,Alcohol consumption (age 15+),Viet Nam,TOTAL,,,
EE6F72ASA_0000001688,SA_0000001688,EE6F72A,SA_0000001688,2014,YEAR,705,COUNTRY,PUBLISHED,Alcohol consumption (age 15+),Slovenia,TOTAL,,,
EE6F72ASA_0000001688,SA_0000001688,EE6F72A,SA_0000001688,2014,YEAR,729,COUNTRY,PUBLISHED,Alcohol consumption (age 15+),Sudan,TOTAL,,,
EE6F72ASA_0000001688,SA_0000001688,EE6F72A,SA_0000001688,2014,YEAR,740,COUNTRY,PUBLISHED,Alcohol consumption (age 15+),Suriname,TOTAL,,,
EE6F72ASA_0000001688,SA_0000001688,EE6F72A,SA_0000001688,2014,YEAR,760,COUNTRY,PUBLISHED,Alcohol consumption (age 15+),Syrian Arab Republic,TOTAL,,,
EE6F72ASA_0000001688,SA_0000001688,EE6F72A,SA_0000001688,2014,YEAR,762,COUNTRY,PUBLISHED,Alcohol consumption (age 15+),Tajikistan,TOTAL,,,
EE6F72ASA_0000001688,SA_0000001688,EE6F72A,SA_0000001688,2014,YEAR,764,COUNTRY,PUBLISHED,Alcohol consumption (age 15+),Thailand,TOTAL,,,
EE6F72ASA_0000001688,SA_0000001688,EE6F72A,SA_0000001688,2014,YEAR,747,REGION,PUBLISHED,Alcohol consumption (age 15+),Northern Africa and Western Asia,TOTAL,,,
EE6F72ASA_0000001688,SA_0000001688,EE6F72A,SA_0000001688,2014,YEAR,748,COUNTRY,PUBLISHED,Alcohol consumption (age 15+),Eswatini,TOTAL,,,
EE6F72ASA_0000001688,SA_0000001688,EE6F72A,SA_0000001688,2014,YEAR,724,COUNTRY,PUBLISHED,Alcohol consumption (age 15+),Spain,TOTAL,,,
EE6F72ASA_0000001688,SA_0000001688,EE6F72A,SA_0000001688,2014,YEAR,728,COUNTRY,PUBLISHED,Alcohol consumption (age 15+),South Sudan,TOTAL,,,
EE6F72ASA_0000001688,SA_0000001688,EE6F72A,SA_0000001688,2014,YEAR,756,COUNTRY,PUBLISHED,Alcohol consumption (age 15+),Switzerland,TOTAL,,,
EE6F72ASA_0000001688,SA_0000001688,EE6F72A,SA_0000001688,2014,YEAR,752,COUNTRY,PUBLISHED,Alcohol consumption (age 15+),Sweden,TOTAL,,,
EE6F72ASA_0000001688,SA_0000001688,EE6F72A,SA_0000001688,2014,YEAR,753,REGION,PUBLISHED,Alcohol consumption (age 15+),Eastern and South-Eastern Asia,TOTAL,,,
EE6F72ASA_0000001688,SA_0000001688,EE6F72A,SA_0000001688,2014,YEAR,788,COUNTRY,PUBLISHED,Alcohol consumption (age 15+),Tunisia,TOTAL,,,
EE6F72ASA_0000001688,SA_0000001688,EE6F72A,SA_0000001688,2014,YEAR,768,COUNTRY,PUBLISHED,Alcohol consumption (age 15+),Togo,TOTAL,,,
EE6F72ASA_0000001688,SA_0000001688,EE6F72A,SA_0000001688,2014,YEAR,776,COUNTRY,PUBLISHED,Alcohol consumption (age 15+),Tonga,TOTAL,,,
EE6F72ASA_0000001688,SA_0000001688,EE6F72A,SA_0000001688,2014,YEAR,777,REGION,PUBLISHED,Alcohol consumption (age 15+),,TOTAL,,,
EE6F72ASA_0000001688,SA_0000001688,EE6F72A,SA_0000001688,2014,YEAR,780,COUNTRY,PUBLISHED,Alcohol consumption (age 15+),Trinidad and Tobago,TOTAL,,,
EE6F72ASA_0000001688,SA_0000001688,EE6F72A,SA_0000001688,2014,YEAR,784,COUNTRY,PUBLISHED,Alcohol consumption (age 15+),United Arab Emirates,TOTAL,,,
EE6F72ASA_0000001688,SA_0000001688,EE6F72A,SA_0000001688,2014,YEAR,798,COUNTRY,PUBLISHED,Alcohol consumption (age 15+),Tuvalu,TOTAL,,,
EE6F72ASA_0000001688,SA_0000001688,EE6F72A,SA_0000001688,2020,YEAR,062,REGION,PUBLISHED,Alcohol consumption (age 15+),Central and Southern Asia,TOTAL,,,
EE6F72ASA_0000001688,SA_0000001688,EE6F72A,SA_0000001688,2020,YEAR,064,COUNTRY,PUBLISHED,Alcohol consumption (age 15+),Bhutan,TOTAL,,,
EE6F72ASA_0000001688,SA_0000001688,EE6F72A,SA_0000001688,2020,YEAR,068,COUNTRY,PUBLISHED,Alcohol consumption (age 15+),Bolivia (Plurinational State of),TOTAL,,,
EE6F72ASA_0000001688,SA_0000001688,EE6F72A,SA_0000001688,2014,YEAR,792,COUNTRY,PUBLISHED,Alcohol consumption (age 15+),Türkiye,TOTAL,,,
EE6F72ASA_0000001688,SA_0000001688,EE6F72A,SA_0000001688,2014,YEAR,795,COUNTRY,PUBLISHED,Alcohol consumption (age 15+),Turkmenistan,TOTAL,,,
EE6F72ASA_0000001688,SA_0000001688,EE6F72A,SA_0000001688,2020,YEAR,076,COUNTRY,PUBLISHED,Alcohol consumption (age 15+),Brazil,TOTAL,,,
EE6F72ASA_0000001688,SA_0000001688,EE6F72A,SA_0000001688,2020,YEAR,108,COUNTRY,PUBLISHED,Alcohol consumption (age 15+),Burundi,TOTAL,,,
EE6F72ASA_0000001688,SA_0000001688,EE6F72A,SA_0000001688,2020,YEAR,112,COUNTRY,PUBLISHED,Alcohol consumption (age 15+),Belarus,TOTAL,,,
EE6F72ASA_0000001688,SA_0000001688,EE6F72A,SA_0000001688,2020,YEAR,116,COUNTRY,PUBLISHED,Alcohol consumption (age 15+),Cambodia,TOTAL,,,
EE6F72ASA_0000001688,SA_0000001688,EE6F72A,SA_0000001688,2020,YEAR,120,COUNTRY,PUBLISHED,Alcohol consumption (age 15+),Cameroon,TOTAL,,,
EE6F72ASA_0000001688,SA_0000001688,EE6F72A,SA_0000001688,2020,YEAR,084,COUNTRY,PUBLISHED,Alcohol consumption (age 15+),Belize,TOTAL,,,
EE6F72ASA_0000001688,SA_0000001688,EE6F72A,SA_0000001688,2020,YEAR,090,COUNTRY,PUBLISHED,Alcohol consumption (age 15+),Solomon Islands,TOTAL,,,
EE6F72ASA_0000001688,SA_0000001688,EE6F72A,SA_0000001688,2020,YEAR,096,COUNTRY,PUBLISHED,Alcohol consumption (age 15+),Brunei Darussalam,TOTAL,,,
EE6F72ASA_0000001688,SA_0000001688,EE6F72A,SA_0000001688,2020,YEAR,070,COUNTRY,PUBLISHED,Alcohol consumption (age 15+),Bosnia and Herzegovina,TOTAL,,,
EE6F72ASA_0000001688,SA_0000001688,EE6F72A,SA_0000001688,2020,YEAR,072,COUNTRY,PUBLISHED,Alcohol consumption (age 15+),Botswana,TOTAL,,,
EE6F72ASA_0000001688,SA_0000001688,EE6F72A,SA_0000001688,2020,YEAR,100,COUNTRY,PUBLISHED,Alcohol consumption (age 15+),Bulgaria,TOTAL,,,
EE6F72ASA_0000001688,SA_0000001688,EE6F72A,SA_0000001688,2020,YEAR,104,COUNTRY,PUBLISHED,Alcohol consumption (age 15+),Myanmar,TOTAL,,,
EE6F72ASA_0000001688,SA_0000001688,EE6F72A,SA_0000001688,2020,YEAR,124,COUNTRY,PUBLISHED,Alcohol consumption (age 15+),Canada,TOTAL,,,
EE6F72ASA_0000001688,SA_0000001688,EE6F72A,SA_0000001688,2020,YEAR,132,COUNTRY,PUBLISHED,Alcohol consumption (age 15+),Cabo Verde,TOTAL,,,
EE6F72ASA_0000001688,SA_0000001688,EE6F72A,SA_0000001688,2020,YEAR,140,COUNTRY,PUBLISHED,Alcohol consumption (age 15+),Central African Republic,TOTAL,,,
EE6F72ASA_0000001688,SA_0000001688,EE6F72A,SA_0000001688,2020,YEAR,142,REGION,PUBLISHED,Alcohol consumption (age 15+),Asia,TOTAL,,,
EE6F72ASA_0000001688,SA_0000001688,EE6F72A,SA_0000001688,2020,YEAR,143,REGION,PUBLISHED,Alcohol consumption (age 15+),Central Asia,TOTAL,,,
EE6F72ASA_0000001688,SA_0000001688,EE6F72A,SA_0000001688,2020,YEAR,144,COUNTRY,PUBLISHED,Alcohol consumption (age 15+),Sri Lanka,TOTAL,,,
EE6F72ASA_0000001688,SA_0000001688,EE6F72A,SA_0000001688,2020,YEAR,150,REGION,PUBLISHED,Alcohol consumption (age 15+),Europe,TOTAL,,,
EE6F72ASA_0000001688,SA_0000001688,EE6F72A,SA_0000001688,2020,YEAR,151,REGION,PUBLISHED,Alcohol consumption (age 15+),Eastern Europe,TOTAL,,,
EE6F72ASA_0000001688,SA_0000001688,EE6F72A,SA_0000001688,2020,YEAR,152,COUNTRY,PUBLISHED,Alcohol consumption (age 15+),Chile,TOTAL,,,
EE6F72ASA_0000001688,SA_0000001688,EE6F72A,SA_0000001688,2020,YEAR,154,REGION,PUBLISHED,Alcohol consumption (age 15+),Northern Europe,TOTAL,,,
EE6F72ASA_0000001688,SA_0000001688,EE6F72A,SA_0000001688,2020,YEAR,145,REGION,PUBLISHED,Alcohol consumption (age 15+),Western Asia,TOTAL,,,
EE6F72ASA_0000001688,SA_0000001688,EE6F72A,SA_0000001688,2020,YEAR,148,COUNTRY,PUBLISHED,Alcohol consumption (age 15+),Chad,TOTAL,,,
EE6F72ASA_0000001688,SA_0000001688,EE6F72A,SA_0000001688,2020,YEAR,170,COUNTRY,PUBLISHED,Alcohol consumption (age 15+),Colombia,TOTAL,,,
EE6F72ASA_0000001688,SA_0000001688,EE6F72A,SA_0000001688,2020,YEAR,174,COUNTRY,PUBLISHED,Alcohol consumption (age 15+),Comoros,TOTAL,,,
EE6F72ASA_0000001688,SA_0000001688,EE6F72A,SA_0000001688,2020,YEAR,178,COUNTRY,PUBLISHED,Alcohol consumption (age 15+),Congo,TOTAL,,,
EE6F72ASA_0000001688,SA_0000001688,EE6F72A,SA_0000001688,2020,YEAR,180,COUNTRY,PUBLISHED,Alcohol consumption (age 15+),Democratic Republic of the Congo,TOTAL,,,
EE6F72ASA_0000001688,SA_0000001688,EE6F72A,SA_0000001688,2020,YEAR,155,REGION,PUBLISHED,Alcohol consumption (age 15+),Western Europe,TOTAL,,,
EE6F72ASA_0000001688,SA_0000001688,EE6F72A,SA_0000001688,2020,YEAR,156,COUNTRY,PUBLISHED,Alcohol consumption (age 15+),China,TOTAL,,,
EE6F72ASA_0000001688,SA_0000001688,EE6F72A,SA_0000001688,2020,YEAR,192,COUNTRY,PUBLISHED,Alcohol consumption (age 15+),Cuba,TOTAL,,,
EE6F72ASA_0000001688,SA_0000001688,EE6F72A,SA_0000001688,2020,YEAR,196,COUNTRY,PUBLISHED,Alcohol consumption (age 15+),Cyprus,TOTAL,,,
EE6F72ASA_0000001688,SA_0000001688,EE6F72A,SA_0000001688,2020,YEAR,199,CLASSIFICATION,PUBLISHED,Alcohol consumption (age 15+),Least developed countries,TOTAL,,,
EE6F72ASA_0000001688,SA_0000001688,EE6F72A,SA_0000001688,2020,YEAR,202,REGION,PUBLISHED,Alcohol consumption (age 15+),Sub-Saharan Africa,TOTAL,,,
EE6F72ASA_0000001688,SA_0000001688,EE6F72A,SA_0000001688,2020,YEAR,188,COUNTRY,PUBLISHED,Alcohol consumption (age 15+),Costa Rica,TOTAL,,,
EE6F72ASA_0000001688,SA_0000001688,EE6F72A,SA_0000001688,2020,YEAR,191,COUNTRY,PUBLISHED,Alcohol consumption (age 15+),Croatia,TOTAL,,,
EE6F72ASA_0000001688,SA_0000001688,EE6F72A,SA_0000001688,2020,YEAR,208,COUNTRY,PUBLISHED,Alcohol consumption (age 15+),Denmark,TOTAL,,,
EE6F72ASA_0000001688,SA_0000001688,EE6F72A,SA_0000001688,2020,YEAR,212,COUNTRY,PUBLISHED,Alcohol consumption (age 15+),Dominica,TOTAL,,,
EE6F72ASA_0000001688,SA_0000001688,EE6F72A,SA_0000001688,2020,YEAR,214,COUNTRY,PUBLISHED,Alcohol consumption (age 15+),Dominican Republic,TOTAL,,,
EE6F72ASA_0000001688,SA_0000001688,EE6F72A,SA_0000001688,2020,YEAR,218,COUNTRY,PUBLISHED,Alcohol consumption (age 15+),Ecuador,TOTAL,,,
EE6F72ASA_0000001688,SA_0000001688,EE6F72A,SA_0000001688,2020,YEAR,203,COUNTRY,PUBLISHED,Alcohol consumption (age 15+),Czechia,TOTAL,,,
EE6F72ASA_0000001688,SA_0000001688,EE6F72A,SA_0000001688,2020,YEAR,204,COUNTRY,PUBLISHED,Alcohol consumption (age 15+),Benin,TOTAL,,,
EE6F72ASA_0000001688,SA_0000001688,EE6F72A,SA_0000001688,2020,YEAR,231,COUNTRY,PUBLISHED,Alcohol consumption (age 15+),Ethiopia,TOTAL,,,
EE6F72ASA_0000001688,SA_0000001688,EE6F72A,SA_0000001688,2020,YEAR,232,COUNTRY,PUBLISHED,Alcohol consumption (age 15+),Eritrea,TOTAL,,,
EE6F72ASA_0000001688,SA_0000001688,EE6F72A,SA_0000001688,2020,YEAR,233,COUNTRY,PUBLISHED,Alcohol consumption (age 15+),Estonia,TOTAL,,,
EE6F72ASA_0000001688,SA_0000001688,EE6F72A,SA_0000001688,2020,YEAR,242,COUNTRY,PUBLISHED,Alcohol consumption (age 15+),Fiji,TOTAL,,,
EE6F72ASA_0000001688,SA_0000001688,EE6F72A,SA_0000001688,2020,YEAR,222,COUNTRY,PUBLISHED,Alcohol consumption (age 15+),El Salvador,TOTAL,,,
EE6F72ASA_0000001688,SA_0000001688,EE6F72A,SA_0000001688,2020,YEAR,226,COUNTRY,PUBLISHED,Alcohol consumption (age 15+),Equatorial Guinea,TOTAL,,,
EE6F72ASA_0000001688,SA_0000001688,EE6F72A,SA_0000001688,2020,YEAR,262,COUNTRY,PUBLISHED,Alcohol consumption (age 15+),Djibouti,TOTAL,,,
EE6F72ASA_0000001688,SA_0000001688,EE6F72A,SA_0000001688,2020,YEAR,296,COUNTRY,PUBLISHED,Alcohol consumption (age 15+),Kiribati,TOTAL,,,
EE6F72ASA_0000001688,SA_0000001688,EE6F72A,SA_0000001688,2020,YEAR,300,COUNTRY,PUBLISHED,Alcohol consumption (age 15+),Greece,TOTAL,,,
EE6F72ASA_0000001688,SA_0000001688,EE6F72A,SA_0000001688,2020,YEAR,308,COUNTRY,PUBLISHED,Alcohol consumption (age 15+),Grenada,TOTAL,,,
EE6F72ASA_0000001688,SA_0000001688,EE6F72A,SA_0000001688,2020,YEAR,320,COUNTRY,PUBLISHED,Alcohol consumption (age 15+),Guatemala,TOTAL,,,
EE6F72ASA_0000001688,SA_0000001688,EE6F72A,SA_0000001688,2020,YEAR,266,COUNTRY,PUBLISHED,Alcohol consumption (age 15+),Gabon,TOTAL,,,
EE6F72ASA_0000001688,SA_0000001688,EE6F72A,SA_0000001688,2020,YEAR,268,COUNTRY,PUBLISHED,Alcohol consumption (age 15+),Georgia,TOTAL,,,
EE6F72ASA_0000001688,SA_0000001688,EE6F72A,SA_0000001688,2020,YEAR,270,COUNTRY,PUBLISHED,Alcohol consumption (age 15+),Gambia,TOTAL,,,
EE6F72ASA_0000001688,SA_0000001688,EE6F72A,SA_0000001688,2020,YEAR,246,COUNTRY,PUBLISHED,Alcohol consumption (age 15+),Finland,TOTAL,,,
EE6F72ASA_0000001688,SA_0000001688,EE6F72A,SA_0000001688,2020,YEAR,250,COUNTRY,PUBLISHED,Alcohol consumption (age 15+),France,TOTAL,,,
EE6F72ASA_0000001688,SA_0000001688,EE6F72A,SA_0000001688,2020,YEAR,276,COUNTRY,PUBLISHED,Alcohol consumption (age 15+),Germany,TOTAL,,,
EE6F72ASA_0000001688,SA_0000001688,EE6F72A,SA_0000001688,2020,YEAR,288,COUNTRY,PUBLISHED,Alcohol consumption (age 15+),Ghana,TOTAL,,,
EE6F72ASA_0000001688,SA_0000001688,EE6F72A,SA_0000001688,2020,YEAR,324,COUNTRY,PUBLISHED,Alcohol consumption (age 15+),Guinea,TOTAL,,,
EE6F72ASA_0000001688,SA_0000001688,EE6F72A,SA_0000001688,2020,YEAR,328,COUNTRY,PUBLISHED,Alcohol consumption (age 15+),Guyana,TOTAL,,,
EE6F72ASA_0000001688,SA_0000001688,EE6F72A,SA_0000001688,2020,YEAR,332,COUNTRY,PUBLISHED,Alcohol consumption (age 15+),Haiti,TOTAL,,,
EE6F72ASA_0000001688,SA_0000001688,EE6F72A,SA_0000001688,2020,YEAR,340,COUNTRY,PUBLISHED,Alcohol consumption (age 15+),Honduras,TOTAL,,,
EE6F72ASA_0000001688,SA_0000001688,EE6F72A,SA_0000001688,2020,YEAR,348,COUNTRY,PUBLISHED,Alcohol consumption (age 15+),Hungary,TOTAL,,,
EE6F72ASA_0000001688,SA_0000001688,EE6F72A,SA_0000001688,2020,YEAR,352,COUNTRY,PUBLISHED,Alcohol consumption (age 15+),Iceland,TOTAL,,,
EE6F72ASA_0000001688,SA_0000001688,EE6F72A,SA_0000001688,2020,YEAR,364,COUNTRY,PUBLISHED,Alcohol consumption (age 15+),Iran (Islamic Republic of),TOTAL,,,
EE6F72ASA_0000001688,SA_0000001688,EE6F72A,SA_0000001688,2020,YEAR,368,COUNTRY,PUBLISHED,Alcohol consumption (age 15+),Iraq,TOTAL,,,
EE6F72ASA_0000001688,SA_0000001688,EE6F72A,SA_0000001688,2020,YEAR,372,COUNTRY,PUBLISHED,Alcohol consumption (age 15+),Ireland,TOTAL,,,
EE6F72ASA_0000001688,SA_0000001688,EE6F72A,SA_0000001688,2020,YEAR,376,COUNTRY,PUBLISHED,Alcohol consumption (age 15+),Israel,TOTAL,,,
EE6F72ASA_0000001688,SA_0000001688,EE6F72A,SA_0000001688,2020,YEAR,356,COUNTRY,PUBLISHED,Alcohol consumption (age 15+),India,TOTAL,,,
EE6F72ASA_0000001688,SA_0000001688,EE6F72A,SA_0000001688,2020,YEAR,360,COUNTRY,PUBLISHED,Alcohol consumption (age 15+),Indonesia,TOTAL,,,
EE6F72ASA_0000001688,SA_0000001688,EE6F72A,SA_0000001688,2020,YEAR,388,COUNTRY,PUBLISHED,Alcohol consumption (age 15+),Jamaica,TOTAL,,,
EE6F72ASA_0000001688,SA_0000001688,EE6F72A,SA_0000001688,2020,YEAR,392,COUNTRY,PUBLISHED,Alcohol consumption (age 15+),Japan,TOTAL,,,
EE6F72ASA_0000001688,SA_0000001688,EE6F72A,SA_0000001688,2020,YEAR,398,COUNTRY,PUBLISHED,Alcohol consumption (age 15+),Kazakhstan,TOTAL,,,
EE6F72ASA_0000001688,SA_0000001688,EE6F72A,SA_0000001688,2020,YEAR,400,COUNTRY,PUBLISHED,Alcohol consumption (age 15+),Jordan,TOTAL,,,
EE6F72ASA_0000001688,SA_0000001688,EE6F72A,SA_0000001688,2020,YEAR,380,COUNTRY,PUBLISHED,Alcohol consumption (age 15+),Italy,TOTAL,,,
EE6F72ASA_0000001688,SA_0000001688,EE6F72A,SA_0000001688,2020,YEAR,384,COUNTRY,PUBLISHED,Alcohol consumption (age 15+),Côte d'Ivoire,TOTAL,,,
EE6F72ASA_0000001688,SA_0000001688,EE6F72A,SA_0000001688,2020,YEAR,410,COUNTRY,PUBLISHED,Alcohol consumption (age 15+),Republic of Korea,TOTAL,,,
EE6F72ASA_0000001688,SA_0000001688,EE6F72A,SA_0000001688,2020,YEAR,414,COUNTRY,PUBLISHED,Alcohol consumption (age 15+),Kuwait,TOTAL,,,
EE6F72ASA_0000001688,SA_0000001688,EE6F72A,SA_0000001688,2020,YEAR,417,COUNTRY,PUBLISHED,Alcohol consumption (age 15+),Kyrgyzstan,TOTAL,,,
EE6F72ASA_0000001688,SA_0000001688,EE6F72A,SA_0000001688,2020,YEAR,418,COUNTRY,PUBLISHED,Alcohol consumption (age 15+),Lao People's Democratic Republic,TOTAL,,,
EE6F72ASA_0000001688,SA_0000001688,EE6F72A,SA_0000001688,2020,YEAR,404,COUNTRY,PUBLISHED,Alcohol consumption (age 15+),Kenya,TOTAL,,,
EE6F72ASA_0000001688,SA_0000001688,EE6F72A,SA_0000001688,2020,YEAR,408,COUNTRY,PUBLISHED,Alcohol consumption (age 15+),Democratic People's Republic of Korea,TOTAL,,,
EE6F72ASA_0000001688,SA_0000001688,EE6F72A,SA_0000001688,2000,YEAR,199,CLASSIFICATION,PUBLISHED,Alcohol consumption (age 15+),Least developed countries,TOTAL,,,
EE6F72ASA_0000001688,SA_0000001688,EE6F72A,SA_0000001688,2000,YEAR,202,REGION,PUBLISHED,Alcohol consumption (age 15+),Sub-Saharan Africa,TOTAL,,,
EE6F72ASA_0000001688,SA_0000001688,EE6F72A,SA_0000001688,2000,YEAR,203,COUNTRY,PUBLISHED,Alcohol consumption (age 15+),Czechia,TOTAL,,,
EE6F72ASA_0000001688,SA_0000001688,EE6F72A,SA_0000001688,2000,YEAR,204,COUNTRY,PUBLISHED,Alcohol consumption (age 15+),Benin,TOTAL,,,
EE6F72ASA_0000001688,SA_0000001688,EE6F72A,SA_0000001688,2020,YEAR,419,REGION,PUBLISHED,Alcohol consumption (age 15+),Latin America and the Caribbean,TOTAL,,,
EE6F72ASA_0000001688,SA_0000001688,EE6F72A,SA_0000001688,2000,YEAR,196,COUNTRY,PUBLISHED,Alcohol consumption (age 15+),Cyprus,TOTAL,,,
EE6F72ASA_0000001688,SA_0000001688,EE6F72A,SA_0000001688,2000,YEAR,214,COUNTRY,PUBLISHED,Alcohol consumption (age 15+),Dominican Republic,TOTAL,,,
EE6F72ASA_0000001688,SA_0000001688,EE6F72A,SA_0000001688,2000,YEAR,218,COUNTRY,PUBLISHED,Alcohol consumption (age 15+),Ecuador,TOTAL,,,
EE6F72ASA_0000001688,SA_0000001688,EE6F72A,SA_0000001688,2000,YEAR,222,COUNTRY,PUBLISHED,Alcohol consumption (age 15+),El Salvador,TOTAL,,,
EE6F72ASA_0000001688,SA_0000001688,EE6F72A,SA_0000001688,2000,YEAR,226,COUNTRY,PUBLISHED,Alcohol consumption (age 15+),Equatorial Guinea,TOTAL,,,
EE6F72ASA_0000001688,SA_0000001688,EE6F72A,SA_0000001688,2000,YEAR,208,COUNTRY,PUBLISHED,Alcohol consumption (age 15+),Denmark,TOTAL,,,
EE6F72ASA_0000001688,SA_0000001688,EE6F72A,SA_0000001688,2000,YEAR,212,COUNTRY,PUBLISHED,Alcohol consumption (age 15+),Dominica,TOTAL,,,
EE6F72ASA_0000001688,SA_0000001688,EE6F72A,SA_0000001688,2000,YEAR,233,COUNTRY,PUBLISHED,Alcohol consumption (age 15+),Estonia,TOTAL,,,
EE6F72ASA_0000001688,SA_0000001688,EE6F72A,SA_0000001688,2000,YEAR,242,COUNTRY,PUBLISHED,Alcohol consumption (age 15+),Fiji,TOTAL,,,
EE6F72ASA_0000001688,SA_0000001688,EE6F72A,SA_0000001688,2000,YEAR,246,COUNTRY,PUBLISHED,Alcohol consumption (age 15+),Finland,TOTAL,,,
EE6F72ASA_0000001688,SA_0000001688,EE6F72A,SA_0000001688,2000,YEAR,250,COUNTRY,PUBLISHED,Alcohol consumption (age 15+),France,TOTAL,,,
EE6F72ASA_0000001688,SA_0000001688,EE6F72A,SA_0000001688,2000,YEAR,231,COUNTRY,PUBLISHED,Alcohol consumption (age 15+),Ethiopia,TOTAL,,,
EE6F72ASA_0000001688,SA_0000001688,EE6F72A,SA_0000001688,2000,YEAR,232,COUNTRY,PUBLISHED,Alcohol consumption (age 15+),Eritrea,TOTAL,,,
EE6F72ASA_0000001688,SA_0000001688,EE6F72A,SA_0000001688,2000,YEAR,268,COUNTRY,PUBLISHED,Alcohol consumption (age 15+),Georgia,TOTAL,,,
EE6F72ASA_0000001688,SA_0000001688,EE6F72A,SA_0000001688,2000,YEAR,270,COUNTRY,PUBLISHED,Alcohol consumption (age 15+),Gambia,TOTAL,,,
EE6F72ASA_0000001688,SA_0000001688,EE6F72A,SA_0000001688,2000,YEAR,276,COUNTRY,PUBLISHED,Alcohol consumption (age 15+),Germany,TOTAL,,,
EE6F72ASA_0000001688,SA_0000001688,EE6F72A,SA_0000001688,2000,YEAR,288,COUNTRY,PUBLISHED,Alcohol consumption (age 15+),Ghana,TOTAL,,,
EE6F72ASA_0000001688,SA_0000001688,EE6F72A,SA_0000001688,2000,YEAR,262,COUNTRY,PUBLISHED,Alcohol consumption (age 15+),Djibouti,TOTAL,,,
EE6F72ASA_0000001688,SA_0000001688,EE6F72A,SA_0000001688,2000,YEAR,266,COUNTRY,PUBLISHED,Alcohol consumption (age 15+),Gabon,TOTAL,,,
EE6F72ASA_0000001688,SA_0000001688,EE6F72A,SA_0000001688,2000,YEAR,308,COUNTRY,PUBLISHED,Alcohol consumption (age 15+),Grenada,TOTAL,,,
EE6F72ASA_0000001688,SA_0000001688,EE6F72A,SA_0000001688,2000,YEAR,320,COUNTRY,PUBLISHED,Alcohol consumption (age 15+),Guatemala,TOTAL,,,
EE6F72ASA_0000001688,SA_0000001688,EE6F72A,SA_0000001688,2000,YEAR,324,COUNTRY,PUBLISHED,Alcohol consumption (age 15+),Guinea,TOTAL,,,
EE6F72ASA_0000001688,SA_0000001688,EE6F72A,SA_0000001688,2000,YEAR,328,COUNTRY,PUBLISHED,Alcohol consumption (age 15+),Guyana,TOTAL,,,
EE6F72ASA_0000001688,SA_0000001688,EE6F72A,SA_0000001688,2000,YEAR,296,COUNTRY,PUBLISHED,Alcohol consumption (age 15+),Kiribati,TOTAL,,,
EE6F72ASA_0000001688,SA_0000001688,EE6F72A,SA_0000001688,2000,YEAR,300,COUNTRY,PUBLISHED,Alcohol consumption (age 15+),Greece,TOTAL,,,
EE6F72ASA_0000001688,SA_0000001688,EE6F72A,SA_0000001688,2000,YEAR,348,COUNTRY,PUBLISHED,Alcohol consumption (age 15+),Hungary,TOTAL,,,
EE6F72ASA_0000001688,SA_0000001688,EE6F72A,SA_0000001688,2000,YEAR,352,COUNTRY,PUBLISHED,Alcohol consumption (age 15+),Iceland,TOTAL,,,
EE6F72ASA_0000001688,SA_0000001688,EE6F72A,SA_0000001688,2000,YEAR,356,COUNTRY,PUBLISHED,Alcohol consumption (age 15+),India,TOTAL,,,
EE6F72ASA_0000001688,SA_0000001688,EE6F72A,SA_0000001688,2000,YEAR,360,COUNTRY,PUBLISHED,Alcohol consumption (age 15+),Indonesia,TOTAL,,,
EE6F72ASA_0000001688,SA_0000001688,EE6F72A,SA_0000001688,2000,YEAR,332,COUNTRY,PUBLISHED,Alcohol consumption (age 15+),Haiti,TOTAL,,,
EE6F72ASA_0000001688,SA_0000001688,EE6F72A,SA_0000001688,2000,YEAR,340,COUNTRY,PUBLISHED,Alcohol consumption (age 15+),Honduras,TOTAL,,,
EE6F72ASA_0000001688,SA_0000001688,EE6F72A,SA_0000001688,2000,YEAR,372,COUNTRY,PUBLISHED,Alcohol consumption (age 15+),Ireland,TOTAL,,,
EE6F72ASA_0000001688,SA_0000001688,EE6F72A,SA_0000001688,2000,YEAR,376,COUNTRY,PUBLISHED,Alcohol consumption (age 15+),Israel,TOTAL,,,
EE6F72ASA_0000001688,SA_0000001688,EE6F72A,SA_0000001688,2000,YEAR,380,COUNTRY,PUBLISHED,Alcohol consumption (age 15+),Italy,TOTAL,,,
EE6F72ASA_0000001688,SA_0000001688,EE6F72A,SA_0000001688,2000,YEAR,384,COUNTRY,PUBLISHED,Alcohol consumption (age 15+),Côte d'Ivoire,TOTAL,,,
EE6F72ASA_0000001688,SA_0000001688,EE6F72A,SA_0000001688,2000,YEAR,364,COUNTRY,PUBLISHED,Alcohol consumption (age 15+),Iran (Islamic Republic of),TOTAL,,,
EE6F72ASA_0000001688,SA_0000001688,EE6F72A,SA_0000001688,2000,YEAR,368,COUNTRY,PUBLISHED,Alcohol consumption (age 15+),Iraq,TOTAL,,,
EE6F72ASA_0000001688,SA_0000001688,EE6F72A,SA_0000001688,2000,YEAR,398,COUNTRY,PUBLISHED,Alcohol consumption (age 15+),Kazakhstan,TOTAL,,,
EE6F72ASA_0000001688,SA_0000001688,EE6F72A,SA_0000001688,2000,YEAR,400,COUNTRY,PUBLISHED,Alcohol consumption (age 15+),Jordan,TOTAL,,,
EE6F72ASA_0000001688,SA_0000001688,EE6F72A,SA_0000001688,2000,YEAR,404,COUNTRY,PUBLISHED,Alcohol consumption (age 15+),Kenya,TOTAL,,,
EE6F72ASA_0000001688,SA_0000001688,EE6F72A,SA_0000001688,2000,YEAR,408,COUNTRY,PUBLISHED,Alcohol consumption (age 15+),Democratic People's Republic of Korea,TOTAL,,,
EE6F72ASA_0000001688,SA_0000001688,EE6F72A,SA_0000001688,2000,YEAR,388,COUNTRY,PUBLISHED,Alcohol consumption (age 15+),Jamaica,TOTAL,,,
EE6F72ASA_0000001688,SA_0000001688,EE6F72A,SA_0000001688,2000,YEAR,392,COUNTRY,PUBLISHED,Alcohol consumption (age 15+),Japan,TOTAL,,,
EE6F72ASA_0000001688,SA_0000001688,EE6F72A,SA_0000001688,2000,YEAR,417,COUNTRY,PUBLISHED,Alcohol consumption (age 15+),Kyrgyzstan,TOTAL,,,
EE6F72ASA_0000001688,SA_0000001688,EE6F72A,SA_0000001688,2000,YEAR,418,COUNTRY,PUBLISHED,Alcohol consumption (age 15+),Lao People's Democratic Republic,TOTAL,,,
EE6F72ASA_0000001688,SA_0000001688,EE6F72A,SA_0000001688,2000,YEAR,419,REGION,PUBLISHED,Alcohol consumption (age 15+),Latin America and the Caribbean,TOTAL,,,
EE6F72ASA_0000001688,SA_0000001688,EE6F72A,SA_0000001688,2000,YEAR,422,COUNTRY,PUBLISHED,Alcohol consumption (age 15+),Lebanon,TOTAL,,,
EE6F72ASA_0000001688,SA_0000001688,EE6F72A,SA_0000001688,2000,YEAR,410,COUNTRY,PUBLISHED,Alcohol consumption (age 15+),Republic of Korea,TOTAL,,,
EE6F72ASA_0000001688,SA_0000001688,EE6F72A,SA_0000001688,2000,YEAR,414,COUNTRY,PUBLISHED,Alcohol consumption (age 15+),Kuwait,TOTAL,,,
EE6F72ASA_0000001688,SA_0000001688,EE6F72A,SA_0000001688,2000,YEAR,430,COUNTRY,PUBLISHED,Alcohol consumption (age 15+),Liberia,TOTAL,,,
EE6F72ASA_0000001688,SA_0000001688,EE6F72A,SA_0000001688,2000,YEAR,432,CLASSIFICATION,PUBLISHED,Alcohol consumption (age 15+),Landlocked developing countries,TOTAL,,,
EE6F72ASA_0000001688,SA_0000001688,EE6F72A,SA_0000001688,2000,YEAR,434,COUNTRY,PUBLISHED,Alcohol consumption (age 15+),Libya,TOTAL,,,
EE6F72ASA_0000001688,SA_0000001688,EE6F72A,SA_0000001688,2000,YEAR,440,COUNTRY,PUBLISHED,Alcohol consumption (age 15+),Lithuania,TOTAL,,,
EE6F72ASA_0000001688,SA_0000001688,EE6F72A,SA_0000001688,2000,YEAR,426,COUNTRY,PUBLISHED,Alcohol consumption (age 15+),Lesotho,TOTAL,,,
EE6F72ASA_0000001688,SA_0000001688,EE6F72A,SA_0000001688,2000,YEAR,428,COUNTRY,PUBLISHED,Alcohol consumption (age 15+),Latvia,TOTAL,,,
EE6F72ASA_0000001688,SA_0000001688,EE6F72A,SA_0000001688,2000,YEAR,454,COUNTRY,PUBLISHED,Alcohol consumption (age 15+),Malawi,TOTAL,,,
EE6F72ASA_0000001688,SA_0000001688,EE6F72A,SA_0000001688,2000,YEAR,480,COUNTRY,PUBLISHED,Alcohol consumption (age 15+),Mauritius,TOTAL,,,
EE6F72ASA_0000001688,SA_0000001688,EE6F72A,SA_0000001688,2000,YEAR,484,COUNTRY,PUBLISHED,Alcohol consumption (age 15+),Mexico,TOTAL,,,
EE6F72ASA_0000001688,SA_0000001688,EE6F72A,SA_0000001688,2000,YEAR,496,COUNTRY,PUBLISHED,Alcohol consumption (age 15+),Mongolia,TOTAL,,,
EE6F72ASA_0000001688,SA_0000001688,EE6F72A,SA_0000001688,2000,YEAR,498,COUNTRY,PUBLISHED,Alcohol consumption (age 15+),Republic of Moldova,TOTAL,,,
EE6F72ASA_0000001688,SA_0000001688,EE6F72A,SA_0000001688,2000,YEAR,458,COUNTRY,PUBLISHED,Alcohol consumption (age 15+),Malaysia,TOTAL,,,
EE6F72ASA_0000001688,SA_0000001688,EE6F72A,SA_0000001688,2000,YEAR,462,COUNTRY,PUBLISHED,Alcohol consumption (age 15+),Maldives,TOTAL,,,
EE6F72ASA_0000001688,SA_0000001688,EE6F72A,SA_0000001688,2000,YEAR,466,COUNTRY,PUBLISHED,Alcohol consumption (age 15+),Mali,TOTAL,,,
EE6F72ASA_0000001688,SA_0000001688,EE6F72A,SA_0000001688,2000,YEAR,442,COUNTRY,PUBLISHED,Alcohol consumption (age 15+),Luxembourg,TOTAL,,,
EE6F72ASA_0000001688,SA_0000001688,EE6F72A,SA_0000001688,2000,YEAR,450,COUNTRY,PUBLISHED,Alcohol consumption (age 15+),Madagascar,TOTAL,,,
EE6F72ASA_0000001688,SA_0000001688,EE6F72A,SA_0000001688,2000,YEAR,470,COUNTRY,PUBLISHED,Alcohol consumption (age 15+),Malta,TOTAL,,,
EE6F72ASA_0000001688,SA_0000001688,EE6F72A,SA_0000001688,2000,YEAR,478,COUNTRY,PUBLISHED,Alcohol consumption (age 15+),Mauritania,TOTAL,,,
EE6F72ASA_0000001688,SA_0000001688,EE6F72A,SA_0000001688,2000,YEAR,499,COUNTRY,PUBLISHED,Alcohol consumption (age 15+),Montenegro,TOTAL,,,
EE6F72ASA_0000001688,SA_0000001688,EE6F72A,SA_0000001688,2000,YEAR,504,COUNTRY,PUBLISHED,Alcohol consumption (age 15+),Morocco,TOTAL,,,
EE6F72ASA_0000001688,SA_0000001688,EE6F72A,SA_0000001688,2000,YEAR,508,COUNTRY,PUBLISHED,Alcohol consumption (age 15+),Mozambique,TOTAL,,,
EE6F72ASA_0000001688,SA_0000001688,EE6F72A,SA_0000001688,2000,YEAR,512,COUNTRY,PUBLISHED,Alcohol consumption (age 15+),Oman,TOTAL,,,
EE6F72ASA_0000001688,SA_0000001688,EE6F72A,SA_0000001688,2000,YEAR,513,REGION,PUBLISHED,Alcohol consumption (age 15+),Europe and Northern America,TOTAL,,,
EE6F72ASA_0000001688,SA_0000001688,EE6F72A,SA_0000001688,2000,YEAR,514,CLASSIFICATION,PUBLISHED,Alcohol consumption (age 15+),"Developed regions (Europe, Cyprus, Israel, Northern America, Japan, Australia & New Zealand)",TOTAL,,,
EE6F72ASA_0000001688,SA_0000001688,EE6F72A,SA_0000001688,2000,YEAR,520,COUNTRY,PUBLISHED,Alcohol consumption (age 15+),Nauru,TOTAL,,,
EE6F72ASA_0000001688,SA_0000001688,EE6F72A,SA_0000001688,2000,YEAR,524,COUNTRY,PUBLISHED,Alcohol consumption (age 15+),Nepal,TOTAL,,,
EE6F72ASA_0000001688,SA_0000001688,EE6F72A,SA_0000001688,2000,YEAR,528,COUNTRY,PUBLISHED,Alcohol consumption (age 15+),Netherlands (Kingdom of the),TOTAL,,,
EE6F72ASA_0000001688,SA_0000001688,EE6F72A,SA_0000001688,2000,YEAR,543,REGION,PUBLISHED,Alcohol consumption (age 15+),Oceania (exc. Australia and New Zealand),TOTAL,,,
EE6F72ASA_0000001688,SA_0000001688,EE6F72A,SA_0000001688,2000,YEAR,515,CLASSIFICATION,PUBLISHED,Alcohol consumption (age 15+),Developing regions,TOTAL,,,
EE6F72ASA_0000001688,SA_0000001688,EE6F72A,SA_0000001688,2000,YEAR,516,COUNTRY,PUBLISHED,Alcohol consumption (age 15+),Namibia,TOTAL,,,
EE6F72ASA_0000001688,SA_0000001688,EE6F72A,SA_0000001688,2000,YEAR,558,COUNTRY,PUBLISHED,Alcohol consumption (age 15+),Nicaragua,TOTAL,,,
EE6F72ASA_0000001688,SA_0000001688,EE6F72A,SA_0000001688,2000,YEAR,562,COUNTRY,PUBLISHED,Alcohol consumption (age 15+),Niger,TOTAL,,,
EE6F72ASA_0000001688,SA_0000001688,EE6F72A,SA_0000001688,2000,YEAR,566,COUNTRY,PUBLISHED,Alcohol consumption (age 15+),Nigeria,TOTAL,,,
EE6F72ASA_0000001688,SA_0000001688,EE6F72A,SA_0000001688,2002,YEAR,826,COUNTRY,PUBLISHED,Alcohol consumption (age 15+),United Kingdom of Great Britain and Northern Ireland,TOTAL,,,
EE6F72ASA_0000001688,SA_0000001688,EE6F72A,SA_0000001688,2000,YEAR,548,COUNTRY,PUBLISHED,Alcohol consumption (age 15+),Vanuatu,TOTAL,,,
EE6F72ASA_0000001688,SA_0000001688,EE6F72A,SA_0000001688,2000,YEAR,554,COUNTRY,PUBLISHED,Alcohol consumption (age 15+),New Zealand,TOTAL,,,
EE6F72ASA_0000001688,SA_0000001688,EE6F72A,SA_0000001688,2002,YEAR,854,COUNTRY,PUBLISHED,Alcohol consumption (age 15+),Burkina Faso,TOTAL,,,
EE6F72ASA_0000001688,SA_0000001688,EE6F72A,SA_0000001688,2002,YEAR,858,COUNTRY,PUBLISHED,Alcohol consumption (age 15+),Uruguay,TOTAL,,,
EE6F72ASA_0000001688,SA_0000001688,EE6F72A,SA_0000001688,2002,YEAR,860,COUNTRY,PUBLISHED,Alcohol consumption (age 15+),Uzbekistan,TOTAL,,,
EE6F72ASA_0000001688,SA_0000001688,EE6F72A,SA_0000001688,2002,YEAR,862,COUNTRY,PUBLISHED,Alcohol consumption (age 15+),Venezuela (Bolivarian Republic of),TOTAL,,,
EE6F72ASA_0000001688,SA_0000001688,EE6F72A,SA_0000001688,2002,YEAR,834,COUNTRY,PUBLISHED,Alcohol consumption (age 15+),United Republic of Tanzania,TOTAL,,,
EE6F72ASA_0000001688,SA_0000001688,EE6F72A,SA_0000001688,2002,YEAR,840,COUNTRY,PUBLISHED,Alcohol consumption (age 15+),United States of America,TOTAL,,,
EE6F72ASA_0000001688,SA_0000001688,EE6F72A,SA_0000001688,2002,YEAR,894,COUNTRY,PUBLISHED,Alcohol consumption (age 15+),Zambia,TOTAL,,,
EE6F72ASA_0000001688,SA_0000001688,EE6F72A,SA_0000001688,2002,YEAR,953,WHOREGION,PUBLISHED,Alcohol consumption (age 15+),Africa,TOTAL,,,
EE6F72ASA_0000001688,SA_0000001688,EE6F72A,SA_0000001688,2002,YEAR,954,WHOREGION,PUBLISHED,Alcohol consumption (age 15+),Americas,TOTAL,,,
EE6F72ASA_0000001688,SA_0000001688,EE6F72A,SA_0000001688,2002,YEAR,955,WHOREGION,PUBLISHED,Alcohol consumption (age 15+),South-East Asia,TOTAL,,,
EE6F72ASA_0000001688,SA_0000001688,EE6F72A,SA_0000001688,2002,YEAR,882,COUNTRY,PUBLISHED,Alcohol consumption (age 15+),Samoa,TOTAL,,,
EE6F72ASA_0000001688,SA_0000001688,EE6F72A,SA_0000001688,2002,YEAR,887,COUNTRY,PUBLISHED,Alcohol consumption (age 15+),Yemen,TOTAL,,,
EE6F72ASA_0000001688,SA_0000001688,EE6F72A,SA_0000001688,2002,YEAR,958,WHOREGION,PUBLISHED,Alcohol consumption (age 15+),Western Pacific,TOTAL,,,
EE6F72ASA_0000001688,SA_0000001688,EE6F72A,SA_0000001688,2003,YEAR,001,GLOBAL,PUBLISHED,Alcohol consumption (age 15+),World,TOTAL,,,
EE6F72ASA_0000001688,SA_0000001688,EE6F72A,SA_0000001688,2003,YEAR,002,REGION,PUBLISHED,Alcohol consumption (age 15+),Africa,TOTAL,,,
EE6F72ASA_0000001688,SA_0000001688,EE6F72A,SA_0000001688,2003,YEAR,004,COUNTRY,PUBLISHED,Alcohol consumption (age 15+),Afghanistan,TOTAL,,,
EE6F72ASA_0000001688,SA_0000001688,EE6F72A,SA_0000001688,2002,YEAR,956,WHOREGION,PUBLISHED,Alcohol consumption (age 15+),Europe,TOTAL,,,
EE6F72ASA_0000001688,SA_0000001688,EE6F72A,SA_0000001688,2002,YEAR,957,WHOREGION,PUBLISHED,Alcohol consumption (age 15+),Eastern Mediterranean,TOTAL,,,
EE6F72ASA_0000001688,SA_0000001688,EE6F72A,SA_0000001688,2003,YEAR,009,REGION,PUBLISHED,Alcohol consumption (age 15+),Oceania,TOTAL,,,
EE6F72ASA_0000001688,SA_0000001688,EE6F72A,SA_0000001688,2003,YEAR,017,REGION,PUBLISHED,Alcohol consumption (age 15+),Middle Africa,TOTAL,,,
EE6F72ASA_0000001688,SA_0000001688,EE6F72A,SA_0000001688,2003,YEAR,018,REGION,PUBLISHED,Alcohol consumption (age 15+),Southern Africa,TOTAL,,,
EE6F72ASA_0000001688,SA_0000001688,EE6F72A,SA_0000001688,2003,YEAR,019,REGION,PUBLISHED,Alcohol consumption (age 15+),Americas,TOTAL,,,
EE6F72ASA_0000001688,SA_0000001688,EE6F72A,SA_0000001688,2003,YEAR,020,COUNTRY,PUBLISHED,Alcohol consumption (age 15+),Andorra,TOTAL,,,
EE6F72ASA_0000001688,SA_0000001688,EE6F72A,SA_0000001688,2003,YEAR,011,REGION,PUBLISHED,Alcohol consumption (age 15+),Western Africa,TOTAL,,,
EE6F72ASA_0000001688,SA_0000001688,EE6F72A,SA_0000001688,2003,YEAR,012,COUNTRY,PUBLISHED,Alcohol consumption (age 15+),Algeria,TOTAL,,,
EE6F72ASA_0000001688,SA_0000001688,EE6F72A,SA_0000001688,2003,YEAR,013,REGION,PUBLISHED,Alcohol consumption (age 15+),Central America,TOTAL,,,
EE6F72ASA_0000001688,SA_0000001688,EE6F72A,SA_0000001688,2003,YEAR,005,REGION,PUBLISHED,Alcohol consumption (age 15+),South America,TOTAL,,,
EE6F72ASA_0000001688,SA_0000001688,EE6F72A,SA_0000001688,2003,YEAR,008,COUNTRY,PUBLISHED,Alcohol consumption (age 15+),Albania,TOTAL,,,
EE6F72ASA_0000001688,SA_0000001688,EE6F72A,SA_0000001688,2003,YEAR,014,REGION,PUBLISHED,Alcohol consumption (age 15+),Eastern Africa,TOTAL,,,
EE6F72ASA_0000001688,SA_0000001688,EE6F72A,SA_0000001688,2003,YEAR,015,REGION,PUBLISHED,Alcohol consumption (age 15+),Northern Africa,TOTAL,,,
EE6F72ASA_0000001688,SA_0000001688,EE6F72A,SA_0000001688,2003,YEAR,021,REGION,PUBLISHED,Alcohol consumption (age 15+),Northern America,TOTAL,,,
EE6F72ASA_0000001688,SA_0000001688,EE6F72A,SA_0000001688,2003,YEAR,024,COUNTRY,PUBLISHED,Alcohol consumption (age 15+),Angola,TOTAL,,,
EE6F72ASA_0000001688,SA_0000001688,EE6F72A,SA_0000001688,2003,YEAR,028,COUNTRY,PUBLISHED,Alcohol consumption (age 15+),Antigua and Barbuda,TOTAL,,,
EE6F72ASA_0000001688,SA_0000001688,EE6F72A,SA_0000001688,2003,YEAR,029,REGION,PUBLISHED,Alcohol consumption (age 15+),Caribbean,TOTAL,,,
EE6F72ASA_0000001688,SA_0000001688,EE6F72A,SA_0000001688,2003,YEAR,030,REGION,PUBLISHED,Alcohol consumption (age 15+),Eastern Asia,TOTAL,,,
EE6F72ASA_0000001688,SA_0000001688,EE6F72A,SA_0000001688,2003,YEAR,031,COUNTRY,PUBLISHED,Alcohol consumption (age 15+),Azerbaijan,TOTAL,,,
EE6F72ASA_0000001688,SA_0000001688,EE6F72A,SA_0000001688,2003,YEAR,035,REGION,PUBLISHED,Alcohol consumption (age 15+),South-eastern Asia,TOTAL,,,
EE6F72ASA_0000001688,SA_0000001688,EE6F72A,SA_0000001688,2003,YEAR,036,COUNTRY,PUBLISHED,Alcohol consumption (age 15+),Australia,TOTAL,,,
EE6F72ASA_0000001688,SA_0000001688,EE6F72A,SA_0000001688,2003,YEAR,039,REGION,PUBLISHED,Alcohol consumption (age 15+),Southern Europe,TOTAL,,,
EE6F72ASA_0000001688,SA_0000001688,EE6F72A,SA_0000001688,2003,YEAR,040,COUNTRY,PUBLISHED,Alcohol consumption (age 15+),Austria,TOTAL,,,
EE6F72ASA_0000001688,SA_0000001688,EE6F72A,SA_0000001688,2003,YEAR,032,COUNTRY,PUBLISHED,Alcohol consumption (age 15+),Argentina,TOTAL,,,
EE6F72ASA_0000001688,SA_0000001688,EE6F72A,SA_0000001688,2003,YEAR,034,REGION,PUBLISHED,Alcohol consumption (age 15+),Southern Asia,TOTAL,,,
EE6F72ASA_0000001688,SA_0000001688,EE6F72A,SA_0000001688,2003,YEAR,050,COUNTRY,PUBLISHED,Alcohol consumption (age 15+),Bangladesh,TOTAL,,,
EE6F72ASA_0000001688,SA_0000001688,EE6F72A,SA_0000001688,2003,YEAR,057,REGION,PUBLISHED,Alcohol consumption (age 15+),Micronesia,TOTAL,,,
EE6F72ASA_0000001688,SA_0000001688,EE6F72A,SA_0000001688,2003,YEAR,061,REGION,PUBLISHED,Alcohol consumption (age 15+),Polynesia,TOTAL,,,
EE6F72ASA_0000001688,SA_0000001688,EE6F72A,SA_0000001688,2003,YEAR,062,REGION,PUBLISHED,Alcohol consumption (age 15+),Central and Southern Asia,TOTAL,,,
EE6F72ASA_0000001688,SA_0000001688,EE6F72A,SA_0000001688,2003,YEAR,064,COUNTRY,PUBLISHED,Alcohol consumption (age 15+),Bhutan,TOTAL,,,
EE6F72ASA_0000001688,SA_0000001688,EE6F72A,SA_0000001688,2003,YEAR,051,COUNTRY,PUBLISHED,Alcohol consumption (age 15+),Armenia,TOTAL,,,
EE6F72ASA_0000001688,SA_0000001688,EE6F72A,SA_0000001688,2003,YEAR,052,COUNTRY,PUBLISHED,Alcohol consumption (age 15+),Barbados,TOTAL,,,
EE6F72ASA_0000001688,SA_0000001688,EE6F72A,SA_0000001688,2003,YEAR,053,REGION,PUBLISHED,Alcohol consumption (age 15+),Australia and New Zealand,TOTAL,,,
EE6F72ASA_0000001688,SA_0000001688,EE6F72A,SA_0000001688,2003,YEAR,044,COUNTRY,PUBLISHED,Alcohol consumption (age 15+),Bahamas,TOTAL,,,
EE6F72ASA_0000001688,SA_0000001688,EE6F72A,SA_0000001688,2003,YEAR,048,COUNTRY,PUBLISHED,Alcohol consumption (age 15+),Bahrain,TOTAL,,,
EE6F72ASA_0000001688,SA_0000001688,EE6F72A,SA_0000001688,2003,YEAR,054,REGION,PUBLISHED,Alcohol consumption (age 15+),Melanesia,TOTAL,,,
EE6F72ASA_0000001688,SA_0000001688,EE6F72A,SA_0000001688,2003,YEAR,056,COUNTRY,PUBLISHED,Alcohol consumption (age 15+),Belgium,TOTAL,,,
EE6F72ASA_0000001688,SA_0000001688,EE6F72A,SA_0000001688,2003,YEAR,068,COUNTRY,PUBLISHED,Alcohol consumption (age 15+),Bolivia (Plurinational State of),TOTAL,,,
EE6F72ASA_0000001688,SA_0000001688,EE6F72A,SA_0000001688,2003,YEAR,104,COUNTRY,PUBLISHED,Alcohol consumption (age 15+),Myanmar,TOTAL,,,
EE6F72ASA_0000001688,SA_0000001688,EE6F72A,SA_0000001688,2003,YEAR,108,COUNTRY,PUBLISHED,Alcohol consumption (age 15+),Burundi,TOTAL,,,
EE6F72ASA_0000001688,SA_0000001688,EE6F72A,SA_0000001688,2003,YEAR,112,COUNTRY,PUBLISHED,Alcohol consumption (age 15+),Belarus,TOTAL,,,
EE6F72ASA_0000001688,SA_0000001688,EE6F72A,SA_0000001688,2003,YEAR,116,COUNTRY,PUBLISHED,Alcohol consumption (age 15+),Cambodia,TOTAL,,,
EE6F72ASA_0000001688,SA_0000001688,EE6F72A,SA_0000001688,2003,YEAR,070,COUNTRY,PUBLISHED,Alcohol consumption (age 15+),Bosnia and Herzegovina,TOTAL,,,
EE6F72ASA_0000001688,SA_0000001688,EE6F72A,SA_0000001688,2003,YEAR,072,COUNTRY,PUBLISHED,Alcohol consumption (age 15+),Botswana,TOTAL,,,
EE6F72ASA_0000001688,SA_0000001688,EE6F72A,SA_0000001688,2003,YEAR,076,COUNTRY,PUBLISHED,Alcohol consumption (age 15+),Brazil,TOTAL,,,
EE6F72ASA_0000001688,SA_0000001688,EE6F72A,SA_0000001688,2003,YEAR,084,COUNTRY,PUBLISHED,Alcohol consumption (age 15+),Belize,TOTAL,,,
EE6F72ASA_0000001688,SA_0000001688,EE6F72A,SA_0000001688,2003,YEAR,090,COUNTRY,PUBLISHED,Alcohol consumption (age 15+),Solomon Islands,TOTAL,,,
EE6F72ASA_0000001688,SA_0000001688,EE6F72A,SA_0000001688,2003,YEAR,096,COUNTRY,PUBLISHED,Alcohol consumption (age 15+),Brunei Darussalam,TOTAL,,,
EE6F72ASA_0000001688,SA_0000001688,EE6F72A,SA_0000001688,2003,YEAR,100,COUNTRY,PUBLISHED,Alcohol consumption (age 15+),Bulgaria,TOTAL,,,
EE6F72ASA_0000001688,SA_0000001688,EE6F72A,SA_0000001688,2003,YEAR,120,COUNTRY,PUBLISHED,Alcohol consumption (age 15+),Cameroon,TOTAL,,,
EE6F72ASA_0000001688,SA_0000001688,EE6F72A,SA_0000001688,2003,YEAR,148,COUNTRY,PUBLISHED,Alcohol consumption (age 15+),Chad,TOTAL,,,
EE6F72ASA_0000001688,SA_0000001688,EE6F72A,SA_0000001688,2003,YEAR,150,REGION,PUBLISHED,Alcohol consumption (age 15+),Europe,TOTAL,,,
EE6F72ASA_0000001688,SA_0000001688,EE6F72A,SA_0000001688,2003,YEAR,151,REGION,PUBLISHED,Alcohol consumption (age 15+),Eastern Europe,TOTAL,,,
EE6F72ASA_0000001688,SA_0000001688,EE6F72A,SA_0000001688,2003,YEAR,152,COUNTRY,PUBLISHED,Alcohol consumption (age 15+),Chile,TOTAL,,,
EE6F72ASA_0000001688,SA_0000001688,EE6F72A,SA_0000001688,2003,YEAR,124,COUNTRY,PUBLISHED,Alcohol consumption (age 15+),Canada,TOTAL,,,
EE6F72ASA_0000001688,SA_0000001688,EE6F72A,SA_0000001688,2003,YEAR,132,COUNTRY,PUBLISHED,Alcohol consumption (age 15+),Cabo Verde,TOTAL,,,
EE6F72ASA_0000001688,SA_0000001688,EE6F72A,SA_0000001688,2003,YEAR,140,COUNTRY,PUBLISHED,Alcohol consumption (age 15+),Central African Republic,TOTAL,,,
EE6F72ASA_0000001688,SA_0000001688,EE6F72A,SA_0000001688,2003,YEAR,142,REGION,PUBLISHED,Alcohol consumption (age 15+),Asia,TOTAL,,,
EE6F72ASA_0000001688,SA_0000001688,EE6F72A,SA_0000001688,2003,YEAR,143,REGION,PUBLISHED,Alcohol consumption (age 15+),Central Asia,TOTAL,,,
EE6F72ASA_0000001688,SA_0000001688,EE6F72A,SA_0000001688,2003,YEAR,144,COUNTRY,PUBLISHED,Alcohol consumption (age 15+),Sri Lanka,TOTAL,,,
EE6F72ASA_0000001688,SA_0000001688,EE6F72A,SA_0000001688,2003,YEAR,145,REGION,PUBLISHED,Alcohol consumption (age 15+),Western Asia,TOTAL,,,
EE6F72ASA_0000001688,SA_0000001688,EE6F72A,SA_0000001688,2003,YEAR,154,REGION,PUBLISHED,Alcohol consumption (age 15+),Northern Europe,TOTAL,,,
EE6F72ASA_0000001688,SA_0000001688,EE6F72A,SA_0000001688,2003,YEAR,155,REGION,PUBLISHED,Alcohol consumption (age 15+),Western Europe,TOTAL,,,
EE6F72ASA_0000001688,SA_0000001688,EE6F72A,SA_0000001688,2003,YEAR,156,COUNTRY,PUBLISHED,Alcohol consumption (age 15+),China,TOTAL,,,
EE6F72ASA_0000001688,SA_0000001688,EE6F72A,SA_0000001688,2003,YEAR,170,COUNTRY,PUBLISHED,Alcohol consumption (age 15+),Colombia,TOTAL,,,
EE6F72ASA_0000001688,SA_0000001688,EE6F72A,SA_0000001688,2003,YEAR,174,COUNTRY,PUBLISHED,Alcohol consumption (age 15+),Comoros,TOTAL,,,
EE6F72ASA_0000001688,SA_0000001688,EE6F72A,SA_0000001688,2003,YEAR,178,COUNTRY,PUBLISHED,Alcohol consumption (age 15+),Congo,TOTAL,,,
EE6F72ASA_0000001688,SA_0000001688,EE6F72A,SA_0000001688,2003,YEAR,191,COUNTRY,PUBLISHED,Alcohol consumption (age 15+),Croatia,TOTAL,,,
EE6F72ASA_0000001688,SA_0000001688,EE6F72A,SA_0000001688,2005,YEAR,818,COUNTRY,PUBLISHED,Alcohol consumption (age 15+),Egypt,TOTAL,,,
EE6F72ASA_0000001688,SA_0000001688,EE6F72A,SA_0000001688,2005,YEAR,826,COUNTRY,PUBLISHED,Alcohol consumption (age 15+),United Kingdom of Great Britain and Northern Ireland,TOTAL,,,
EE6F72ASA_0000001688,SA_0000001688,EE6F72A,SA_0000001688,2005,YEAR,834,COUNTRY,PUBLISHED,Alcohol consumption (age 15+),United Republic of Tanzania,TOTAL,,,
EE6F72ASA_0000001688,SA_0000001688,EE6F72A,SA_0000001688,2003,YEAR,180,COUNTRY,PUBLISHED,Alcohol consumption (age 15+),Democratic Republic of the Congo,TOTAL,,,
EE6F72ASA_0000001688,SA_0000001688,EE6F72A,SA_0000001688,2003,YEAR,188,COUNTRY,PUBLISHED,Alcohol consumption (age 15+),Costa Rica,TOTAL,,,
EE6F72ASA_0000001688,SA_0000001688,EE6F72A,SA_0000001688,2005,YEAR,858,COUNTRY,PUBLISHED,Alcohol consumption (age 15+),Uruguay,TOTAL,,,
EE6F72ASA_0000001688,SA_0000001688,EE6F72A,SA_0000001688,2005,YEAR,953,WHOREGION,PUBLISHED,Alcohol consumption (age 15+),Africa,TOTAL,,,
EE6F72ASA_0000001688,SA_0000001688,EE6F72A,SA_0000001688,2005,YEAR,954,WHOREGION,PUBLISHED,Alcohol consumption (age 15+),Americas,TOTAL,,,
EE6F72ASA_0000001688,SA_0000001688,EE6F72A,SA_0000001688,2005,YEAR,955,WHOREGION,PUBLISHED,Alcohol consumption (age 15+),South-East Asia,TOTAL,,,
EE6F72ASA_0000001688,SA_0000001688,EE6F72A,SA_0000001688,2005,YEAR,956,WHOREGION,PUBLISHED,Alcohol consumption (age 15+),Europe,TOTAL,,,
EE6F72ASA_0000001688,SA_0000001688,EE6F72A,SA_0000001688,2005,YEAR,860,COUNTRY,PUBLISHED,Alcohol consumption (age 15+),Uzbekistan,TOTAL,,,
EE6F72ASA_0000001688,SA_0000001688,EE6F72A,SA_0000001688,2005,YEAR,862,COUNTRY,PUBLISHED,Alcohol consumption (age 15+),Venezuela (Bolivarian Republic of),TOTAL,,,
EE6F72ASA_0000001688,SA_0000001688,EE6F72A,SA_0000001688,2005,YEAR,882,COUNTRY,PUBLISHED,Alcohol consumption (age 15+),Samoa,TOTAL,,,
EE6F72ASA_0000001688,SA_0000001688,EE6F72A,SA_0000001688,2005,YEAR,840,COUNTRY,PUBLISHED,Alcohol consumption (age 15+),United States of America,TOTAL,,,
EE6F72ASA_0000001688,SA_0000001688,EE6F72A,SA_0000001688,2005,YEAR,854,COUNTRY,PUBLISHED,Alcohol consumption (age 15+),Burkina Faso,TOTAL,,,
EE6F72ASA_0000001688,SA_0000001688,EE6F72A,SA_0000001688,2005,YEAR,887,COUNTRY,PUBLISHED,Alcohol consumption (age 15+),Yemen,TOTAL,,,
EE6F72ASA_0000001688,SA_0000001688,EE6F72A,SA_0000001688,2005,YEAR,894,COUNTRY,PUBLISHED,Alcohol consumption (age 15+),Zambia,TOTAL,,,
EE6F72ASA_0000001688,SA_0000001688,EE6F72A,SA_0000001688,2005,YEAR,957,WHOREGION,PUBLISHED,Alcohol consumption (age 15+),Eastern Mediterranean,TOTAL,,,
EE6F72ASA_0000001688,SA_0000001688,EE6F72A,SA_0000001688,2005,YEAR,958,WHOREGION,PUBLISHED,Alcohol consumption (age 15+),Western Pacific,TOTAL,,,
EE6F72ASA_0000001688,SA_0000001688,EE6F72A,SA_0000001688,2006,YEAR,001,GLOBAL,PUBLISHED,Alcohol consumption (age 15+),World,TOTAL,,,
EE6F72ASA_0000001688,SA_0000001688,EE6F72A,SA_0000001688,2006,YEAR,002,REGION,PUBLISHED,Alcohol consumption (age 15+),Africa,TOTAL,,,
EE6F72ASA_0000001688,SA_0000001688,EE6F72A,SA_0000001688,2006,YEAR,004,COUNTRY,PUBLISHED,Alcohol consumption (age 15+),Afghanistan,TOTAL,,,
EE6F72ASA_0000001688,SA_0000001688,EE6F72A,SA_0000001688,2006,YEAR,005,REGION,PUBLISHED,Alcohol consumption (age 15+),South America,TOTAL,,,
EE6F72ASA_0000001688,SA_0000001688,EE6F72A,SA_0000001688,2006,YEAR,011,REGION,PUBLISHED,Alcohol consumption (age 15+),Western Africa,TOTAL,,,
EE6F72ASA_0000001688,SA_0000001688,EE6F72A,SA_0000001688,2006,YEAR,012,COUNTRY,PUBLISHED,Alcohol consumption (age 15+),Algeria,TOTAL,,,
EE6F72ASA_0000001688,SA_0000001688,EE6F72A,SA_0000001688,2006,YEAR,013,REGION,PUBLISHED,Alcohol consumption (age 15+),Central America,TOTAL,,,
EE6F72ASA_0000001688,SA_0000001688,EE6F72A,SA_0000001688,2006,YEAR,014,REGION,PUBLISHED,Alcohol consumption (age 15+),Eastern Africa,TOTAL,,,
EE6F72ASA_0000001688,SA_0000001688,EE6F72A,SA_0000001688,2006,YEAR,008,COUNTRY,PUBLISHED,Alcohol consumption (age 15+),Albania,TOTAL,,,
EE6F72ASA_0000001688,SA_0000001688,EE6F72A,SA_0000001688,2006,YEAR,009,REGION,PUBLISHED,Alcohol consumption (age 15+),Oceania,TOTAL,,,
EE6F72ASA_0000001688,SA_0000001688,EE6F72A,SA_0000001688,2006,YEAR,018,REGION,PUBLISHED,Alcohol consumption (age 15+),Southern Africa,TOTAL,,,
EE6F72ASA_0000001688,SA_0000001688,EE6F72A,SA_0000001688,2006,YEAR,029,REGION,PUBLISHED,Alcohol consumption (age 15+),Caribbean,TOTAL,,,
EE6F72ASA_0000001688,SA_0000001688,EE6F72A,SA_0000001688,2006,YEAR,030,REGION,PUBLISHED,Alcohol consumption (age 15+),Eastern Asia,TOTAL,,,
EE6F72ASA_0000001688,SA_0000001688,EE6F72A,SA_0000001688,2006,YEAR,031,COUNTRY,PUBLISHED,Alcohol consumption (age 15+),Azerbaijan,TOTAL,,,
EE6F72ASA_0000001688,SA_0000001688,EE6F72A,SA_0000001688,2006,YEAR,032,COUNTRY,PUBLISHED,Alcohol consumption (age 15+),Argentina,TOTAL,,,
EE6F72ASA_0000001688,SA_0000001688,EE6F72A,SA_0000001688,2006,YEAR,019,REGION,PUBLISHED,Alcohol consumption (age 15+),Americas,TOTAL,,,
EE6F72ASA_0000001688,SA_0000001688,EE6F72A,SA_0000001688,2006,YEAR,020,COUNTRY,PUBLISHED,Alcohol consumption (age 15+),Andorra,TOTAL,,,
EE6F72ASA_0000001688,SA_0000001688,EE6F72A,SA_0000001688,2006,YEAR,021,REGION,PUBLISHED,Alcohol consumption (age 15+),Northern America,TOTAL,,,
EE6F72ASA_0000001688,SA_0000001688,EE6F72A,SA_0000001688,2006,YEAR,015,REGION,PUBLISHED,Alcohol consumption (age 15+),Northern Africa,TOTAL,,,
EE6F72ASA_0000001688,SA_0000001688,EE6F72A,SA_0000001688,2006,YEAR,017,REGION,PUBLISHED,Alcohol consumption (age 15+),Middle Africa,TOTAL,,,
EE6F72ASA_0000001688,SA_0000001688,EE6F72A,SA_0000001688,2006,YEAR,024,COUNTRY,PUBLISHED,Alcohol consumption (age 15+),Angola,TOTAL,,,
EE6F72ASA_0000001688,SA_0000001688,EE6F72A,SA_0000001688,2006,YEAR,028,COUNTRY,PUBLISHED,Alcohol consumption (age 15+),Antigua and Barbuda,TOTAL,,,
EE6F72ASA_0000001688,SA_0000001688,EE6F72A,SA_0000001688,2006,YEAR,034,REGION,PUBLISHED,Alcohol consumption (age 15+),Southern Asia,TOTAL,,,
EE6F72ASA_0000001688,SA_0000001688,EE6F72A,SA_0000001688,2006,YEAR,035,REGION,PUBLISHED,Alcohol consumption (age 15+),South-eastern Asia,TOTAL,,,
EE6F72ASA_0000001688,SA_0000001688,EE6F72A,SA_0000001688,2006,YEAR,036,COUNTRY,PUBLISHED,Alcohol consumption (age 15+),Australia,TOTAL,,,
EE6F72ASA_0000001688,SA_0000001688,EE6F72A,SA_0000001688,2006,YEAR,039,REGION,PUBLISHED,Alcohol consumption (age 15+),Southern Europe,TOTAL,,,
EE6F72ASA_0000001688,SA_0000001688,EE6F72A,SA_0000001688,2006,YEAR,040,COUNTRY,PUBLISHED,Alcohol consumption (age 15+),Austria,TOTAL,,,
EE6F72ASA_0000001688,SA_0000001688,EE6F72A,SA_0000001688,2006,YEAR,044,COUNTRY,PUBLISHED,Alcohol consumption (age 15+),Bahamas,TOTAL,,,
EE6F72ASA_0000001688,SA_0000001688,EE6F72A,SA_0000001688,2006,YEAR,051,COUNTRY,PUBLISHED,Alcohol consumption (age 15+),Armenia,TOTAL,,,
EE6F72ASA_0000001688,SA_0000001688,EE6F72A,SA_0000001688,2006,YEAR,052,COUNTRY,PUBLISHED,Alcohol consumption (age 15+),Barbados,TOTAL,,,
EE6F72ASA_0000001688,SA_0000001688,EE6F72A,SA_0000001688,2006,YEAR,053,REGION,PUBLISHED,Alcohol consumption (age 15+),Australia and New Zealand,TOTAL,,,
EE6F72ASA_0000001688,SA_0000001688,EE6F72A,SA_0000001688,2006,YEAR,054,REGION,PUBLISHED,Alcohol consumption (age 15+),Melanesia,TOTAL,,,
EE6F72ASA_0000001688,SA_0000001688,EE6F72A,SA_0000001688,2006,YEAR,048,COUNTRY,PUBLISHED,Alcohol consumption (age 15+),Bahrain,TOTAL,,,
EE6F72ASA_0000001688,SA_0000001688,EE6F72A,SA_0000001688,2006,YEAR,050,COUNTRY,PUBLISHED,Alcohol consumption (age 15+),Bangladesh,TOTAL,,,
EE6F72ASA_0000001688,SA_0000001688,EE6F72A,SA_0000001688,2006,YEAR,061,REGION,PUBLISHED,Alcohol consumption (age 15+),Polynesia,TOTAL,,,
EE6F72ASA_0000001688,SA_0000001688,EE6F72A,SA_0000001688,2006,YEAR,062,REGION,PUBLISHED,Alcohol consumption (age 15+),Central and Southern Asia,TOTAL,,,
EE6F72ASA_0000001688,SA_0000001688,EE6F72A,SA_0000001688,2006,YEAR,064,COUNTRY,PUBLISHED,Alcohol consumption (age 15+),Bhutan,TOTAL,,,
EE6F72ASA_0000001688,SA_0000001688,EE6F72A,SA_0000001688,2006,YEAR,068,COUNTRY,PUBLISHED,Alcohol consumption (age 15+),Bolivia (Plurinational State of),TOTAL,,,
EE6F72ASA_0000001688,SA_0000001688,EE6F72A,SA_0000001688,2006,YEAR,056,COUNTRY,PUBLISHED,Alcohol consumption (age 15+),Belgium,TOTAL,,,
EE6F72ASA_0000001688,SA_0000001688,EE6F72A,SA_0000001688,2006,YEAR,057,REGION,PUBLISHED,Alcohol consumption (age 15+),Micronesia,TOTAL,,,
EE6F72ASA_0000001688,SA_0000001688,EE6F72A,SA_0000001688,2006,YEAR,076,COUNTRY,PUBLISHED,Alcohol consumption (age 15+),Brazil,TOTAL,,,
EE6F72ASA_0000001688,SA_0000001688,EE6F72A,SA_0000001688,2006,YEAR,084,COUNTRY,PUBLISHED,Alcohol consumption (age 15+),Belize,TOTAL,,,
EE6F72ASA_0000001688,SA_0000001688,EE6F72A,SA_0000001688,2006,YEAR,090,COUNTRY,PUBLISHED,Alcohol consumption (age 15+),Solomon Islands,TOTAL,,,
EE6F72ASA_0000001688,SA_0000001688,EE6F72A,SA_0000001688,2006,YEAR,096,COUNTRY,PUBLISHED,Alcohol consumption (age 15+),Brunei Darussalam,TOTAL,,,
EE6F72ASA_0000001688,SA_0000001688,EE6F72A,SA_0000001688,2006,YEAR,070,COUNTRY,PUBLISHED,Alcohol consumption (age 15+),Bosnia and Herzegovina,TOTAL,,,
EE6F72ASA_0000001688,SA_0000001688,EE6F72A,SA_0000001688,2006,YEAR,072,COUNTRY,PUBLISHED,Alcohol consumption (age 15+),Botswana,TOTAL,,,
EE6F72ASA_0000001688,SA_0000001688,EE6F72A,SA_0000001688,2006,YEAR,108,COUNTRY,PUBLISHED,Alcohol consumption (age 15+),Burundi,TOTAL,,,
EE6F72ASA_0000001688,SA_0000001688,EE6F72A,SA_0000001688,2006,YEAR,112,COUNTRY,PUBLISHED,Alcohol consumption (age 15+),Belarus,TOTAL,,,
EE6F72ASA_0000001688,SA_0000001688,EE6F72A,SA_0000001688,2006,YEAR,116,COUNTRY,PUBLISHED,Alcohol consumption (age 15+),Cambodia,TOTAL,,,
EE6F72ASA_0000001688,SA_0000001688,EE6F72A,SA_0000001688,2006,YEAR,120,COUNTRY,PUBLISHED,Alcohol consumption (age 15+),Cameroon,TOTAL,,,
EE6F72ASA_0000001688,SA_0000001688,EE6F72A,SA_0000001688,2006,YEAR,100,COUNTRY,PUBLISHED,Alcohol consumption (age 15+),Bulgaria,TOTAL,,,
EE6F72ASA_0000001688,SA_0000001688,EE6F72A,SA_0000001688,2006,YEAR,104,COUNTRY,PUBLISHED,Alcohol consumption (age 15+),Myanmar,TOTAL,,,
EE6F72ASA_0000001688,SA_0000001688,EE6F72A,SA_0000001688,2006,YEAR,140,COUNTRY,PUBLISHED,Alcohol consumption (age 15+),Central African Republic,TOTAL,,,
EE6F72ASA_0000001688,SA_0000001688,EE6F72A,SA_0000001688,2006,YEAR,142,REGION,PUBLISHED,Alcohol consumption (age 15+),Asia,TOTAL,,,
EE6F72ASA_0000001688,SA_0000001688,EE6F72A,SA_0000001688,2006,YEAR,143,REGION,PUBLISHED,Alcohol consumption (age 15+),Central Asia,TOTAL,,,
EE6F72ASA_0000001688,SA_0000001688,EE6F72A,SA_0000001688,2006,YEAR,144,COUNTRY,PUBLISHED,Alcohol consumption (age 15+),Sri Lanka,TOTAL,,,
EE6F72ASA_0000001688,SA_0000001688,EE6F72A,SA_0000001688,2006,YEAR,124,COUNTRY,PUBLISHED,Alcohol consumption (age 15+),Canada,TOTAL,,,
EE6F72ASA_0000001688,SA_0000001688,EE6F72A,SA_0000001688,2006,YEAR,132,COUNTRY,PUBLISHED,Alcohol consumption (age 15+),Cabo Verde,TOTAL,,,
EE6F72ASA_0000001688,SA_0000001688,EE6F72A,SA_0000001688,2006,YEAR,150,REGION,PUBLISHED,Alcohol consumption (age 15+),Europe,TOTAL,,,
EE6F72ASA_0000001688,SA_0000001688,EE6F72A,SA_0000001688,2006,YEAR,151,REGION,PUBLISHED,Alcohol consumption (age 15+),Eastern Europe,TOTAL,,,
EE6F72ASA_0000001688,SA_0000001688,EE6F72A,SA_0000001688,2006,YEAR,152,COUNTRY,PUBLISHED,Alcohol consumption (age 15+),Chile,TOTAL,,,
EE6F72ASA_0000001688,SA_0000001688,EE6F72A,SA_0000001688,2006,YEAR,154,REGION,PUBLISHED,Alcohol consumption (age 15+),Northern Europe,TOTAL,,,
EE6F72ASA_0000001688,SA_0000001688,EE6F72A,SA_0000001688,2006,YEAR,145,REGION,PUBLISHED,Alcohol consumption (age 15+),Western Asia,TOTAL,,,
EE6F72ASA_0000001688,SA_0000001688,EE6F72A,SA_0000001688,2006,YEAR,148,COUNTRY,PUBLISHED,Alcohol consumption (age 15+),Chad,TOTAL,,,
EE6F72ASA_0000001688,SA_0000001688,EE6F72A,SA_0000001688,2006,YEAR,170,COUNTRY,PUBLISHED,Alcohol consumption (age 15+),Colombia,TOTAL,,,
EE6F72ASA_0000001688,SA_0000001688,EE6F72A,SA_0000001688,2006,YEAR,174,COUNTRY,PUBLISHED,Alcohol consumption (age 15+),Comoros,TOTAL,,,
EE6F72ASA_0000001688,SA_0000001688,EE6F72A,SA_0000001688,2006,YEAR,178,COUNTRY,PUBLISHED,Alcohol consumption (age 15+),Congo,TOTAL,,,
EE6F72ASA_0000001688,SA_0000001688,EE6F72A,SA_0000001688,2006,YEAR,180,COUNTRY,PUBLISHED,Alcohol consumption (age 15+),Democratic Republic of the Congo,TOTAL,,,
EE6F72ASA_0000001688,SA_0000001688,EE6F72A,SA_0000001688,2006,YEAR,155,REGION,PUBLISHED,Alcohol consumption (age 15+),Western Europe,TOTAL,,,
EE6F72ASA_0000001688,SA_0000001688,EE6F72A,SA_0000001688,2006,YEAR,156,COUNTRY,PUBLISHED,Alcohol consumption (age 15+),China,TOTAL,,,
EE6F72ASA_0000001688,SA_0000001688,EE6F72A,SA_0000001688,2008,YEAR,434,COUNTRY,PUBLISHED,Alcohol consumption (age 15+),Libya,TOTAL,,,
EE6F72ASA_0000001688,SA_0000001688,EE6F72A,SA_0000001688,2008,YEAR,440,COUNTRY,PUBLISHED,Alcohol consumption (age 15+),Lithuania,TOTAL,,,
EE6F72ASA_0000001688,SA_0000001688,EE6F72A,SA_0000001688,2008,YEAR,442,COUNTRY,PUBLISHED,Alcohol consumption (age 15+),Luxembourg,TOTAL,,,
EE6F72ASA_0000001688,SA_0000001688,EE6F72A,SA_0000001688,2008,YEAR,450,COUNTRY,PUBLISHED,Alcohol consumption (age 15+),Madagascar,TOTAL,,,
EE6F72ASA_0000001688,SA_0000001688,EE6F72A,SA_0000001688,2006,YEAR,188,COUNTRY,PUBLISHED,Alcohol consumption (age 15+),Costa Rica,TOTAL,,,
EE6F72ASA_0000001688,SA_0000001688,EE6F72A,SA_0000001688,2008,YEAR,432,CLASSIFICATION,PUBLISHED,Alcohol consumption (age 15+),Landlocked developing countries,TOTAL,,,
EE6F72ASA_0000001688,SA_0000001688,EE6F72A,SA_0000001688,2008,YEAR,462,COUNTRY,PUBLISHED,Alcohol consumption (age 15+),Maldives,TOTAL,,,
EE6F72ASA_0000001688,SA_0000001688,EE6F72A,SA_0000001688,2008,YEAR,466,COUNTRY,PUBLISHED,Alcohol consumption (age 15+),Mali,TOTAL,,,
EE6F72ASA_0000001688,SA_0000001688,EE6F72A,SA_0000001688,2008,YEAR,470,COUNTRY,PUBLISHED,Alcohol consumption (age 15+),Malta,TOTAL,,,
EE6F72ASA_0000001688,SA_0000001688,EE6F72A,SA_0000001688,2008,YEAR,478,COUNTRY,PUBLISHED,Alcohol consumption (age 15+),Mauritania,TOTAL,,,
EE6F72ASA_0000001688,SA_0000001688,EE6F72A,SA_0000001688,2008,YEAR,454,COUNTRY,PUBLISHED,Alcohol consumption (age 15+),Malawi,TOTAL,,,
EE6F72ASA_0000001688,SA_0000001688,EE6F72A,SA_0000001688,2008,YEAR,458,COUNTRY,PUBLISHED,Alcohol consumption (age 15+),Malaysia,TOTAL,,,
EE6F72ASA_0000001688,SA_0000001688,EE6F72A,SA_0000001688,2008,YEAR,496,COUNTRY,PUBLISHED,Alcohol consumption (age 15+),Mongolia,TOTAL,,,
EE6F72ASA_0000001688,SA_0000001688,EE6F72A,SA_0000001688,2008,YEAR,498,COUNTRY,PUBLISHED,Alcohol consumption (age 15+),Republic of Moldova,TOTAL,,,
EE6F72ASA_0000001688,SA_0000001688,EE6F72A,SA_0000001688,2008,YEAR,499,COUNTRY,PUBLISHED,Alcohol consumption (age 15+),Montenegro,TOTAL,,,
EE6F72ASA_0000001688,SA_0000001688,EE6F72A,SA_0000001688,2008,YEAR,504,COUNTRY,PUBLISHED,Alcohol consumption (age 15+),Morocco,TOTAL,,,
EE6F72ASA_0000001688,SA_0000001688,EE6F72A,SA_0000001688,2008,YEAR,480,COUNTRY,PUBLISHED,Alcohol consumption (age 15+),Mauritius,TOTAL,,,
EE6F72ASA_0000001688,SA_0000001688,EE6F72A,SA_0000001688,2008,YEAR,484,COUNTRY,PUBLISHED,Alcohol consumption (age 15+),Mexico,TOTAL,,,
EE6F72ASA_0000001688,SA_0000001688,EE6F72A,SA_0000001688,2008,YEAR,513,REGION,PUBLISHED,Alcohol consumption (age 15+),Europe and Northern America,TOTAL,,,
EE6F72ASA_0000001688,SA_0000001688,EE6F72A,SA_0000001688,2008,YEAR,514,CLASSIFICATION,PUBLISHED,Alcohol consumption (age 15+),"Developed regions (Europe, Cyprus, Israel, Northern America, Japan, Australia & New Zealand)",TOTAL,,,
EE6F72ASA_0000001688,SA_0000001688,EE6F72A,SA_0000001688,2008,YEAR,515,CLASSIFICATION,PUBLISHED,Alcohol consumption (age 15+),Developing regions,TOTAL,,,
EE6F72ASA_0000001688,SA_0000001688,EE6F72A,SA_0000001688,2008,YEAR,516,COUNTRY,PUBLISHED,Alcohol consumption (age 15+),Namibia,TOTAL,,,
EE6F72ASA_0000001688,SA_0000001688,EE6F72A,SA_0000001688,2008,YEAR,508,COUNTRY,PUBLISHED,Alcohol consumption (age 15+),Mozambique,TOTAL,,,
EE6F72ASA_0000001688,SA_0000001688,EE6F72A,SA_0000001688,2008,YEAR,512,COUNTRY,PUBLISHED,Alcohol consumption (age 15+),Oman,TOTAL,,,
EE6F72ASA_0000001688,SA_0000001688,EE6F72A,SA_0000001688,2008,YEAR,528,COUNTRY,PUBLISHED,Alcohol consumption (age 15+),Netherlands (Kingdom of the),TOTAL,,,
EE6F72ASA_0000001688,SA_0000001688,EE6F72A,SA_0000001688,2008,YEAR,543,REGION,PUBLISHED,Alcohol consumption (age 15+),Oceania (exc. Australia and New Zealand),TOTAL,,,
EE6F72ASA_0000001688,SA_0000001688,EE6F72A,SA_0000001688,2008,YEAR,548,COUNTRY,PUBLISHED,Alcohol consumption (age 15+),Vanuatu,TOTAL,,,
EE6F72ASA_0000001688,SA_0000001688,EE6F72A,SA_0000001688,2008,YEAR,554,COUNTRY,PUBLISHED,Alcohol consumption (age 15+),New Zealand,TOTAL,,,
EE6F72ASA_0000001688,SA_0000001688,EE6F72A,SA_0000001688,2008,YEAR,520,COUNTRY,PUBLISHED,Alcohol consumption (age 15+),Nauru,TOTAL,,,
EE6F72ASA_0000001688,SA_0000001688,EE6F72A,SA_0000001688,2008,YEAR,524,COUNTRY,PUBLISHED,Alcohol consumption (age 15+),Nepal,TOTAL,,,
EE6F72ASA_0000001688,SA_0000001688,EE6F72A,SA_0000001688,2008,YEAR,566,COUNTRY,PUBLISHED,Alcohol consumption (age 15+),Nigeria,TOTAL,,,
EE6F72ASA_0000001688,SA_0000001688,EE6F72A,SA_0000001688,2008,YEAR,570,COUNTRY,PUBLISHED,Alcohol consumption (age 15+),Niue,TOTAL,,,
EE6F72ASA_0000001688,SA_0000001688,EE6F72A,SA_0000001688,2008,YEAR,578,COUNTRY,PUBLISHED,Alcohol consumption (age 15+),Norway,TOTAL,,,
EE6F72ASA_0000001688,SA_0000001688,EE6F72A,SA_0000001688,2008,YEAR,583,COUNTRY,PUBLISHED,Alcohol consumption (age 15+),Micronesia (Federated States of),TOTAL,,,
EE6F72ASA_0000001688,SA_0000001688,EE6F72A,SA_0000001688,2008,YEAR,558,COUNTRY,PUBLISHED,Alcohol consumption (age 15+),Nicaragua,TOTAL,,,
EE6F72ASA_0000001688,SA_0000001688,EE6F72A,SA_0000001688,2008,YEAR,562,COUNTRY,PUBLISHED,Alcohol consumption (age 15+),Niger,TOTAL,,,
EE6F72ASA_0000001688,SA_0000001688,EE6F72A,SA_0000001688,2008,YEAR,598,COUNTRY,PUBLISHED,Alcohol consumption (age 15+),Papua New Guinea,TOTAL,,,
EE6F72ASA_0000001688,SA_0000001688,EE6F72A,SA_0000001688,2008,YEAR,600,COUNTRY,PUBLISHED,Alcohol consumption (age 15+),Paraguay,TOTAL,,,
EE6F72ASA_0000001688,SA_0000001688,EE6F72A,SA_0000001688,2008,YEAR,604,COUNTRY,PUBLISHED,Alcohol consumption (age 15+),Peru,TOTAL,,,
EE6F72ASA_0000001688,SA_0000001688,EE6F72A,SA_0000001688,2008,YEAR,608,COUNTRY,PUBLISHED,Alcohol consumption (age 15+),Philippines,TOTAL,,,
EE6F72ASA_0000001688,SA_0000001688,EE6F72A,SA_0000001688,2008,YEAR,586,COUNTRY,PUBLISHED,Alcohol consumption (age 15+),Pakistan,TOTAL,,,
EE6F72ASA_0000001688,SA_0000001688,EE6F72A,SA_0000001688,2008,YEAR,591,COUNTRY,PUBLISHED,Alcohol consumption (age 15+),Panama,TOTAL,,,
EE6F72ASA_0000001688,SA_0000001688,EE6F72A,SA_0000001688,2008,YEAR,624,COUNTRY,PUBLISHED,Alcohol consumption (age 15+),Guinea-Bissau,TOTAL,,,
EE6F72ASA_0000001688,SA_0000001688,EE6F72A,SA_0000001688,2008,YEAR,626,COUNTRY,PUBLISHED,Alcohol consumption (age 15+),Timor-Leste,TOTAL,,,
EE6F72ASA_0000001688,SA_0000001688,EE6F72A,SA_0000001688,2008,YEAR,634,COUNTRY,PUBLISHED,Alcohol consumption (age 15+),Qatar,TOTAL,,,
EE6F72ASA_0000001688,SA_0000001688,EE6F72A,SA_0000001688,2008,YEAR,642,COUNTRY,PUBLISHED,Alcohol consumption (age 15+),Romania,TOTAL,,,
EE6F72ASA_0000001688,SA_0000001688,EE6F72A,SA_0000001688,2008,YEAR,616,COUNTRY,PUBLISHED,Alcohol consumption (age 15+),Poland,TOTAL,,,
EE6F72ASA_0000001688,SA_0000001688,EE6F72A,SA_0000001688,2008,YEAR,620,COUNTRY,PUBLISHED,Alcohol consumption (age 15+),Portugal,TOTAL,,,
EE6F72ASA_0000001688,SA_0000001688,EE6F72A,SA_0000001688,2008,YEAR,659,COUNTRY,PUBLISHED,Alcohol consumption (age 15+),Saint Kitts and Nevis,TOTAL,,,
EE6F72ASA_0000001688,SA_0000001688,EE6F72A,SA_0000001688,2008,YEAR,662,COUNTRY,PUBLISHED,Alcohol consumption (age 15+),Saint Lucia,TOTAL,,,
EE6F72ASA_0000001688,SA_0000001688,EE6F72A,SA_0000001688,2008,YEAR,670,COUNTRY,PUBLISHED,Alcohol consumption (age 15+),Saint Vincent and the Grenadines,TOTAL,,,
EE6F72ASA_0000001688,SA_0000001688,EE6F72A,SA_0000001688,2008,YEAR,678,COUNTRY,PUBLISHED,Alcohol consumption (age 15+),Sao Tome and Principe,TOTAL,,,
EE6F72ASA_0000001688,SA_0000001688,EE6F72A,SA_0000001688,2008,YEAR,643,COUNTRY,PUBLISHED,Alcohol consumption (age 15+),Russian Federation,TOTAL,,,
EE6F72ASA_0000001688,SA_0000001688,EE6F72A,SA_0000001688,2008,YEAR,646,COUNTRY,PUBLISHED,Alcohol consumption (age 15+),Rwanda,TOTAL,,,
EE6F72ASA_0000001688,SA_0000001688,EE6F72A,SA_0000001688,2008,YEAR,690,COUNTRY,PUBLISHED,Alcohol consumption (age 15+),Seychelles,TOTAL,,,
EE6F72ASA_0000001688,SA_0000001688,EE6F72A,SA_0000001688,2008,YEAR,694,COUNTRY,PUBLISHED,Alcohol consumption (age 15+),Sierra Leone,TOTAL,,,
EE6F72ASA_0000001688,SA_0000001688,EE6F72A,SA_0000001688,2008,YEAR,702,COUNTRY,PUBLISHED,Alcohol consumption (age 15+),Singapore,TOTAL,,,
EE6F72ASA_0000001688,SA_0000001688,EE6F72A,SA_0000001688,2008,YEAR,703,COUNTRY,PUBLISHED,Alcohol consumption (age 15+),Slovakia,TOTAL,,,
EE6F72ASA_0000001688,SA_0000001688,EE6F72A,SA_0000001688,2008,YEAR,686,COUNTRY,PUBLISHED,Alcohol consumption (age 15+),Senegal,TOTAL,,,
EE6F72ASA_0000001688,SA_0000001688,EE6F72A,SA_0000001688,2008,YEAR,688,COUNTRY,PUBLISHED,Alcohol consumption (age 15+),Serbia,TOTAL,,,
EE6F72ASA_0000001688,SA_0000001688,EE6F72A,SA_0000001688,2008,YEAR,706,COUNTRY,PUBLISHED,Alcohol consumption (age 15+),Somalia,TOTAL,,,
EE6F72ASA_0000001688,SA_0000001688,EE6F72A,SA_0000001688,2008,YEAR,710,COUNTRY,PUBLISHED,Alcohol consumption (age 15+),South Africa,TOTAL,,,
EE6F72ASA_0000001688,SA_0000001688,EE6F72A,SA_0000001688,2008,YEAR,716,COUNTRY,PUBLISHED,Alcohol consumption (age 15+),Zimbabwe,TOTAL,,,
EE6F72ASA_0000001688,SA_0000001688,EE6F72A,SA_0000001688,2008,YEAR,722,CLASSIFICATION,PUBLISHED,Alcohol consumption (age 15+),Small Island Developing States,TOTAL,,,
EE6F72ASA_0000001688,SA_0000001688,EE6F72A,SA_0000001688,2008,YEAR,704,COUNTRY,PUBLISHED,Alcohol consumption (age 15+),Viet Nam,TOTAL,,,
EE6F72ASA_0000001688,SA_0000001688,EE6F72A,SA_0000001688,2008,YEAR,705,COUNTRY,PUBLISHED,Alcohol consumption (age 15+),Slovenia,TOTAL,,,
EE6F72ASA_0000001688,SA_0000001688,EE6F72A,SA_0000001688,2008,YEAR,729,COUNTRY,PUBLISHED,Alcohol consumption (age 15+),Sudan,TOTAL,,,
EE6F72ASA_0000001688,SA_0000001688,EE6F72A,SA_0000001688,2008,YEAR,740,COUNTRY,PUBLISHED,Alcohol consumption (age 15+),Suriname,TOTAL,,,
EE6F72ASA_0000001688,SA_0000001688,EE6F72A,SA_0000001688,2008,YEAR,747,REGION,PUBLISHED,Alcohol consumption (age 15+),Northern Africa and Western Asia,TOTAL,,,
EE6F72ASA_0000001688,SA_0000001688,EE6F72A,SA_0000001688,2008,YEAR,748,COUNTRY,PUBLISHED,Alcohol consumption (age 15+),Eswatini,TOTAL,,,
EE6F72ASA_0000001688,SA_0000001688,EE6F72A,SA_0000001688,2008,YEAR,724,COUNTRY,PUBLISHED,Alcohol consumption (age 15+),Spain,TOTAL,,,
EE6F72ASA_0000001688,SA_0000001688,EE6F72A,SA_0000001688,2008,YEAR,728,COUNTRY,PUBLISHED,Alcohol consumption (age 15+),South Sudan,TOTAL,,,
EE6F72ASA_0000001688,SA_0000001688,EE6F72A,SA_0000001688,2008,YEAR,756,COUNTRY,PUBLISHED,Alcohol consumption (age 15+),Switzerland,TOTAL,,,
EE6F72ASA_0000001688,SA_0000001688,EE6F72A,SA_0000001688,2008,YEAR,760,COUNTRY,PUBLISHED,Alcohol consumption (age 15+),Syrian Arab Republic,TOTAL,,,
EE6F72ASA_0000001688,SA_0000001688,EE6F72A,SA_0000001688,2008,YEAR,762,COUNTRY,PUBLISHED,Alcohol consumption (age 15+),Tajikistan,TOTAL,,,
EE6F72ASA_0000001688,SA_0000001688,EE6F72A,SA_0000001688,2008,YEAR,764,COUNTRY,PUBLISHED,Alcohol consumption (age 15+),Thailand,TOTAL,,,
EE6F72ASA_0000001688,SA_0000001688,EE6F72A,SA_0000001688,2008,YEAR,752,COUNTRY,PUBLISHED,Alcohol consumption (age 15+),Sweden,TOTAL,,,
EE6F72ASA_0000001688,SA_0000001688,EE6F72A,SA_0000001688,2008,YEAR,753,REGION,PUBLISHED,Alcohol consumption (age 15+),Eastern and South-Eastern Asia,TOTAL,,,
EE6F72ASA_0000001688,SA_0000001688,EE6F72A,SA_0000001688,2008,YEAR,777,REGION,PUBLISHED,Alcohol consumption (age 15+),,TOTAL,,,
EE6F72ASA_0000001688,SA_0000001688,EE6F72A,SA_0000001688,2008,YEAR,780,COUNTRY,PUBLISHED,Alcohol consumption (age 15+),Trinidad and Tobago,TOTAL,,,
EE6F72ASA_0000001688,SA_0000001688,EE6F72A,SA_0000001688,2008,YEAR,784,COUNTRY,PUBLISHED,Alcohol consumption (age 15+),United Arab Emirates,TOTAL,,,
EE6F72ASA_0000001688,SA_0000001688,EE6F72A,SA_0000001688,2008,YEAR,788,COUNTRY,PUBLISHED,Alcohol consumption (age 15+),Tunisia,TOTAL,,,
EE6F72ASA_0000001688,SA_0000001688,EE6F72A,SA_0000001688,2008,YEAR,768,COUNTRY,PUBLISHED,Alcohol consumption (age 15+),Togo,TOTAL,,,
EE6F72ASA_0000001688,SA_0000001688,EE6F72A,SA_0000001688,2008,YEAR,776,COUNTRY,PUBLISHED,Alcohol consumption (age 15+),Tonga,TOTAL,,,
EE6F72ASA_0000001688,SA_0000001688,EE6F72A,SA_0000001688,2008,YEAR,798,COUNTRY,PUBLISHED,Alcohol consumption (age 15+),Tuvalu,TOTAL,,,
EE6F72ASA_0000001688,SA_0000001688,EE6F72A,SA_0000001688,2008,YEAR,800,COUNTRY,PUBLISHED,Alcohol consumption (age 15+),Uganda,TOTAL,,,
EE6F72ASA_0000001688,SA_0000001688,EE6F72A,SA_0000001688,2008,YEAR,804,COUNTRY,PUBLISHED,Alcohol consumption (age 15+),Ukraine,TOTAL,,,
EE6F72ASA_0000001688,SA_0000001688,EE6F72A,SA_0000001688,2011,YEAR,430,COUNTRY,PUBLISHED,Alcohol consumption (age 15+),Liberia,TOTAL,,,
EE6F72ASA_0000001688,SA_0000001688,EE6F72A,SA_0000001688,2008,YEAR,792,COUNTRY,PUBLISHED,Alcohol consumption (age 15+),Türkiye,TOTAL,,,
EE6F72ASA_0000001688,SA_0000001688,EE6F72A,SA_0000001688,2008,YEAR,795,COUNTRY,PUBLISHED,Alcohol consumption (age 15+),Turkmenistan,TOTAL,,,
EE6F72ASA_0000001688,SA_0000001688,EE6F72A,SA_0000001688,2011,YEAR,440,COUNTRY,PUBLISHED,Alcohol consumption (age 15+),Lithuania,TOTAL,,,
EE6F72ASA_0000001688,SA_0000001688,EE6F72A,SA_0000001688,2011,YEAR,442,COUNTRY,PUBLISHED,Alcohol consumption (age 15+),Luxembourg,TOTAL,,,
EE6F72ASA_0000001688,SA_0000001688,EE6F72A,SA_0000001688,2011,YEAR,450,COUNTRY,PUBLISHED,Alcohol consumption (age 15+),Madagascar,TOTAL,,,
EE6F72ASA_0000001688,SA_0000001688,EE6F72A,SA_0000001688,2011,YEAR,454,COUNTRY,PUBLISHED,Alcohol consumption (age 15+),Malawi,TOTAL,,,
EE6F72ASA_0000001688,SA_0000001688,EE6F72A,SA_0000001688,2011,YEAR,432,CLASSIFICATION,PUBLISHED,Alcohol consumption (age 15+),Landlocked developing countries,TOTAL,,,
EE6F72ASA_0000001688,SA_0000001688,EE6F72A,SA_0000001688,2011,YEAR,434,COUNTRY,PUBLISHED,Alcohol consumption (age 15+),Libya,TOTAL,,,
EE6F72ASA_0000001688,SA_0000001688,EE6F72A,SA_0000001688,2011,YEAR,466,COUNTRY,PUBLISHED,Alcohol consumption (age 15+),Mali,TOTAL,,,
EE6F72ASA_0000001688,SA_0000001688,EE6F72A,SA_0000001688,2011,YEAR,470,COUNTRY,PUBLISHED,Alcohol consumption (age 15+),Malta,TOTAL,,,
EE6F72ASA_0000001688,SA_0000001688,EE6F72A,SA_0000001688,2011,YEAR,478,COUNTRY,PUBLISHED,Alcohol consumption (age 15+),Mauritania,TOTAL,,,
EE6F72ASA_0000001688,SA_0000001688,EE6F72A,SA_0000001688,2011,YEAR,480,COUNTRY,PUBLISHED,Alcohol consumption (age 15+),Mauritius,TOTAL,,,
EE6F72ASA_0000001688,SA_0000001688,EE6F72A,SA_0000001688,2011,YEAR,458,COUNTRY,PUBLISHED,Alcohol consumption (age 15+),Malaysia,TOTAL,,,
EE6F72ASA_0000001688,SA_0000001688,EE6F72A,SA_0000001688,2011,YEAR,462,COUNTRY,PUBLISHED,Alcohol consumption (age 15+),Maldives,TOTAL,,,
EE6F72ASA_0000001688,SA_0000001688,EE6F72A,SA_0000001688,2011,YEAR,498,COUNTRY,PUBLISHED,Alcohol consumption (age 15+),Republic of Moldova,TOTAL,,,
EE6F72ASA_0000001688,SA_0000001688,EE6F72A,SA_0000001688,2011,YEAR,499,COUNTRY,PUBLISHED,Alcohol consumption (age 15+),Montenegro,TOTAL,,,
EE6F72ASA_0000001688,SA_0000001688,EE6F72A,SA_0000001688,2011,YEAR,504,COUNTRY,PUBLISHED,Alcohol consumption (age 15+),Morocco,TOTAL,,,
EE6F72ASA_0000001688,SA_0000001688,EE6F72A,SA_0000001688,2011,YEAR,508,COUNTRY,PUBLISHED,Alcohol consumption (age 15+),Mozambique,TOTAL,,,
EE6F72ASA_0000001688,SA_0000001688,EE6F72A,SA_0000001688,2011,YEAR,484,COUNTRY,PUBLISHED,Alcohol consumption (age 15+),Mexico,TOTAL,,,
EE6F72ASA_0000001688,SA_0000001688,EE6F72A,SA_0000001688,2011,YEAR,496,COUNTRY,PUBLISHED,Alcohol consumption (age 15+),Mongolia,TOTAL,,,
EE6F72ASA_0000001688,SA_0000001688,EE6F72A,SA_0000001688,2011,YEAR,514,CLASSIFICATION,PUBLISHED,Alcohol consumption (age 15+),"Developed regions (Europe, Cyprus, Israel, Northern America, Japan, Australia & New Zealand)",TOTAL,,,
EE6F72ASA_0000001688,SA_0000001688,EE6F72A,SA_0000001688,2011,YEAR,543,REGION,PUBLISHED,Alcohol consumption (age 15+),Oceania (exc. Australia and New Zealand),TOTAL,,,
EE6F72ASA_0000001688,SA_0000001688,EE6F72A,SA_0000001688,2011,YEAR,548,COUNTRY,PUBLISHED,Alcohol consumption (age 15+),Vanuatu,TOTAL,,,
EE6F72ASA_0000001688,SA_0000001688,EE6F72A,SA_0000001688,2011,YEAR,554,COUNTRY,PUBLISHED,Alcohol consumption (age 15+),New Zealand,TOTAL,,,
EE6F72ASA_0000001688,SA_0000001688,EE6F72A,SA_0000001688,2011,YEAR,558,COUNTRY,PUBLISHED,Alcohol consumption (age 15+),Nicaragua,TOTAL,,,
EE6F72ASA_0000001688,SA_0000001688,EE6F72A,SA_0000001688,2011,YEAR,515,CLASSIFICATION,PUBLISHED,Alcohol consumption (age 15+),Developing regions,TOTAL,,,
EE6F72ASA_0000001688,SA_0000001688,EE6F72A,SA_0000001688,2011,YEAR,516,COUNTRY,PUBLISHED,Alcohol consumption (age 15+),Namibia,TOTAL,,,
EE6F72ASA_0000001688,SA_0000001688,EE6F72A,SA_0000001688,2011,YEAR,520,COUNTRY,PUBLISHED,Alcohol consumption (age 15+),Nauru,TOTAL,,,
EE6F72ASA_0000001688,SA_0000001688,EE6F72A,SA_0000001688,2011,YEAR,512,COUNTRY,PUBLISHED,Alcohol consumption (age 15+),Oman,TOTAL,,,
EE6F72ASA_0000001688,SA_0000001688,EE6F72A,SA_0000001688,2011,YEAR,513,REGION,PUBLISHED,Alcohol consumption (age 15+),Europe and Northern America,TOTAL,,,
EE6F72ASA_0000001688,SA_0000001688,EE6F72A,SA_0000001688,2011,YEAR,524,COUNTRY,PUBLISHED,Alcohol consumption (age 15+),Nepal,TOTAL,,,
EE6F72ASA_0000001688,SA_0000001688,EE6F72A,SA_0000001688,2011,YEAR,528,COUNTRY,PUBLISHED,Alcohol consumption (age 15+),Netherlands (Kingdom of the),TOTAL,,,
EE6F72ASA_0000001688,SA_0000001688,EE6F72A,SA_0000001688,2011,YEAR,562,COUNTRY,PUBLISHED,Alcohol consumption (age 15+),Niger,TOTAL,,,
EE6F72ASA_0000001688,SA_0000001688,EE6F72A,SA_0000001688,2011,YEAR,566,COUNTRY,PUBLISHED,Alcohol consumption (age 15+),Nigeria,TOTAL,,,
EE6F72ASA_0000001688,SA_0000001688,EE6F72A,SA_0000001688,2011,YEAR,570,COUNTRY,PUBLISHED,Alcohol consumption (age 15+),Niue,TOTAL,,,
EE6F72ASA_0000001688,SA_0000001688,EE6F72A,SA_0000001688,2011,YEAR,578,COUNTRY,PUBLISHED,Alcohol consumption (age 15+),Norway,TOTAL,,,
EE6F72ASA_0000001688,SA_0000001688,EE6F72A,SA_0000001688,2011,YEAR,583,COUNTRY,PUBLISHED,Alcohol consumption (age 15+),Micronesia (Federated States of),TOTAL,,,
EE6F72ASA_0000001688,SA_0000001688,EE6F72A,SA_0000001688,2011,YEAR,586,COUNTRY,PUBLISHED,Alcohol consumption (age 15+),Pakistan,TOTAL,,,
EE6F72ASA_0000001688,SA_0000001688,EE6F72A,SA_0000001688,2011,YEAR,600,COUNTRY,PUBLISHED,Alcohol consumption (age 15+),Paraguay,TOTAL,,,
EE6F72ASA_0000001688,SA_0000001688,EE6F72A,SA_0000001688,2011,YEAR,604,COUNTRY,PUBLISHED,Alcohol consumption (age 15+),Peru,TOTAL,,,
EE6F72ASA_0000001688,SA_0000001688,EE6F72A,SA_0000001688,2011,YEAR,608,COUNTRY,PUBLISHED,Alcohol consumption (age 15+),Philippines,TOTAL,,,
EE6F72ASA_0000001688,SA_0000001688,EE6F72A,SA_0000001688,2011,YEAR,616,COUNTRY,PUBLISHED,Alcohol consumption (age 15+),Poland,TOTAL,,,
EE6F72ASA_0000001688,SA_0000001688,EE6F72A,SA_0000001688,2011,YEAR,591,COUNTRY,PUBLISHED,Alcohol consumption (age 15+),Panama,TOTAL,,,
EE6F72ASA_0000001688,SA_0000001688,EE6F72A,SA_0000001688,2011,YEAR,598,COUNTRY,PUBLISHED,Alcohol consumption (age 15+),Papua New Guinea,TOTAL,,,
EE6F72ASA_0000001688,SA_0000001688,EE6F72A,SA_0000001688,2011,YEAR,626,COUNTRY,PUBLISHED,Alcohol consumption (age 15+),Timor-Leste,TOTAL,,,
EE6F72ASA_0000001688,SA_0000001688,EE6F72A,SA_0000001688,2011,YEAR,662,COUNTRY,PUBLISHED,Alcohol consumption (age 15+),Saint Lucia,TOTAL,,,
EE6F72ASA_0000001688,SA_0000001688,EE6F72A,SA_0000001688,2011,YEAR,670,COUNTRY,PUBLISHED,Alcohol consumption (age 15+),Saint Vincent and the Grenadines,TOTAL,,,
EE6F72ASA_0000001688,SA_0000001688,EE6F72A,SA_0000001688,2011,YEAR,678,COUNTRY,PUBLISHED,Alcohol consumption (age 15+),Sao Tome and Principe,TOTAL,,,
EE6F72ASA_0000001688,SA_0000001688,EE6F72A,SA_0000001688,2011,YEAR,686,COUNTRY,PUBLISHED,Alcohol consumption (age 15+),Senegal,TOTAL,,,
EE6F72ASA_0000001688,SA_0000001688,EE6F72A,SA_0000001688,2011,YEAR,634,COUNTRY,PUBLISHED,Alcohol consumption (age 15+),Qatar,TOTAL,,,
EE6F72ASA_0000001688,SA_0000001688,EE6F72A,SA_0000001688,2011,YEAR,642,COUNTRY,PUBLISHED,Alcohol consumption (age 15+),Romania,TOTAL,,,
EE6F72ASA_0000001688,SA_0000001688,EE6F72A,SA_0000001688,2011,YEAR,643,COUNTRY,PUBLISHED,Alcohol consumption (age 15+),Russian Federation,TOTAL,,,
EE6F72ASA_0000001688,SA_0000001688,EE6F72A,SA_0000001688,2011,YEAR,620,COUNTRY,PUBLISHED,Alcohol consumption (age 15+),Portugal,TOTAL,,,
EE6F72ASA_0000001688,SA_0000001688,EE6F72A,SA_0000001688,2011,YEAR,624,COUNTRY,PUBLISHED,Alcohol consumption (age 15+),Guinea-Bissau,TOTAL,,,
EE6F72ASA_0000001688,SA_0000001688,EE6F72A,SA_0000001688,2011,YEAR,646,COUNTRY,PUBLISHED,Alcohol consumption (age 15+),Rwanda,TOTAL,,,
EE6F72ASA_0000001688,SA_0000001688,EE6F72A,SA_0000001688,2011,YEAR,659,COUNTRY,PUBLISHED,Alcohol consumption (age 15+),Saint Kitts and Nevis,TOTAL,,,
EE6F72ASA_0000001688,SA_0000001688,EE6F72A,SA_0000001688,2011,YEAR,688,COUNTRY,PUBLISHED,Alcohol consumption (age 15+),Serbia,TOTAL,,,
EE6F72ASA_0000001688,SA_0000001688,EE6F72A,SA_0000001688,2011,YEAR,710,COUNTRY,PUBLISHED,Alcohol consumption (age 15+),South Africa,TOTAL,,,
EE6F72ASA_0000001688,SA_0000001688,EE6F72A,SA_0000001688,2011,YEAR,716,COUNTRY,PUBLISHED,Alcohol consumption (age 15+),Zimbabwe,TOTAL,,,
EE6F72ASA_0000001688,SA_0000001688,EE6F72A,SA_0000001688,2011,YEAR,722,CLASSIFICATION,PUBLISHED,Alcohol consumption (age 15+),Small Island Developing States,TOTAL,,,
EE6F72ASA_0000001688,SA_0000001688,EE6F72A,SA_0000001688,2011,YEAR,724,COUNTRY,PUBLISHED,Alcohol consumption (age 15+),Spain,TOTAL,,,
EE6F72ASA_0000001688,SA_0000001688,EE6F72A,SA_0000001688,2011,YEAR,690,COUNTRY,PUBLISHED,Alcohol consumption (age 15+),Seychelles,TOTAL,,,
EE6F72ASA_0000001688,SA_0000001688,EE6F72A,SA_0000001688,2011,YEAR,694,COUNTRY,PUBLISHED,Alcohol consumption (age 15+),Sierra Leone,TOTAL,,,
EE6F72ASA_0000001688,SA_0000001688,EE6F72A,SA_0000001688,2011,YEAR,702,COUNTRY,PUBLISHED,Alcohol consumption (age 15+),Singapore,TOTAL,,,
EE6F72ASA_0000001688,SA_0000001688,EE6F72A,SA_0000001688,2011,YEAR,703,COUNTRY,PUBLISHED,Alcohol consumption (age 15+),Slovakia,TOTAL,,,
EE6F72ASA_0000001688,SA_0000001688,EE6F72A,SA_0000001688,2011,YEAR,704,COUNTRY,PUBLISHED,Alcohol consumption (age 15+),Viet Nam,TOTAL,,,
EE6F72ASA_0000001688,SA_0000001688,EE6F72A,SA_0000001688,2011,YEAR,705,COUNTRY,PUBLISHED,Alcohol consumption (age 15+),Slovenia,TOTAL,,,
EE6F72ASA_0000001688,SA_0000001688,EE6F72A,SA_0000001688,2011,YEAR,706,COUNTRY,PUBLISHED,Alcohol consumption (age 15+),Somalia,TOTAL,,,
EE6F72ASA_0000001688,SA_0000001688,EE6F72A,SA_0000001688,2011,YEAR,728,COUNTRY,PUBLISHED,Alcohol consumption (age 15+),South Sudan,TOTAL,,,
EE6F72ASA_0000001688,SA_0000001688,EE6F72A,SA_0000001688,2011,YEAR,760,COUNTRY,PUBLISHED,Alcohol consumption (age 15+),Syrian Arab Republic,TOTAL,,,
EE6F72ASA_0000001688,SA_0000001688,EE6F72A,SA_0000001688,2011,YEAR,762,COUNTRY,PUBLISHED,Alcohol consumption (age 15+),Tajikistan,TOTAL,,,
EE6F72ASA_0000001688,SA_0000001688,EE6F72A,SA_0000001688,2000,YEAR,001,GLOBAL,PUBLISHED,Alcohol consumption (age 15+),World,TOTAL,,,
EE6F72ASA_0000001688,SA_0000001688,EE6F72A,SA_0000001688,2000,YEAR,002,REGION,PUBLISHED,Alcohol consumption (age 15+),Africa,TOTAL,,,
EE6F72ASA_0000001688,SA_0000001688,EE6F72A,SA_0000001688,2011,YEAR,729,COUNTRY,PUBLISHED,Alcohol consumption (age 15+),Sudan,TOTAL,,,
EE6F72ASA_0000001688,SA_0000001688,EE6F72A,SA_0000001688,2011,YEAR,740,COUNTRY,PUBLISHED,Alcohol consumption (age 15+),Suriname,TOTAL,,,
EE6F72ASA_0000001688,SA_0000001688,EE6F72A,SA_0000001688,2011,YEAR,747,REGION,PUBLISHED,Alcohol consumption (age 15+),Northern Africa and Western Asia,TOTAL,,,
EE6F72ASA_0000001688,SA_0000001688,EE6F72A,SA_0000001688,2011,YEAR,748,COUNTRY,PUBLISHED,Alcohol consumption (age 15+),Eswatini,TOTAL,,,
EE6F72ASA_0000001688,SA_0000001688,EE6F72A,SA_0000001688,2011,YEAR,752,COUNTRY,PUBLISHED,Alcohol consumption (age 15+),Sweden,TOTAL,,,
EE6F72ASA_0000001688,SA_0000001688,EE6F72A,SA_0000001688,2011,YEAR,753,REGION,PUBLISHED,Alcohol consumption (age 15+),Eastern and South-Eastern Asia,TOTAL,,,
EE6F72ASA_0000001688,SA_0000001688,EE6F72A,SA_0000001688,2011,YEAR,756,COUNTRY,PUBLISHED,Alcohol consumption (age 15+),Switzerland,TOTAL,,,
EE6F72ASA_0000001688,SA_0000001688,EE6F72A,SA_0000001688,2000,YEAR,004,COUNTRY,PUBLISHED,Alcohol consumption (age 15+),Afghanistan,TOTAL,,,
EE6F72ASA_0000001688,SA_0000001688,EE6F72A,SA_0000001688,2000,YEAR,005,REGION,PUBLISHED,Alcohol consumption (age 15+),South America,TOTAL,,,
EE6F72ASA_0000001688,SA_0000001688,EE6F72A,SA_0000001688,2000,YEAR,008,COUNTRY,PUBLISHED,Alcohol consumption (age 15+),Albania,TOTAL,,,
EE6F72ASA_0000001688,SA_0000001688,EE6F72A,SA_0000001688,2000,YEAR,018,REGION,PUBLISHED,Alcohol consumption (age 15+),Southern Africa,TOTAL,,,
EE6F72ASA_0000001688,SA_0000001688,EE6F72A,SA_0000001688,2000,YEAR,019,REGION,PUBLISHED,Alcohol consumption (age 15+),Americas,TOTAL,,,
EE6F72ASA_0000001688,SA_0000001688,EE6F72A,SA_0000001688,2000,YEAR,009,REGION,PUBLISHED,Alcohol consumption (age 15+),Oceania,TOTAL,,,
EE6F72ASA_0000001688,SA_0000001688,EE6F72A,SA_0000001688,2000,YEAR,011,REGION,PUBLISHED,Alcohol consumption (age 15+),Western Africa,TOTAL,,,
EE6F72ASA_0000001688,SA_0000001688,EE6F72A,SA_0000001688,2000,YEAR,012,COUNTRY,PUBLISHED,Alcohol consumption (age 15+),Algeria,TOTAL,,,
EE6F72ASA_0000001688,SA_0000001688,EE6F72A,SA_0000001688,2000,YEAR,015,REGION,PUBLISHED,Alcohol consumption (age 15+),Northern Africa,TOTAL,,,
EE6F72ASA_0000001688,SA_0000001688,EE6F72A,SA_0000001688,2000,YEAR,017,REGION,PUBLISHED,Alcohol consumption (age 15+),Middle Africa,TOTAL,,,
EE6F72ASA_0000001688,SA_0000001688,EE6F72A,SA_0000001688,2000,YEAR,013,REGION,PUBLISHED,Alcohol consumption (age 15+),Central America,TOTAL,,,
EE6F72ASA_0000001688,SA_0000001688,EE6F72A,SA_0000001688,2000,YEAR,014,REGION,PUBLISHED,Alcohol consumption (age 15+),Eastern Africa,TOTAL,,,
EE6F72ASA_0000001688,SA_0000001688,EE6F72A,SA_0000001688,2000,YEAR,029,REGION,PUBLISHED,Alcohol consumption (age 15+),Caribbean,TOTAL,,,
EE6F72ASA_0000001688,SA_0000001688,EE6F72A,SA_0000001688,2000,YEAR,030,REGION,PUBLISHED,Alcohol consumption (age 15+),Eastern Asia,TOTAL,,,
EE6F72ASA_0000001688,SA_0000001688,EE6F72A,SA_0000001688,2000,YEAR,020,COUNTRY,PUBLISHED,Alcohol consumption (age 15+),Andorra,TOTAL,,,
EE6F72ASA_0000001688,SA_0000001688,EE6F72A,SA_0000001688,2000,YEAR,021,REGION,PUBLISHED,Alcohol consumption (age 15+),Northern America,TOTAL,,,
EE6F72ASA_0000001688,SA_0000001688,EE6F72A,SA_0000001688,2000,YEAR,024,COUNTRY,PUBLISHED,Alcohol consumption (age 15+),Angola,TOTAL,,,
EE6F72ASA_0000001688,SA_0000001688,EE6F72A,SA_0000001688,2000,YEAR,028,COUNTRY,PUBLISHED,Alcohol consumption (age 15+),Antigua and Barbuda,TOTAL,,,
EE6F72ASA_0000001688,SA_0000001688,EE6F72A,SA_0000001688,2000,YEAR,034,REGION,PUBLISHED,Alcohol consumption (age 15+),Southern Asia,TOTAL,,,
EE6F72ASA_0000001688,SA_0000001688,EE6F72A,SA_0000001688,2000,YEAR,035,REGION,PUBLISHED,Alcohol consumption (age 15+),South-eastern Asia,TOTAL,,,
EE6F72ASA_0000001688,SA_0000001688,EE6F72A,SA_0000001688,2000,YEAR,036,COUNTRY,PUBLISHED,Alcohol consumption (age 15+),Australia,TOTAL,,,
EE6F72ASA_0000001688,SA_0000001688,EE6F72A,SA_0000001688,2000,YEAR,039,REGION,PUBLISHED,Alcohol consumption (age 15+),Southern Europe,TOTAL,,,
EE6F72ASA_0000001688,SA_0000001688,EE6F72A,SA_0000001688,2000,YEAR,031,COUNTRY,PUBLISHED,Alcohol consumption (age 15+),Azerbaijan,TOTAL,,,
EE6F72ASA_0000001688,SA_0000001688,EE6F72A,SA_0000001688,2000,YEAR,032,COUNTRY,PUBLISHED,Alcohol consumption (age 15+),Argentina,TOTAL,,,
EE6F72ASA_0000001688,SA_0000001688,EE6F72A,SA_0000001688,2000,YEAR,048,COUNTRY,PUBLISHED,Alcohol consumption (age 15+),Bahrain,TOTAL,,,
EE6F72ASA_0000001688,SA_0000001688,EE6F72A,SA_0000001688,2000,YEAR,050,COUNTRY,PUBLISHED,Alcohol consumption (age 15+),Bangladesh,TOTAL,,,
EE6F72ASA_0000001688,SA_0000001688,EE6F72A,SA_0000001688,2000,YEAR,051,COUNTRY,PUBLISHED,Alcohol consumption (age 15+),Armenia,TOTAL,,,
EE6F72ASA_0000001688,SA_0000001688,EE6F72A,SA_0000001688,2000,YEAR,061,REGION,PUBLISHED,Alcohol consumption (age 15+),Polynesia,TOTAL,,,
EE6F72ASA_0000001688,SA_0000001688,EE6F72A,SA_0000001688,2000,YEAR,062,REGION,PUBLISHED,Alcohol consumption (age 15+),Central and Southern Asia,TOTAL,,,
EE6F72ASA_0000001688,SA_0000001688,EE6F72A,SA_0000001688,2000,YEAR,052,COUNTRY,PUBLISHED,Alcohol consumption (age 15+),Barbados,TOTAL,,,
EE6F72ASA_0000001688,SA_0000001688,EE6F72A,SA_0000001688,2000,YEAR,040,COUNTRY,PUBLISHED,Alcohol consumption (age 15+),Austria,TOTAL,,,
EE6F72ASA_0000001688,SA_0000001688,EE6F72A,SA_0000001688,2000,YEAR,044,COUNTRY,PUBLISHED,Alcohol consumption (age 15+),Bahamas,TOTAL,,,
EE6F72ASA_0000001688,SA_0000001688,EE6F72A,SA_0000001688,2000,YEAR,056,COUNTRY,PUBLISHED,Alcohol consumption (age 15+),Belgium,TOTAL,,,
EE6F72ASA_0000001688,SA_0000001688,EE6F72A,SA_0000001688,2000,YEAR,057,REGION,PUBLISHED,Alcohol consumption (age 15+),Micronesia,TOTAL,,,
EE6F72ASA_0000001688,SA_0000001688,EE6F72A,SA_0000001688,2000,YEAR,053,REGION,PUBLISHED,Alcohol consumption (age 15+),Australia and New Zealand,TOTAL,,,
EE6F72ASA_0000001688,SA_0000001688,EE6F72A,SA_0000001688,2000,YEAR,054,REGION,PUBLISHED,Alcohol consumption (age 15+),Melanesia,TOTAL,,,
EE6F72ASA_0000001688,SA_0000001688,EE6F72A,SA_0000001688,2000,YEAR,076,COUNTRY,PUBLISHED,Alcohol consumption (age 15+),Brazil,TOTAL,,,
EE6F72ASA_0000001688,SA_0000001688,EE6F72A,SA_0000001688,2000,YEAR,100,COUNTRY,PUBLISHED,Alcohol consumption (age 15+),Bulgaria,TOTAL,,,
EE6F72ASA_0000001688,SA_0000001688,EE6F72A,SA_0000001688,2000,YEAR,104,COUNTRY,PUBLISHED,Alcohol consumption (age 15+),Myanmar,TOTAL,,,
EE6F72ASA_0000001688,SA_0000001688,EE6F72A,SA_0000001688,2000,YEAR,108,COUNTRY,PUBLISHED,Alcohol consumption (age 15+),Burundi,TOTAL,,,
EE6F72ASA_0000001688,SA_0000001688,EE6F72A,SA_0000001688,2000,YEAR,112,COUNTRY,PUBLISHED,Alcohol consumption (age 15+),Belarus,TOTAL,,,
EE6F72ASA_0000001688,SA_0000001688,EE6F72A,SA_0000001688,2000,YEAR,084,COUNTRY,PUBLISHED,Alcohol consumption (age 15+),Belize,TOTAL,,,
EE6F72ASA_0000001688,SA_0000001688,EE6F72A,SA_0000001688,2000,YEAR,064,COUNTRY,PUBLISHED,Alcohol consumption (age 15+),Bhutan,TOTAL,,,
EE6F72ASA_0000001688,SA_0000001688,EE6F72A,SA_0000001688,2000,YEAR,068,COUNTRY,PUBLISHED,Alcohol consumption (age 15+),Bolivia (Plurinational State of),TOTAL,,,
EE6F72ASA_0000001688,SA_0000001688,EE6F72A,SA_0000001688,2000,YEAR,070,COUNTRY,PUBLISHED,Alcohol consumption (age 15+),Bosnia and Herzegovina,TOTAL,,,
EE6F72ASA_0000001688,SA_0000001688,EE6F72A,SA_0000001688,2000,YEAR,072,COUNTRY,PUBLISHED,Alcohol consumption (age 15+),Botswana,TOTAL,,,
EE6F72ASA_0000001688,SA_0000001688,EE6F72A,SA_0000001688,2000,YEAR,090,COUNTRY,PUBLISHED,Alcohol consumption (age 15+),Solomon Islands,TOTAL,,,
EE6F72ASA_0000001688,SA_0000001688,EE6F72A,SA_0000001688,2000,YEAR,096,COUNTRY,PUBLISHED,Alcohol consumption (age 15+),Brunei Darussalam,TOTAL,,,
EE6F72ASA_0000001688,SA_0000001688,EE6F72A,SA_0000001688,2000,YEAR,116,COUNTRY,PUBLISHED,Alcohol consumption (age 15+),Cambodia,TOTAL,,,
EE6F72ASA_0000001688,SA_0000001688,EE6F72A,SA_0000001688,2000,YEAR,120,COUNTRY,PUBLISHED,Alcohol consumption (age 15+),Cameroon,TOTAL,,,
EE6F72ASA_0000001688,SA_0000001688,EE6F72A,SA_0000001688,2000,YEAR,124,COUNTRY,PUBLISHED,Alcohol consumption (age 15+),Canada,TOTAL,,,
EE6F72ASA_0000001688,SA_0000001688,EE6F72A,SA_0000001688,2000,YEAR,132,COUNTRY,PUBLISHED,Alcohol consumption (age 15+),Cabo Verde,TOTAL,,,
EE6F72ASA_0000001688,SA_0000001688,EE6F72A,SA_0000001688,2000,YEAR,140,COUNTRY,PUBLISHED,Alcohol consumption (age 15+),Central African Republic,TOTAL,,,
EE6F72ASA_0000001688,SA_0000001688,EE6F72A,SA_0000001688,2000,YEAR,142,REGION,PUBLISHED,Alcohol consumption (age 15+),Asia,TOTAL,,,
EE6F72ASA_0000001688,SA_0000001688,EE6F72A,SA_0000001688,2000,YEAR,145,REGION,PUBLISHED,Alcohol consumption (age 15+),Western Asia,TOTAL,,,
EE6F72ASA_0000001688,SA_0000001688,EE6F72A,SA_0000001688,2000,YEAR,148,COUNTRY,PUBLISHED,Alcohol consumption (age 15+),Chad,TOTAL,,,
EE6F72ASA_0000001688,SA_0000001688,EE6F72A,SA_0000001688,2000,YEAR,150,REGION,PUBLISHED,Alcohol consumption (age 15+),Europe,TOTAL,,,
EE6F72ASA_0000001688,SA_0000001688,EE6F72A,SA_0000001688,2000,YEAR,151,REGION,PUBLISHED,Alcohol consumption (age 15+),Eastern Europe,TOTAL,,,
EE6F72ASA_0000001688,SA_0000001688,EE6F72A,SA_0000001688,2000,YEAR,143,REGION,PUBLISHED,Alcohol consumption (age 15+),Central Asia,TOTAL,,,
EE6F72ASA_0000001688,SA_0000001688,EE6F72A,SA_0000001688,2000,YEAR,144,COUNTRY,PUBLISHED,Alcohol consumption (age 15+),Sri Lanka,TOTAL,,,
EE6F72ASA_0000001688,SA_0000001688,EE6F72A,SA_0000001688,2000,YEAR,155,REGION,PUBLISHED,Alcohol consumption (age 15+),Western Europe,TOTAL,,,
EE6F72ASA_0000001688,SA_0000001688,EE6F72A,SA_0000001688,2000,YEAR,156,COUNTRY,PUBLISHED,Alcohol consumption (age 15+),China,TOTAL,,,
EE6F72ASA_0000001688,SA_0000001688,EE6F72A,SA_0000001688,2000,YEAR,170,COUNTRY,PUBLISHED,Alcohol consumption (age 15+),Colombia,TOTAL,,,
EE6F72ASA_0000001688,SA_0000001688,EE6F72A,SA_0000001688,2000,YEAR,174,COUNTRY,PUBLISHED,Alcohol consumption (age 15+),Comoros,TOTAL,,,
EE6F72ASA_0000001688,SA_0000001688,EE6F72A,SA_0000001688,2000,YEAR,152,COUNTRY,PUBLISHED,Alcohol consumption (age 15+),Chile,TOTAL,,,
EE6F72ASA_0000001688,SA_0000001688,EE6F72A,SA_0000001688,2000,YEAR,154,REGION,PUBLISHED,Alcohol consumption (age 15+),Northern Europe,TOTAL,,,
EE6F72ASA_0000001688,SA_0000001688,EE6F72A,SA_0000001688,2000,YEAR,188,COUNTRY,PUBLISHED,Alcohol consumption (age 15+),Costa Rica,TOTAL,,,
EE6F72ASA_0000001688,SA_0000001688,EE6F72A,SA_0000001688,2000,YEAR,191,COUNTRY,PUBLISHED,Alcohol consumption (age 15+),Croatia,TOTAL,,,
EE6F72ASA_0000001688,SA_0000001688,EE6F72A,SA_0000001688,2000,YEAR,192,COUNTRY,PUBLISHED,Alcohol consumption (age 15+),Cuba,TOTAL,,,
EE6F72ASA_0000001688,SA_0000001688,EE6F72A,SA_0000001688,2002,YEAR,440,COUNTRY,PUBLISHED,Alcohol consumption (age 15+),Lithuania,TOTAL,,,
EE6F72ASA_0000001688,SA_0000001688,EE6F72A,SA_0000001688,2000,YEAR,178,COUNTRY,PUBLISHED,Alcohol consumption (age 15+),Congo,TOTAL,,,
EE6F72ASA_0000001688,SA_0000001688,EE6F72A,SA_0000001688,2000,YEAR,180,COUNTRY,PUBLISHED,Alcohol consumption (age 15+),Democratic Republic of the Congo,TOTAL,,,
EE6F72ASA_0000001688,SA_0000001688,EE6F72A,SA_0000001688,2002,YEAR,454,COUNTRY,PUBLISHED,Alcohol consumption (age 15+),Malawi,TOTAL,,,
EE6F72ASA_0000001688,SA_0000001688,EE6F72A,SA_0000001688,2002,YEAR,480,COUNTRY,PUBLISHED,Alcohol consumption (age 15+),Mauritius,TOTAL,,,
EE6F72ASA_0000001688,SA_0000001688,EE6F72A,SA_0000001688,2002,YEAR,484,COUNTRY,PUBLISHED,Alcohol consumption (age 15+),Mexico,TOTAL,,,
EE6F72ASA_0000001688,SA_0000001688,EE6F72A,SA_0000001688,2002,YEAR,496,COUNTRY,PUBLISHED,Alcohol consumption (age 15+),Mongolia,TOTAL,,,
EE6F72ASA_0000001688,SA_0000001688,EE6F72A,SA_0000001688,2002,YEAR,498,COUNTRY,PUBLISHED,Alcohol consumption (age 15+),Republic of Moldova,TOTAL,,,
EE6F72ASA_0000001688,SA_0000001688,EE6F72A,SA_0000001688,2002,YEAR,458,COUNTRY,PUBLISHED,Alcohol consumption (age 15+),Malaysia,TOTAL,,,
EE6F72ASA_0000001688,SA_0000001688,EE6F72A,SA_0000001688,2002,YEAR,462,COUNTRY,PUBLISHED,Alcohol consumption (age 15+),Maldives,TOTAL,,,
EE6F72ASA_0000001688,SA_0000001688,EE6F72A,SA_0000001688,2002,YEAR,466,COUNTRY,PUBLISHED,Alcohol consumption (age 15+),Mali,TOTAL,,,
EE6F72ASA_0000001688,SA_0000001688,EE6F72A,SA_0000001688,2002,YEAR,442,COUNTRY,PUBLISHED,Alcohol consumption (age 15+),Luxembourg,TOTAL,,,
EE6F72ASA_0000001688,SA_0000001688,EE6F72A,SA_0000001688,2002,YEAR,450,COUNTRY,PUBLISHED,Alcohol consumption (age 15+),Madagascar,TOTAL,,,
EE6F72ASA_0000001688,SA_0000001688,EE6F72A,SA_0000001688,2002,YEAR,470,COUNTRY,PUBLISHED,Alcohol consumption (age 15+),Malta,TOTAL,,,
EE6F72ASA_0000001688,SA_0000001688,EE6F72A,SA_0000001688,2002,YEAR,478,COUNTRY,PUBLISHED,Alcohol consumption (age 15+),Mauritania,TOTAL,,,
EE6F72ASA_0000001688,SA_0000001688,EE6F72A,SA_0000001688,2002,YEAR,499,COUNTRY,PUBLISHED,Alcohol consumption (age 15+),Montenegro,TOTAL,,,
EE6F72ASA_0000001688,SA_0000001688,EE6F72A,SA_0000001688,2002,YEAR,520,COUNTRY,PUBLISHED,Alcohol consumption (age 15+),Nauru,TOTAL,,,
EE6F72ASA_0000001688,SA_0000001688,EE6F72A,SA_0000001688,2002,YEAR,524,COUNTRY,PUBLISHED,Alcohol consumption (age 15+),Nepal,TOTAL,,,
EE6F72ASA_0000001688,SA_0000001688,EE6F72A,SA_0000001688,2002,YEAR,528,COUNTRY,PUBLISHED,Alcohol consumption (age 15+),Netherlands (Kingdom of the),TOTAL,,,
EE6F72ASA_0000001688,SA_0000001688,EE6F72A,SA_0000001688,2002,YEAR,543,REGION,PUBLISHED,Alcohol consumption (age 15+),Oceania (exc. Australia and New Zealand),TOTAL,,,
EE6F72ASA_0000001688,SA_0000001688,EE6F72A,SA_0000001688,2002,YEAR,504,COUNTRY,PUBLISHED,Alcohol consumption (age 15+),Morocco,TOTAL,,,
EE6F72ASA_0000001688,SA_0000001688,EE6F72A,SA_0000001688,2002,YEAR,508,COUNTRY,PUBLISHED,Alcohol consumption (age 15+),Mozambique,TOTAL,,,
EE6F72ASA_0000001688,SA_0000001688,EE6F72A,SA_0000001688,2002,YEAR,512,COUNTRY,PUBLISHED,Alcohol consumption (age 15+),Oman,TOTAL,,,
EE6F72ASA_0000001688,SA_0000001688,EE6F72A,SA_0000001688,2002,YEAR,513,REGION,PUBLISHED,Alcohol consumption (age 15+),Europe and Northern America,TOTAL,,,
EE6F72ASA_0000001688,SA_0000001688,EE6F72A,SA_0000001688,2002,YEAR,514,CLASSIFICATION,PUBLISHED,Alcohol consumption (age 15+),"Developed regions (Europe, Cyprus, Israel, Northern America, Japan, Australia & New Zealand)",TOTAL,,,
EE6F72ASA_0000001688,SA_0000001688,EE6F72A,SA_0000001688,2002,YEAR,515,CLASSIFICATION,PUBLISHED,Alcohol consumption (age 15+),Developing regions,TOTAL,,,
EE6F72ASA_0000001688,SA_0000001688,EE6F72A,SA_0000001688,2002,YEAR,516,COUNTRY,PUBLISHED,Alcohol consumption (age 15+),Namibia,TOTAL,,,
EE6F72ASA_0000001688,SA_0000001688,EE6F72A,SA_0000001688,2002,YEAR,548,COUNTRY,PUBLISHED,Alcohol consumption (age 15+),Vanuatu,TOTAL,,,
EE6F72ASA_0000001688,SA_0000001688,EE6F72A,SA_0000001688,2002,YEAR,554,COUNTRY,PUBLISHED,Alcohol consumption (age 15+),New Zealand,TOTAL,,,
EE6F72ASA_0000001688,SA_0000001688,EE6F72A,SA_0000001688,2002,YEAR,558,COUNTRY,PUBLISHED,Alcohol consumption (age 15+),Nicaragua,TOTAL,,,
EE6F72ASA_0000001688,SA_0000001688,EE6F72A,SA_0000001688,2002,YEAR,562,COUNTRY,PUBLISHED,Alcohol consumption (age 15+),Niger,TOTAL,,,
EE6F72ASA_0000001688,SA_0000001688,EE6F72A,SA_0000001688,2002,YEAR,566,COUNTRY,PUBLISHED,Alcohol consumption (age 15+),Nigeria,TOTAL,,,
EE6F72ASA_0000001688,SA_0000001688,EE6F72A,SA_0000001688,2002,YEAR,570,COUNTRY,PUBLISHED,Alcohol consumption (age 15+),Niue,TOTAL,,,
EE6F72ASA_0000001688,SA_0000001688,EE6F72A,SA_0000001688,2002,YEAR,586,COUNTRY,PUBLISHED,Alcohol consumption (age 15+),Pakistan,TOTAL,,,
EE6F72ASA_0000001688,SA_0000001688,EE6F72A,SA_0000001688,2002,YEAR,591,COUNTRY,PUBLISHED,Alcohol consumption (age 15+),Panama,TOTAL,,,
EE6F72ASA_0000001688,SA_0000001688,EE6F72A,SA_0000001688,2002,YEAR,598,COUNTRY,PUBLISHED,Alcohol consumption (age 15+),Papua New Guinea,TOTAL,,,
EE6F72ASA_0000001688,SA_0000001688,EE6F72A,SA_0000001688,2002,YEAR,600,COUNTRY,PUBLISHED,Alcohol consumption (age 15+),Paraguay,TOTAL,,,
EE6F72ASA_0000001688,SA_0000001688,EE6F72A,SA_0000001688,2002,YEAR,578,COUNTRY,PUBLISHED,Alcohol consumption (age 15+),Norway,TOTAL,,,
EE6F72ASA_0000001688,SA_0000001688,EE6F72A,SA_0000001688,2002,YEAR,583,COUNTRY,PUBLISHED,Alcohol consumption (age 15+),Micronesia (Federated States of),TOTAL,,,
EE6F72ASA_0000001688,SA_0000001688,EE6F72A,SA_0000001688,2002,YEAR,616,COUNTRY,PUBLISHED,Alcohol consumption (age 15+),Poland,TOTAL,,,
EE6F72ASA_0000001688,SA_0000001688,EE6F72A,SA_0000001688,2002,YEAR,643,COUNTRY,PUBLISHED,Alcohol consumption (age 15+),Russian Federation,TOTAL,,,
EE6F72ASA_0000001688,SA_0000001688,EE6F72A,SA_0000001688,2002,YEAR,646,COUNTRY,PUBLISHED,Alcohol consumption (age 15+),Rwanda,TOTAL,,,
EE6F72ASA_0000001688,SA_0000001688,EE6F72A,SA_0000001688,2002,YEAR,659,COUNTRY,PUBLISHED,Alcohol consumption (age 15+),Saint Kitts and Nevis,TOTAL,,,
EE6F72ASA_0000001688,SA_0000001688,EE6F72A,SA_0000001688,2002,YEAR,662,COUNTRY,PUBLISHED,Alcohol consumption (age 15+),Saint Lucia,TOTAL,,,
EE6F72ASA_0000001688,SA_0000001688,EE6F72A,SA_0000001688,2002,YEAR,620,COUNTRY,PUBLISHED,Alcohol consumption (age 15+),Portugal,TOTAL,,,
EE6F72ASA_0000001688,SA_0000001688,EE6F72A,SA_0000001688,2002,YEAR,624,COUNTRY,PUBLISHED,Alcohol consumption (age 15+),Guinea-Bissau,TOTAL,,,
EE6F72ASA_0000001688,SA_0000001688,EE6F72A,SA_0000001688,2002,YEAR,626,COUNTRY,PUBLISHED,Alcohol consumption (age 15+),Timor-Leste,TOTAL,,,
EE6F72ASA_0000001688,SA_0000001688,EE6F72A,SA_0000001688,2002,YEAR,604,COUNTRY,PUBLISHED,Alcohol consumption (age 15+),Peru,TOTAL,,,
EE6F72ASA_0000001688,SA_0000001688,EE6F72A,SA_0000001688,2002,YEAR,608,COUNTRY,PUBLISHED,Alcohol consumption (age 15+),Philippines,TOTAL,,,
EE6F72ASA_0000001688,SA_0000001688,EE6F72A,SA_0000001688,2002,YEAR,634,COUNTRY,PUBLISHED,Alcohol consumption (age 15+),Qatar,TOTAL,,,
EE6F72ASA_0000001688,SA_0000001688,EE6F72A,SA_0000001688,2002,YEAR,642,COUNTRY,PUBLISHED,Alcohol consumption (age 15+),Romania,TOTAL,,,
EE6F72ASA_0000001688,SA_0000001688,EE6F72A,SA_0000001688,2002,YEAR,670,COUNTRY,PUBLISHED,Alcohol consumption (age 15+),Saint Vincent and the Grenadines,TOTAL,,,
EE6F72ASA_0000001688,SA_0000001688,EE6F72A,SA_0000001688,2002,YEAR,704,COUNTRY,PUBLISHED,Alcohol consumption (age 15+),Viet Nam,TOTAL,,,
EE6F72ASA_0000001688,SA_0000001688,EE6F72A,SA_0000001688,2002,YEAR,705,COUNTRY,PUBLISHED,Alcohol consumption (age 15+),Slovenia,TOTAL,,,
EE6F72ASA_0000001688,SA_0000001688,EE6F72A,SA_0000001688,2002,YEAR,706,COUNTRY,PUBLISHED,Alcohol consumption (age 15+),Somalia,TOTAL,,,
EE6F72ASA_0000001688,SA_0000001688,EE6F72A,SA_0000001688,2002,YEAR,710,COUNTRY,PUBLISHED,Alcohol consumption (age 15+),South Africa,TOTAL,,,
EE6F72ASA_0000001688,SA_0000001688,EE6F72A,SA_0000001688,2002,YEAR,678,COUNTRY,PUBLISHED,Alcohol consumption (age 15+),Sao Tome and Principe,TOTAL,,,
EE6F72ASA_0000001688,SA_0000001688,EE6F72A,SA_0000001688,2002,YEAR,686,COUNTRY,PUBLISHED,Alcohol consumption (age 15+),Senegal,TOTAL,,,
EE6F72ASA_0000001688,SA_0000001688,EE6F72A,SA_0000001688,2002,YEAR,688,COUNTRY,PUBLISHED,Alcohol consumption (age 15+),Serbia,TOTAL,,,
EE6F72ASA_0000001688,SA_0000001688,EE6F72A,SA_0000001688,2002,YEAR,690,COUNTRY,PUBLISHED,Alcohol consumption (age 15+),Seychelles,TOTAL,,,
EE6F72ASA_0000001688,SA_0000001688,EE6F72A,SA_0000001688,2002,YEAR,694,COUNTRY,PUBLISHED,Alcohol consumption (age 15+),Sierra Leone,TOTAL,,,
EE6F72ASA_0000001688,SA_0000001688,EE6F72A,SA_0000001688,2002,YEAR,702,COUNTRY,PUBLISHED,Alcohol consumption (age 15+),Singapore,TOTAL,,,
EE6F72ASA_0000001688,SA_0000001688,EE6F72A,SA_0000001688,2002,YEAR,703,COUNTRY,PUBLISHED,Alcohol consumption (age 15+),Slovakia,TOTAL,,,
EE6F72ASA_0000001688,SA_0000001688,EE6F72A,SA_0000001688,2002,YEAR,716,COUNTRY,PUBLISHED,Alcohol consumption (age 15+),Zimbabwe,TOTAL,,,
EE6F72ASA_0000001688,SA_0000001688,EE6F72A,SA_0000001688,2002,YEAR,752,COUNTRY,PUBLISHED,Alcohol consumption (age 15+),Sweden,TOTAL,,,
EE6F72ASA_0000001688,SA_0000001688,EE6F72A,SA_0000001688,2002,YEAR,753,REGION,PUBLISHED,Alcohol consumption (age 15+),Eastern and South-Eastern Asia,TOTAL,,,
EE6F72ASA_0000001688,SA_0000001688,EE6F72A,SA_0000001688,2002,YEAR,756,COUNTRY,PUBLISHED,Alcohol consumption (age 15+),Switzerland,TOTAL,,,
EE6F72ASA_0000001688,SA_0000001688,EE6F72A,SA_0000001688,2002,YEAR,760,COUNTRY,PUBLISHED,Alcohol consumption (age 15+),Syrian Arab Republic,TOTAL,,,
EE6F72ASA_0000001688,SA_0000001688,EE6F72A,SA_0000001688,2002,YEAR,722,CLASSIFICATION,PUBLISHED,Alcohol consumption (age 15+),Small Island Developing States,TOTAL,,,
EE6F72ASA_0000001688,SA_0000001688,EE6F72A,SA_0000001688,2002,YEAR,724,COUNTRY,PUBLISHED,Alcohol consumption (age 15+),Spain,TOTAL,,,
EE6F72ASA_0000001688,SA_0000001688,EE6F72A,SA_0000001688,2002,YEAR,728,COUNTRY,PUBLISHED,Alcohol consumption (age 15+),South Sudan,TOTAL,,,
EE6F72ASA_0000001688,SA_0000001688,EE6F72A,SA_0000001688,2002,YEAR,729,COUNTRY,PUBLISHED,Alcohol consumption (age 15+),Sudan,TOTAL,,,
EE6F72ASA_0000001688,SA_0000001688,EE6F72A,SA_0000001688,2002,YEAR,740,COUNTRY,PUBLISHED,Alcohol consumption (age 15+),Suriname,TOTAL,,,
EE6F72ASA_0000001688,SA_0000001688,EE6F72A,SA_0000001688,2002,YEAR,747,REGION,PUBLISHED,Alcohol consumption (age 15+),Northern Africa and Western Asia,TOTAL,,,
EE6F72ASA_0000001688,SA_0000001688,EE6F72A,SA_0000001688,2002,YEAR,748,COUNTRY,PUBLISHED,Alcohol consumption (age 15+),Eswatini,TOTAL,,,
EE6F72ASA_0000001688,SA_0000001688,EE6F72A,SA_0000001688,2002,YEAR,762,COUNTRY,PUBLISHED,Alcohol consumption (age 15+),Tajikistan,TOTAL,,,
EE6F72ASA_0000001688,SA_0000001688,EE6F72A,SA_0000001688,2002,YEAR,764,COUNTRY,PUBLISHED,Alcohol consumption (age 15+),Thailand,TOTAL,,,
EE6F72ASA_0000001688,SA_0000001688,EE6F72A,SA_0000001688,2002,YEAR,768,COUNTRY,PUBLISHED,Alcohol consumption (age 15+),Togo,TOTAL,,,
EE6F72ASA_0000001688,SA_0000001688,EE6F72A,SA_0000001688,2002,YEAR,776,COUNTRY,PUBLISHED,Alcohol consumption (age 15+),Tonga,TOTAL,,,
EE6F72ASA_0000001688,SA_0000001688,EE6F72A,SA_0000001688,2002,YEAR,777,REGION,PUBLISHED,Alcohol consumption (age 15+),,TOTAL,,,
EE6F72ASA_0000001688,SA_0000001688,EE6F72A,SA_0000001688,2002,YEAR,780,COUNTRY,PUBLISHED,Alcohol consumption (age 15+),Trinidad and Tobago,TOTAL,,,
EE6F72ASA_0000001688,SA_0000001688,EE6F72A,SA_0000001688,2002,YEAR,792,COUNTRY,PUBLISHED,Alcohol consumption (age 15+),Türkiye,TOTAL,,,
EE6F72ASA_0000001688,SA_0000001688,EE6F72A,SA_0000001688,2002,YEAR,795,COUNTRY,PUBLISHED,Alcohol consumption (age 15+),Turkmenistan,TOTAL,,,
EE6F72ASA_0000001688,SA_0000001688,EE6F72A,SA_0000001688,2002,YEAR,798,COUNTRY,PUBLISHED,Alcohol consumption (age 15+),Tuvalu,TOTAL,,,
EE6F72ASA_0000001688,SA_0000001688,EE6F72A,SA_0000001688,2002,YEAR,800,COUNTRY,PUBLISHED,Alcohol consumption (age 15+),Uganda,TOTAL,,,
EE6F72ASA_0000001688,SA_0000001688,EE6F72A,SA_0000001688,2002,YEAR,784,COUNTRY,PUBLISHED,Alcohol consumption (age 15+),United Arab Emirates,TOTAL,,,
EE6F72ASA_0000001688,SA_0000001688,EE6F72A,SA_0000001688,2002,YEAR,788,COUNTRY,PUBLISHED,Alcohol consumption (age 15+),Tunisia,TOTAL,,,
EE6F72ASA_0000001688,SA_0000001688,EE6F72A,SA_0000001688,2002,YEAR,818,COUNTRY,PUBLISHED,Alcohol consumption (age 15+),Egypt,TOTAL,,,
EE6F72ASA_0000001688,SA_0000001688,EE6F72A,SA_0000001688,2005,YEAR,458,COUNTRY,PUBLISHED,Alcohol consumption (age 15+),Malaysia,TOTAL,,,
EE6F72ASA_0000001688,SA_0000001688,EE6F72A,SA_0000001688,2005,YEAR,462,COUNTRY,PUBLISHED,Alcohol consumption (age 15+),Maldives,TOTAL,,,
EE6F72ASA_0000001688,SA_0000001688,EE6F72A,SA_0000001688,2005,YEAR,466,COUNTRY,PUBLISHED,Alcohol consumption (age 15+),Mali,TOTAL,,,
EE6F72ASA_0000001688,SA_0000001688,EE6F72A,SA_0000001688,2005,YEAR,470,COUNTRY,PUBLISHED,Alcohol consumption (age 15+),Malta,TOTAL,,,
EE6F72ASA_0000001688,SA_0000001688,EE6F72A,SA_0000001688,2005,YEAR,434,COUNTRY,PUBLISHED,Alcohol consumption (age 15+),Libya,TOTAL,,,
EE6F72ASA_0000001688,SA_0000001688,EE6F72A,SA_0000001688,2005,YEAR,440,COUNTRY,PUBLISHED,Alcohol consumption (age 15+),Lithuania,TOTAL,,,
EE6F72ASA_0000001688,SA_0000001688,EE6F72A,SA_0000001688,2005,YEAR,442,COUNTRY,PUBLISHED,Alcohol consumption (age 15+),Luxembourg,TOTAL,,,
EE6F72ASA_0000001688,SA_0000001688,EE6F72A,SA_0000001688,2002,YEAR,804,COUNTRY,PUBLISHED,Alcohol consumption (age 15+),Ukraine,TOTAL,,,
EE6F72ASA_0000001688,SA_0000001688,EE6F72A,SA_0000001688,2002,YEAR,807,COUNTRY,PUBLISHED,Alcohol consumption (age 15+),North Macedonia,TOTAL,,,
EE6F72ASA_0000001688,SA_0000001688,EE6F72A,SA_0000001688,2005,YEAR,450,COUNTRY,PUBLISHED,Alcohol consumption (age 15+),Madagascar,TOTAL,,,
EE6F72ASA_0000001688,SA_0000001688,EE6F72A,SA_0000001688,2005,YEAR,454,COUNTRY,PUBLISHED,Alcohol consumption (age 15+),Malawi,TOTAL,,,
EE6F72ASA_0000001688,SA_0000001688,EE6F72A,SA_0000001688,2005,YEAR,478,COUNTRY,PUBLISHED,Alcohol consumption (age 15+),Mauritania,TOTAL,,,
EE6F72ASA_0000001688,SA_0000001688,EE6F72A,SA_0000001688,2005,YEAR,480,COUNTRY,PUBLISHED,Alcohol consumption (age 15+),Mauritius,TOTAL,,,
EE6F72ASA_0000001688,SA_0000001688,EE6F72A,SA_0000001688,2005,YEAR,484,COUNTRY,PUBLISHED,Alcohol consumption (age 15+),Mexico,TOTAL,,,
EE6F72ASA_0000001688,SA_0000001688,EE6F72A,SA_0000001688,2005,YEAR,496,COUNTRY,PUBLISHED,Alcohol consumption (age 15+),Mongolia,TOTAL,,,
EE6F72ASA_0000001688,SA_0000001688,EE6F72A,SA_0000001688,2005,YEAR,498,COUNTRY,PUBLISHED,Alcohol consumption (age 15+),Republic of Moldova,TOTAL,,,
EE6F72ASA_0000001688,SA_0000001688,EE6F72A,SA_0000001688,2005,YEAR,499,COUNTRY,PUBLISHED,Alcohol consumption (age 15+),Montenegro,TOTAL,,,
EE6F72ASA_0000001688,SA_0000001688,EE6F72A,SA_0000001688,2005,YEAR,512,COUNTRY,PUBLISHED,Alcohol consumption (age 15+),Oman,TOTAL,,,
EE6F72ASA_0000001688,SA_0000001688,EE6F72A,SA_0000001688,2005,YEAR,513,REGION,PUBLISHED,Alcohol consumption (age 15+),Europe and Northern America,TOTAL,,,
EE6F72ASA_0000001688,SA_0000001688,EE6F72A,SA_0000001688,2005,YEAR,514,CLASSIFICATION,PUBLISHED,Alcohol consumption (age 15+),"Developed regions (Europe, Cyprus, Israel, Northern America, Japan, Australia & New Zealand)",TOTAL,,,
EE6F72ASA_0000001688,SA_0000001688,EE6F72A,SA_0000001688,2005,YEAR,515,CLASSIFICATION,PUBLISHED,Alcohol consumption (age 15+),Developing regions,TOTAL,,,
EE6F72ASA_0000001688,SA_0000001688,EE6F72A,SA_0000001688,2005,YEAR,504,COUNTRY,PUBLISHED,Alcohol consumption (age 15+),Morocco,TOTAL,,,
EE6F72ASA_0000001688,SA_0000001688,EE6F72A,SA_0000001688,2005,YEAR,508,COUNTRY,PUBLISHED,Alcohol consumption (age 15+),Mozambique,TOTAL,,,
EE6F72ASA_0000001688,SA_0000001688,EE6F72A,SA_0000001688,2005,YEAR,524,COUNTRY,PUBLISHED,Alcohol consumption (age 15+),Nepal,TOTAL,,,
EE6F72ASA_0000001688,SA_0000001688,EE6F72A,SA_0000001688,2005,YEAR,528,COUNTRY,PUBLISHED,Alcohol consumption (age 15+),Netherlands (Kingdom of the),TOTAL,,,
EE6F72ASA_0000001688,SA_0000001688,EE6F72A,SA_0000001688,2005,YEAR,543,REGION,PUBLISHED,Alcohol consumption (age 15+),Oceania (exc. Australia and New Zealand),TOTAL,,,
EE6F72ASA_0000001688,SA_0000001688,EE6F72A,SA_0000001688,2005,YEAR,570,COUNTRY,PUBLISHED,Alcohol consumption (age 15+),Niue,TOTAL,,,
EE6F72ASA_0000001688,SA_0000001688,EE6F72A,SA_0000001688,2005,YEAR,578,COUNTRY,PUBLISHED,Alcohol consumption (age 15+),Norway,TOTAL,,,
EE6F72ASA_0000001688,SA_0000001688,EE6F72A,SA_0000001688,2005,YEAR,548,COUNTRY,PUBLISHED,Alcohol consumption (age 15+),Vanuatu,TOTAL,,,
EE6F72ASA_0000001688,SA_0000001688,EE6F72A,SA_0000001688,2005,YEAR,516,COUNTRY,PUBLISHED,Alcohol consumption (age 15+),Namibia,TOTAL,,,
EE6F72ASA_0000001688,SA_0000001688,EE6F72A,SA_0000001688,2005,YEAR,520,COUNTRY,PUBLISHED,Alcohol consumption (age 15+),Nauru,TOTAL,,,
EE6F72ASA_0000001688,SA_0000001688,EE6F72A,SA_0000001688,2005,YEAR,562,COUNTRY,PUBLISHED,Alcohol consumption (age 15+),Niger,TOTAL,,,
EE6F72ASA_0000001688,SA_0000001688,EE6F72A,SA_0000001688,2005,YEAR,566,COUNTRY,PUBLISHED,Alcohol consumption (age 15+),Nigeria,TOTAL,,,
EE6F72ASA_0000001688,SA_0000001688,EE6F72A,SA_0000001688,2005,YEAR,554,COUNTRY,PUBLISHED,Alcohol consumption (age 15+),New Zealand,TOTAL,,,
EE6F72ASA_0000001688,SA_0000001688,EE6F72A,SA_0000001688,2005,YEAR,558,COUNTRY,PUBLISHED,Alcohol consumption (age 15+),Nicaragua,TOTAL,,,
EE6F72ASA_0000001688,SA_0000001688,EE6F72A,SA_0000001688,2005,YEAR,600,COUNTRY,PUBLISHED,Alcohol consumption (age 15+),Paraguay,TOTAL,,,
EE6F72ASA_0000001688,SA_0000001688,EE6F72A,SA_0000001688,2005,YEAR,604,COUNTRY,PUBLISHED,Alcohol consumption (age 15+),Peru,TOTAL,,,
EE6F72ASA_0000001688,SA_0000001688,EE6F72A,SA_0000001688,2005,YEAR,583,COUNTRY,PUBLISHED,Alcohol consumption (age 15+),Micronesia (Federated States of),TOTAL,,,
EE6F72ASA_0000001688,SA_0000001688,EE6F72A,SA_0000001688,2005,YEAR,586,COUNTRY,PUBLISHED,Alcohol consumption (age 15+),Pakistan,TOTAL,,,
EE6F72ASA_0000001688,SA_0000001688,EE6F72A,SA_0000001688,2005,YEAR,591,COUNTRY,PUBLISHED,Alcohol consumption (age 15+),Panama,TOTAL,,,
EE6F72ASA_0000001688,SA_0000001688,EE6F72A,SA_0000001688,2005,YEAR,598,COUNTRY,PUBLISHED,Alcohol consumption (age 15+),Papua New Guinea,TOTAL,,,
EE6F72ASA_0000001688,SA_0000001688,EE6F72A,SA_0000001688,2005,YEAR,620,COUNTRY,PUBLISHED,Alcohol consumption (age 15+),Portugal,TOTAL,,,
EE6F72ASA_0000001688,SA_0000001688,EE6F72A,SA_0000001688,2005,YEAR,624,COUNTRY,PUBLISHED,Alcohol consumption (age 15+),Guinea-Bissau,TOTAL,,,
EE6F72ASA_0000001688,SA_0000001688,EE6F72A,SA_0000001688,2005,YEAR,626,COUNTRY,PUBLISHED,Alcohol consumption (age 15+),Timor-Leste,TOTAL,,,
EE6F72ASA_0000001688,SA_0000001688,EE6F72A,SA_0000001688,2005,YEAR,634,COUNTRY,PUBLISHED,Alcohol consumption (age 15+),Qatar,TOTAL,,,
EE6F72ASA_0000001688,SA_0000001688,EE6F72A,SA_0000001688,2005,YEAR,608,COUNTRY,PUBLISHED,Alcohol consumption (age 15+),Philippines,TOTAL,,,
EE6F72ASA_0000001688,SA_0000001688,EE6F72A,SA_0000001688,2005,YEAR,616,COUNTRY,PUBLISHED,Alcohol consumption (age 15+),Poland,TOTAL,,,
EE6F72ASA_0000001688,SA_0000001688,EE6F72A,SA_0000001688,2005,YEAR,646,COUNTRY,PUBLISHED,Alcohol consumption (age 15+),Rwanda,TOTAL,,,
EE6F72ASA_0000001688,SA_0000001688,EE6F72A,SA_0000001688,2005,YEAR,659,COUNTRY,PUBLISHED,Alcohol consumption (age 15+),Saint Kitts and Nevis,TOTAL,,,
EE6F72ASA_0000001688,SA_0000001688,EE6F72A,SA_0000001688,2005,YEAR,662,COUNTRY,PUBLISHED,Alcohol consumption (age 15+),Saint Lucia,TOTAL,,,
EE6F72ASA_0000001688,SA_0000001688,EE6F72A,SA_0000001688,2005,YEAR,670,COUNTRY,PUBLISHED,Alcohol consumption (age 15+),Saint Vincent and the Grenadines,TOTAL,,,
EE6F72ASA_0000001688,SA_0000001688,EE6F72A,SA_0000001688,2005,YEAR,642,COUNTRY,PUBLISHED,Alcohol consumption (age 15+),Romania,TOTAL,,,
EE6F72ASA_0000001688,SA_0000001688,EE6F72A,SA_0000001688,2005,YEAR,643,COUNTRY,PUBLISHED,Alcohol consumption (age 15+),Russian Federation,TOTAL,,,
EE6F72ASA_0000001688,SA_0000001688,EE6F72A,SA_0000001688,2005,YEAR,688,COUNTRY,PUBLISHED,Alcohol consumption (age 15+),Serbia,TOTAL,,,
EE6F72ASA_0000001688,SA_0000001688,EE6F72A,SA_0000001688,2005,YEAR,690,COUNTRY,PUBLISHED,Alcohol consumption (age 15+),Seychelles,TOTAL,,,
EE6F72ASA_0000001688,SA_0000001688,EE6F72A,SA_0000001688,2005,YEAR,694,COUNTRY,PUBLISHED,Alcohol consumption (age 15+),Sierra Leone,TOTAL,,,
EE6F72ASA_0000001688,SA_0000001688,EE6F72A,SA_0000001688,2005,YEAR,702,COUNTRY,PUBLISHED,Alcohol consumption (age 15+),Singapore,TOTAL,,,
EE6F72ASA_0000001688,SA_0000001688,EE6F72A,SA_0000001688,2005,YEAR,678,COUNTRY,PUBLISHED,Alcohol consumption (age 15+),Sao Tome and Principe,TOTAL,,,
EE6F72ASA_0000001688,SA_0000001688,EE6F72A,SA_0000001688,2005,YEAR,686,COUNTRY,PUBLISHED,Alcohol consumption (age 15+),Senegal,TOTAL,,,
EE6F72ASA_0000001688,SA_0000001688,EE6F72A,SA_0000001688,2005,YEAR,705,COUNTRY,PUBLISHED,Alcohol consumption (age 15+),Slovenia,TOTAL,,,
EE6F72ASA_0000001688,SA_0000001688,EE6F72A,SA_0000001688,2005,YEAR,706,COUNTRY,PUBLISHED,Alcohol consumption (age 15+),Somalia,TOTAL,,,
EE6F72ASA_0000001688,SA_0000001688,EE6F72A,SA_0000001688,2005,YEAR,710,COUNTRY,PUBLISHED,Alcohol consumption (age 15+),South Africa,TOTAL,,,
EE6F72ASA_0000001688,SA_0000001688,EE6F72A,SA_0000001688,2005,YEAR,716,COUNTRY,PUBLISHED,Alcohol consumption (age 15+),Zimbabwe,TOTAL,,,
EE6F72ASA_0000001688,SA_0000001688,EE6F72A,SA_0000001688,2005,YEAR,703,COUNTRY,PUBLISHED,Alcohol consumption (age 15+),Slovakia,TOTAL,,,
EE6F72ASA_0000001688,SA_0000001688,EE6F72A,SA_0000001688,2005,YEAR,704,COUNTRY,PUBLISHED,Alcohol consumption (age 15+),Viet Nam,TOTAL,,,
EE6F72ASA_0000001688,SA_0000001688,EE6F72A,SA_0000001688,2005,YEAR,728,COUNTRY,PUBLISHED,Alcohol consumption (age 15+),South Sudan,TOTAL,,,
EE6F72ASA_0000001688,SA_0000001688,EE6F72A,SA_0000001688,2005,YEAR,729,COUNTRY,PUBLISHED,Alcohol consumption (age 15+),Sudan,TOTAL,,,
EE6F72ASA_0000001688,SA_0000001688,EE6F72A,SA_0000001688,2005,YEAR,740,COUNTRY,PUBLISHED,Alcohol consumption (age 15+),Suriname,TOTAL,,,
EE6F72ASA_0000001688,SA_0000001688,EE6F72A,SA_0000001688,2005,YEAR,747,REGION,PUBLISHED,Alcohol consumption (age 15+),Northern Africa and Western Asia,TOTAL,,,
EE6F72ASA_0000001688,SA_0000001688,EE6F72A,SA_0000001688,2005,YEAR,722,CLASSIFICATION,PUBLISHED,Alcohol consumption (age 15+),Small Island Developing States,TOTAL,,,
EE6F72ASA_0000001688,SA_0000001688,EE6F72A,SA_0000001688,2005,YEAR,724,COUNTRY,PUBLISHED,Alcohol consumption (age 15+),Spain,TOTAL,,,
EE6F72ASA_0000001688,SA_0000001688,EE6F72A,SA_0000001688,2005,YEAR,753,REGION,PUBLISHED,Alcohol consumption (age 15+),Eastern and South-Eastern Asia,TOTAL,,,
EE6F72ASA_0000001688,SA_0000001688,EE6F72A,SA_0000001688,2005,YEAR,756,COUNTRY,PUBLISHED,Alcohol consumption (age 15+),Switzerland,TOTAL,,,
EE6F72ASA_0000001688,SA_0000001688,EE6F72A,SA_0000001688,2005,YEAR,760,COUNTRY,PUBLISHED,Alcohol consumption (age 15+),Syrian Arab Republic,TOTAL,,,
EE6F72ASA_0000001688,SA_0000001688,EE6F72A,SA_0000001688,2005,YEAR,762,COUNTRY,PUBLISHED,Alcohol consumption (age 15+),Tajikistan,TOTAL,,,
EE6F72ASA_0000001688,SA_0000001688,EE6F72A,SA_0000001688,2005,YEAR,748,COUNTRY,PUBLISHED,Alcohol consumption (age 15+),Eswatini,TOTAL,,,
EE6F72ASA_0000001688,SA_0000001688,EE6F72A,SA_0000001688,2005,YEAR,752,COUNTRY,PUBLISHED,Alcohol consumption (age 15+),Sweden,TOTAL,,,
EE6F72ASA_0000001688,SA_0000001688,EE6F72A,SA_0000001688,2005,YEAR,776,COUNTRY,PUBLISHED,Alcohol consumption (age 15+),Tonga,TOTAL,,,
EE6F72ASA_0000001688,SA_0000001688,EE6F72A,SA_0000001688,2005,YEAR,777,REGION,PUBLISHED,Alcohol consumption (age 15+),,TOTAL,,,
EE6F72ASA_0000001688,SA_0000001688,EE6F72A,SA_0000001688,2005,YEAR,780,COUNTRY,PUBLISHED,Alcohol consumption (age 15+),Trinidad and Tobago,TOTAL,,,
EE6F72ASA_0000001688,SA_0000001688,EE6F72A,SA_0000001688,2005,YEAR,784,COUNTRY,PUBLISHED,Alcohol consumption (age 15+),United Arab Emirates,TOTAL,,,
EE6F72ASA_0000001688,SA_0000001688,EE6F72A,SA_0000001688,2005,YEAR,764,COUNTRY,PUBLISHED,Alcohol consumption (age 15+),Thailand,TOTAL,,,
EE6F72ASA_0000001688,SA_0000001688,EE6F72A,SA_0000001688,2005,YEAR,768,COUNTRY,PUBLISHED,Alcohol consumption (age 15+),Togo,TOTAL,,,
EE6F72ASA_0000001688,SA_0000001688,EE6F72A,SA_0000001688,2005,YEAR,795,COUNTRY,PUBLISHED,Alcohol consumption (age 15+),Turkmenistan,TOTAL,,,
EE6F72ASA_0000001688,SA_0000001688,EE6F72A,SA_0000001688,2005,YEAR,798,COUNTRY,PUBLISHED,Alcohol consumption (age 15+),Tuvalu,TOTAL,,,
EE6F72ASA_0000001688,SA_0000001688,EE6F72A,SA_0000001688,2005,YEAR,800,COUNTRY,PUBLISHED,Alcohol consumption (age 15+),Uganda,TOTAL,,,
EE6F72ASA_0000001688,SA_0000001688,EE6F72A,SA_0000001688,2005,YEAR,804,COUNTRY,PUBLISHED,Alcohol consumption (age 15+),Ukraine,TOTAL,,,
EE6F72ASA_0000001688,SA_0000001688,EE6F72A,SA_0000001688,2005,YEAR,788,COUNTRY,PUBLISHED,Alcohol consumption (age 15+),Tunisia,TOTAL,,,
EE6F72ASA_0000001688,SA_0000001688,EE6F72A,SA_0000001688,2005,YEAR,792,COUNTRY,PUBLISHED,Alcohol consumption (age 15+),Türkiye,TOTAL,,,
EE6F72ASA_0000001688,SA_0000001688,EE6F72A,SA_0000001688,2008,YEAR,076,COUNTRY,PUBLISHED,Alcohol consumption (age 15+),Brazil,TOTAL,,,
EE6F72ASA_0000001688,SA_0000001688,EE6F72A,SA_0000001688,2008,YEAR,084,COUNTRY,PUBLISHED,Alcohol consumption (age 15+),Belize,TOTAL,,,
EE6F72ASA_0000001688,SA_0000001688,EE6F72A,SA_0000001688,2008,YEAR,090,COUNTRY,PUBLISHED,Alcohol consumption (age 15+),Solomon Islands,TOTAL,,,
EE6F72ASA_0000001688,SA_0000001688,EE6F72A,SA_0000001688,2008,YEAR,096,COUNTRY,PUBLISHED,Alcohol consumption (age 15+),Brunei Darussalam,TOTAL,,,
EE6F72ASA_0000001688,SA_0000001688,EE6F72A,SA_0000001688,2005,YEAR,807,COUNTRY,PUBLISHED,Alcohol consumption (age 15+),North Macedonia,TOTAL,,,
EE6F72ASA_0000001688,SA_0000001688,EE6F72A,SA_0000001688,2008,YEAR,072,COUNTRY,PUBLISHED,Alcohol consumption (age 15+),Botswana,TOTAL,,,
EE6F72ASA_0000001688,SA_0000001688,EE6F72A,SA_0000001688,2008,YEAR,108,COUNTRY,PUBLISHED,Alcohol consumption (age 15+),Burundi,TOTAL,,,
EE6F72ASA_0000001688,SA_0000001688,EE6F72A,SA_0000001688,2008,YEAR,112,COUNTRY,PUBLISHED,Alcohol consumption (age 15+),Belarus,TOTAL,,,
EE6F72ASA_0000001688,SA_0000001688,EE6F72A,SA_0000001688,2008,YEAR,116,COUNTRY,PUBLISHED,Alcohol consumption (age 15+),Cambodia,TOTAL,,,
EE6F72ASA_0000001688,SA_0000001688,EE6F72A,SA_0000001688,2008,YEAR,120,COUNTRY,PUBLISHED,Alcohol consumption (age 15+),Cameroon,TOTAL,,,
EE6F72ASA_0000001688,SA_0000001688,EE6F72A,SA_0000001688,2008,YEAR,100,COUNTRY,PUBLISHED,Alcohol consumption (age 15+),Bulgaria,TOTAL,,,
EE6F72ASA_0000001688,SA_0000001688,EE6F72A,SA_0000001688,2008,YEAR,104,COUNTRY,PUBLISHED,Alcohol consumption (age 15+),Myanmar,TOTAL,,,
EE6F72ASA_0000001688,SA_0000001688,EE6F72A,SA_0000001688,2008,YEAR,140,COUNTRY,PUBLISHED,Alcohol consumption (age 15+),Central African Republic,TOTAL,,,
EE6F72ASA_0000001688,SA_0000001688,EE6F72A,SA_0000001688,2008,YEAR,142,REGION,PUBLISHED,Alcohol consumption (age 15+),Asia,TOTAL,,,
EE6F72ASA_0000001688,SA_0000001688,EE6F72A,SA_0000001688,2008,YEAR,143,REGION,PUBLISHED,Alcohol consumption (age 15+),Central Asia,TOTAL,,,
EE6F72ASA_0000001688,SA_0000001688,EE6F72A,SA_0000001688,2008,YEAR,144,COUNTRY,PUBLISHED,Alcohol consumption (age 15+),Sri Lanka,TOTAL,,,
EE6F72ASA_0000001688,SA_0000001688,EE6F72A,SA_0000001688,2008,YEAR,124,COUNTRY,PUBLISHED,Alcohol consumption (age 15+),Canada,TOTAL,,,
EE6F72ASA_0000001688,SA_0000001688,EE6F72A,SA_0000001688,2008,YEAR,132,COUNTRY,PUBLISHED,Alcohol consumption (age 15+),Cabo Verde,TOTAL,,,
EE6F72ASA_0000001688,SA_0000001688,EE6F72A,SA_0000001688,2008,YEAR,150,REGION,PUBLISHED,Alcohol consumption (age 15+),Europe,TOTAL,,,
EE6F72ASA_0000001688,SA_0000001688,EE6F72A,SA_0000001688,2008,YEAR,151,REGION,PUBLISHED,Alcohol consumption (age 15+),Eastern Europe,TOTAL,,,
EE6F72ASA_0000001688,SA_0000001688,EE6F72A,SA_0000001688,2008,YEAR,152,COUNTRY,PUBLISHED,Alcohol consumption (age 15+),Chile,TOTAL,,,
EE6F72ASA_0000001688,SA_0000001688,EE6F72A,SA_0000001688,2008,YEAR,154,REGION,PUBLISHED,Alcohol consumption (age 15+),Northern Europe,TOTAL,,,
EE6F72ASA_0000001688,SA_0000001688,EE6F72A,SA_0000001688,2008,YEAR,145,REGION,PUBLISHED,Alcohol consumption (age 15+),Western Asia,TOTAL,,,
EE6F72ASA_0000001688,SA_0000001688,EE6F72A,SA_0000001688,2008,YEAR,148,COUNTRY,PUBLISHED,Alcohol consumption (age 15+),Chad,TOTAL,,,
EE6F72ASA_0000001688,SA_0000001688,EE6F72A,SA_0000001688,2008,YEAR,170,COUNTRY,PUBLISHED,Alcohol consumption (age 15+),Colombia,TOTAL,,,
EE6F72ASA_0000001688,SA_0000001688,EE6F72A,SA_0000001688,2008,YEAR,174,COUNTRY,PUBLISHED,Alcohol consumption (age 15+),Comoros,TOTAL,,,
EE6F72ASA_0000001688,SA_0000001688,EE6F72A,SA_0000001688,2008,YEAR,178,COUNTRY,PUBLISHED,Alcohol consumption (age 15+),Congo,TOTAL,,,
EE6F72ASA_0000001688,SA_0000001688,EE6F72A,SA_0000001688,2008,YEAR,180,COUNTRY,PUBLISHED,Alcohol consumption (age 15+),Democratic Republic of the Congo,TOTAL,,,
EE6F72ASA_0000001688,SA_0000001688,EE6F72A,SA_0000001688,2008,YEAR,155,REGION,PUBLISHED,Alcohol consumption (age 15+),Western Europe,TOTAL,,,
EE6F72ASA_0000001688,SA_0000001688,EE6F72A,SA_0000001688,2008,YEAR,156,COUNTRY,PUBLISHED,Alcohol consumption (age 15+),China,TOTAL,,,
EE6F72ASA_0000001688,SA_0000001688,EE6F72A,SA_0000001688,2008,YEAR,192,COUNTRY,PUBLISHED,Alcohol consumption (age 15+),Cuba,TOTAL,,,
EE6F72ASA_0000001688,SA_0000001688,EE6F72A,SA_0000001688,2008,YEAR,208,COUNTRY,PUBLISHED,Alcohol consumption (age 15+),Denmark,TOTAL,,,
EE6F72ASA_0000001688,SA_0000001688,EE6F72A,SA_0000001688,2008,YEAR,212,COUNTRY,PUBLISHED,Alcohol consumption (age 15+),Dominica,TOTAL,,,
EE6F72ASA_0000001688,SA_0000001688,EE6F72A,SA_0000001688,2008,YEAR,214,COUNTRY,PUBLISHED,Alcohol consumption (age 15+),Dominican Republic,TOTAL,,,
EE6F72ASA_0000001688,SA_0000001688,EE6F72A,SA_0000001688,2008,YEAR,218,COUNTRY,PUBLISHED,Alcohol consumption (age 15+),Ecuador,TOTAL,,,
EE6F72ASA_0000001688,SA_0000001688,EE6F72A,SA_0000001688,2008,YEAR,196,COUNTRY,PUBLISHED,Alcohol consumption (age 15+),Cyprus,TOTAL,,,
EE6F72ASA_0000001688,SA_0000001688,EE6F72A,SA_0000001688,2008,YEAR,199,CLASSIFICATION,PUBLISHED,Alcohol consumption (age 15+),Least developed countries,TOTAL,,,
EE6F72ASA_0000001688,SA_0000001688,EE6F72A,SA_0000001688,2008,YEAR,202,REGION,PUBLISHED,Alcohol consumption (age 15+),Sub-Saharan Africa,TOTAL,,,
EE6F72ASA_0000001688,SA_0000001688,EE6F72A,SA_0000001688,2008,YEAR,188,COUNTRY,PUBLISHED,Alcohol consumption (age 15+),Costa Rica,TOTAL,,,
EE6F72ASA_0000001688,SA_0000001688,EE6F72A,SA_0000001688,2008,YEAR,191,COUNTRY,PUBLISHED,Alcohol consumption (age 15+),Croatia,TOTAL,,,
EE6F72ASA_0000001688,SA_0000001688,EE6F72A,SA_0000001688,2008,YEAR,203,COUNTRY,PUBLISHED,Alcohol consumption (age 15+),Czechia,TOTAL,,,
EE6F72ASA_0000001688,SA_0000001688,EE6F72A,SA_0000001688,2008,YEAR,204,COUNTRY,PUBLISHED,Alcohol consumption (age 15+),Benin,TOTAL,,,
EE6F72ASA_0000001688,SA_0000001688,EE6F72A,SA_0000001688,2008,YEAR,222,COUNTRY,PUBLISHED,Alcohol consumption (age 15+),El Salvador,TOTAL,,,
EE6F72ASA_0000001688,SA_0000001688,EE6F72A,SA_0000001688,2008,YEAR,226,COUNTRY,PUBLISHED,Alcohol consumption (age 15+),Equatorial Guinea,TOTAL,,,
EE6F72ASA_0000001688,SA_0000001688,EE6F72A,SA_0000001688,2008,YEAR,231,COUNTRY,PUBLISHED,Alcohol consumption (age 15+),Ethiopia,TOTAL,,,
EE6F72ASA_0000001688,SA_0000001688,EE6F72A,SA_0000001688,2008,YEAR,232,COUNTRY,PUBLISHED,Alcohol consumption (age 15+),Eritrea,TOTAL,,,
EE6F72ASA_0000001688,SA_0000001688,EE6F72A,SA_0000001688,2008,YEAR,233,COUNTRY,PUBLISHED,Alcohol consumption (age 15+),Estonia,TOTAL,,,
EE6F72ASA_0000001688,SA_0000001688,EE6F72A,SA_0000001688,2008,YEAR,242,COUNTRY,PUBLISHED,Alcohol consumption (age 15+),Fiji,TOTAL,,,
EE6F72ASA_0000001688,SA_0000001688,EE6F72A,SA_0000001688,2008,YEAR,262,COUNTRY,PUBLISHED,Alcohol consumption (age 15+),Djibouti,TOTAL,,,
EE6F72ASA_0000001688,SA_0000001688,EE6F72A,SA_0000001688,2008,YEAR,266,COUNTRY,PUBLISHED,Alcohol consumption (age 15+),Gabon,TOTAL,,,
EE6F72ASA_0000001688,SA_0000001688,EE6F72A,SA_0000001688,2008,YEAR,268,COUNTRY,PUBLISHED,Alcohol consumption (age 15+),Georgia,TOTAL,,,
EE6F72ASA_0000001688,SA_0000001688,EE6F72A,SA_0000001688,2008,YEAR,270,COUNTRY,PUBLISHED,Alcohol consumption (age 15+),Gambia,TOTAL,,,
EE6F72ASA_0000001688,SA_0000001688,EE6F72A,SA_0000001688,2008,YEAR,246,COUNTRY,PUBLISHED,Alcohol consumption (age 15+),Finland,TOTAL,,,
EE6F72ASA_0000001688,SA_0000001688,EE6F72A,SA_0000001688,2008,YEAR,250,COUNTRY,PUBLISHED,Alcohol consumption (age 15+),France,TOTAL,,,
EE6F72ASA_0000001688,SA_0000001688,EE6F72A,SA_0000001688,2008,YEAR,296,COUNTRY,PUBLISHED,Alcohol consumption (age 15+),Kiribati,TOTAL,,,
EE6F72ASA_0000001688,SA_0000001688,EE6F72A,SA_0000001688,2008,YEAR,332,COUNTRY,PUBLISHED,Alcohol consumption (age 15+),Haiti,TOTAL,,,
EE6F72ASA_0000001688,SA_0000001688,EE6F72A,SA_0000001688,2008,YEAR,340,COUNTRY,PUBLISHED,Alcohol consumption (age 15+),Honduras,TOTAL,,,
EE6F72ASA_0000001688,SA_0000001688,EE6F72A,SA_0000001688,2008,YEAR,348,COUNTRY,PUBLISHED,Alcohol consumption (age 15+),Hungary,TOTAL,,,
EE6F72ASA_0000001688,SA_0000001688,EE6F72A,SA_0000001688,2008,YEAR,352,COUNTRY,PUBLISHED,Alcohol consumption (age 15+),Iceland,TOTAL,,,
EE6F72ASA_0000001688,SA_0000001688,EE6F72A,SA_0000001688,2008,YEAR,300,COUNTRY,PUBLISHED,Alcohol consumption (age 15+),Greece,TOTAL,,,
EE6F72ASA_0000001688,SA_0000001688,EE6F72A,SA_0000001688,2008,YEAR,308,COUNTRY,PUBLISHED,Alcohol consumption (age 15+),Grenada,TOTAL,,,
EE6F72ASA_0000001688,SA_0000001688,EE6F72A,SA_0000001688,2008,YEAR,320,COUNTRY,PUBLISHED,Alcohol consumption (age 15+),Guatemala,TOTAL,,,
EE6F72ASA_0000001688,SA_0000001688,EE6F72A,SA_0000001688,2008,YEAR,276,COUNTRY,PUBLISHED,Alcohol consumption (age 15+),Germany,TOTAL,,,
EE6F72ASA_0000001688,SA_0000001688,EE6F72A,SA_0000001688,2008,YEAR,288,COUNTRY,PUBLISHED,Alcohol consumption (age 15+),Ghana,TOTAL,,,
EE6F72ASA_0000001688,SA_0000001688,EE6F72A,SA_0000001688,2008,YEAR,324,COUNTRY,PUBLISHED,Alcohol consumption (age 15+),Guinea,TOTAL,,,
EE6F72ASA_0000001688,SA_0000001688,EE6F72A,SA_0000001688,2008,YEAR,328,COUNTRY,PUBLISHED,Alcohol consumption (age 15+),Guyana,TOTAL,,,
EE6F72ASA_0000001688,SA_0000001688,EE6F72A,SA_0000001688,2008,YEAR,356,COUNTRY,PUBLISHED,Alcohol consumption (age 15+),India,TOTAL,,,
EE6F72ASA_0000001688,SA_0000001688,EE6F72A,SA_0000001688,2008,YEAR,360,COUNTRY,PUBLISHED,Alcohol consumption (age 15+),Indonesia,TOTAL,,,
EE6F72ASA_0000001688,SA_0000001688,EE6F72A,SA_0000001688,2008,YEAR,364,COUNTRY,PUBLISHED,Alcohol consumption (age 15+),Iran (Islamic Republic of),TOTAL,,,
EE6F72ASA_0000001688,SA_0000001688,EE6F72A,SA_0000001688,2008,YEAR,368,COUNTRY,PUBLISHED,Alcohol consumption (age 15+),Iraq,TOTAL,,,
EE6F72ASA_0000001688,SA_0000001688,EE6F72A,SA_0000001688,2008,YEAR,372,COUNTRY,PUBLISHED,Alcohol consumption (age 15+),Ireland,TOTAL,,,
EE6F72ASA_0000001688,SA_0000001688,EE6F72A,SA_0000001688,2008,YEAR,376,COUNTRY,PUBLISHED,Alcohol consumption (age 15+),Israel,TOTAL,,,
EE6F72ASA_0000001688,SA_0000001688,EE6F72A,SA_0000001688,2008,YEAR,388,COUNTRY,PUBLISHED,Alcohol consumption (age 15+),Jamaica,TOTAL,,,
EE6F72ASA_0000001688,SA_0000001688,EE6F72A,SA_0000001688,2008,YEAR,392,COUNTRY,PUBLISHED,Alcohol consumption (age 15+),Japan,TOTAL,,,
EE6F72ASA_0000001688,SA_0000001688,EE6F72A,SA_0000001688,2008,YEAR,398,COUNTRY,PUBLISHED,Alcohol consumption (age 15+),Kazakhstan,TOTAL,,,
EE6F72ASA_0000001688,SA_0000001688,EE6F72A,SA_0000001688,2008,YEAR,400,COUNTRY,PUBLISHED,Alcohol consumption (age 15+),Jordan,TOTAL,,,
EE6F72ASA_0000001688,SA_0000001688,EE6F72A,SA_0000001688,2008,YEAR,380,COUNTRY,PUBLISHED,Alcohol consumption (age 15+),Italy,TOTAL,,,
EE6F72ASA_0000001688,SA_0000001688,EE6F72A,SA_0000001688,2008,YEAR,384,COUNTRY,PUBLISHED,Alcohol consumption (age 15+),Côte d'Ivoire,TOTAL,,,
EE6F72ASA_0000001688,SA_0000001688,EE6F72A,SA_0000001688,2008,YEAR,410,COUNTRY,PUBLISHED,Alcohol consumption (age 15+),Republic of Korea,TOTAL,,,
EE6F72ASA_0000001688,SA_0000001688,EE6F72A,SA_0000001688,2008,YEAR,426,COUNTRY,PUBLISHED,Alcohol consumption (age 15+),Lesotho,TOTAL,,,
EE6F72ASA_0000001688,SA_0000001688,EE6F72A,SA_0000001688,2008,YEAR,428,COUNTRY,PUBLISHED,Alcohol consumption (age 15+),Latvia,TOTAL,,,
EE6F72ASA_0000001688,SA_0000001688,EE6F72A,SA_0000001688,2008,YEAR,430,COUNTRY,PUBLISHED,Alcohol consumption (age 15+),Liberia,TOTAL,,,
EE6F72ASA_0000001688,SA_0000001688,EE6F72A,SA_0000001688,2011,YEAR,070,COUNTRY,PUBLISHED,Alcohol consumption (age 15+),Bosnia and Herzegovina,TOTAL,,,
EE6F72ASA_0000001688,SA_0000001688,EE6F72A,SA_0000001688,2008,YEAR,414,COUNTRY,PUBLISHED,Alcohol consumption (age 15+),Kuwait,TOTAL,,,
EE6F72ASA_0000001688,SA_0000001688,EE6F72A,SA_0000001688,2008,YEAR,417,COUNTRY,PUBLISHED,Alcohol consumption (age 15+),Kyrgyzstan,TOTAL,,,
EE6F72ASA_0000001688,SA_0000001688,EE6F72A,SA_0000001688,2008,YEAR,418,COUNTRY,PUBLISHED,Alcohol consumption (age 15+),Lao People's Democratic Republic,TOTAL,,,
EE6F72ASA_0000001688,SA_0000001688,EE6F72A,SA_0000001688,2008,YEAR,404,COUNTRY,PUBLISHED,Alcohol consumption (age 15+),Kenya,TOTAL,,,
EE6F72ASA_0000001688,SA_0000001688,EE6F72A,SA_0000001688,2008,YEAR,408,COUNTRY,PUBLISHED,Alcohol consumption (age 15+),Democratic People's Republic of Korea,TOTAL,,,
EE6F72ASA_0000001688,SA_0000001688,EE6F72A,SA_0000001688,2008,YEAR,419,REGION,PUBLISHED,Alcohol consumption (age 15+),Latin America and the Caribbean,TOTAL,,,
EE6F72ASA_0000001688,SA_0000001688,EE6F72A,SA_0000001688,2008,YEAR,422,COUNTRY,PUBLISHED,Alcohol consumption (age 15+),Lebanon,TOTAL,,,
EE6F72ASA_0000001688,SA_0000001688,EE6F72A,SA_0000001688,2011,YEAR,072,COUNTRY,PUBLISHED,Alcohol consumption (age 15+),Botswana,TOTAL,,,
EE6F72ASA_0000001688,SA_0000001688,EE6F72A,SA_0000001688,2011,YEAR,076,COUNTRY,PUBLISHED,Alcohol consumption (age 15+),Brazil,TOTAL,,,
EE6F72ASA_0000001688,SA_0000001688,EE6F72A,SA_0000001688,2011,YEAR,084,COUNTRY,PUBLISHED,Alcohol consumption (age 15+),Belize,TOTAL,,,
EE6F72ASA_0000001688,SA_0000001688,EE6F72A,SA_0000001688,2011,YEAR,090,COUNTRY,PUBLISHED,Alcohol consumption (age 15+),Solomon Islands,TOTAL,,,
EE6F72ASA_0000001688,SA_0000001688,EE6F72A,SA_0000001688,2011,YEAR,096,COUNTRY,PUBLISHED,Alcohol consumption (age 15+),Brunei Darussalam,TOTAL,,,
EE6F72ASA_0000001688,SA_0000001688,EE6F72A,SA_0000001688,2011,YEAR,100,COUNTRY,PUBLISHED,Alcohol consumption (age 15+),Bulgaria,TOTAL,,,
EE6F72ASA_0000001688,SA_0000001688,EE6F72A,SA_0000001688,2011,YEAR,112,COUNTRY,PUBLISHED,Alcohol consumption (age 15+),Belarus,TOTAL,,,
EE6F72ASA_0000001688,SA_0000001688,EE6F72A,SA_0000001688,2011,YEAR,116,COUNTRY,PUBLISHED,Alcohol consumption (age 15+),Cambodia,TOTAL,,,
EE6F72ASA_0000001688,SA_0000001688,EE6F72A,SA_0000001688,2011,YEAR,120,COUNTRY,PUBLISHED,Alcohol consumption (age 15+),Cameroon,TOTAL,,,
EE6F72ASA_0000001688,SA_0000001688,EE6F72A,SA_0000001688,2011,YEAR,124,COUNTRY,PUBLISHED,Alcohol consumption (age 15+),Canada,TOTAL,,,
EE6F72ASA_0000001688,SA_0000001688,EE6F72A,SA_0000001688,2011,YEAR,104,COUNTRY,PUBLISHED,Alcohol consumption (age 15+),Myanmar,TOTAL,,,
EE6F72ASA_0000001688,SA_0000001688,EE6F72A,SA_0000001688,2011,YEAR,108,COUNTRY,PUBLISHED,Alcohol consumption (age 15+),Burundi,TOTAL,,,
EE6F72ASA_0000001688,SA_0000001688,EE6F72A,SA_0000001688,2011,YEAR,142,REGION,PUBLISHED,Alcohol consumption (age 15+),Asia,TOTAL,,,
EE6F72ASA_0000001688,SA_0000001688,EE6F72A,SA_0000001688,2011,YEAR,143,REGION,PUBLISHED,Alcohol consumption (age 15+),Central Asia,TOTAL,,,
EE6F72ASA_0000001688,SA_0000001688,EE6F72A,SA_0000001688,2011,YEAR,144,COUNTRY,PUBLISHED,Alcohol consumption (age 15+),Sri Lanka,TOTAL,,,
EE6F72ASA_0000001688,SA_0000001688,EE6F72A,SA_0000001688,2011,YEAR,145,REGION,PUBLISHED,Alcohol consumption (age 15+),Western Asia,TOTAL,,,
EE6F72ASA_0000001688,SA_0000001688,EE6F72A,SA_0000001688,2011,YEAR,132,COUNTRY,PUBLISHED,Alcohol consumption (age 15+),Cabo Verde,TOTAL,,,
EE6F72ASA_0000001688,SA_0000001688,EE6F72A,SA_0000001688,2011,YEAR,140,COUNTRY,PUBLISHED,Alcohol consumption (age 15+),Central African Republic,TOTAL,,,
EE6F72ASA_0000001688,SA_0000001688,EE6F72A,SA_0000001688,2011,YEAR,151,REGION,PUBLISHED,Alcohol consumption (age 15+),Eastern Europe,TOTAL,,,
EE6F72ASA_0000001688,SA_0000001688,EE6F72A,SA_0000001688,2011,YEAR,152,COUNTRY,PUBLISHED,Alcohol consumption (age 15+),Chile,TOTAL,,,
EE6F72ASA_0000001688,SA_0000001688,EE6F72A,SA_0000001688,2011,YEAR,154,REGION,PUBLISHED,Alcohol consumption (age 15+),Northern Europe,TOTAL,,,
EE6F72ASA_0000001688,SA_0000001688,EE6F72A,SA_0000001688,2011,YEAR,155,REGION,PUBLISHED,Alcohol consumption (age 15+),Western Europe,TOTAL,,,
EE6F72ASA_0000001688,SA_0000001688,EE6F72A,SA_0000001688,2011,YEAR,148,COUNTRY,PUBLISHED,Alcohol consumption (age 15+),Chad,TOTAL,,,
EE6F72ASA_0000001688,SA_0000001688,EE6F72A,SA_0000001688,2011,YEAR,150,REGION,PUBLISHED,Alcohol consumption (age 15+),Europe,TOTAL,,,
EE6F72ASA_0000001688,SA_0000001688,EE6F72A,SA_0000001688,2011,YEAR,174,COUNTRY,PUBLISHED,Alcohol consumption (age 15+),Comoros,TOTAL,,,
EE6F72ASA_0000001688,SA_0000001688,EE6F72A,SA_0000001688,2011,YEAR,196,COUNTRY,PUBLISHED,Alcohol consumption (age 15+),Cyprus,TOTAL,,,
EE6F72ASA_0000001688,SA_0000001688,EE6F72A,SA_0000001688,2011,YEAR,199,CLASSIFICATION,PUBLISHED,Alcohol consumption (age 15+),Least developed countries,TOTAL,,,
EE6F72ASA_0000001688,SA_0000001688,EE6F72A,SA_0000001688,2011,YEAR,202,REGION,PUBLISHED,Alcohol consumption (age 15+),Sub-Saharan Africa,TOTAL,,,
EE6F72ASA_0000001688,SA_0000001688,EE6F72A,SA_0000001688,2011,YEAR,203,COUNTRY,PUBLISHED,Alcohol consumption (age 15+),Czechia,TOTAL,,,
EE6F72ASA_0000001688,SA_0000001688,EE6F72A,SA_0000001688,2011,YEAR,178,COUNTRY,PUBLISHED,Alcohol consumption (age 15+),Congo,TOTAL,,,
EE6F72ASA_0000001688,SA_0000001688,EE6F72A,SA_0000001688,2011,YEAR,180,COUNTRY,PUBLISHED,Alcohol consumption (age 15+),Democratic Republic of the Congo,TOTAL,,,
EE6F72ASA_0000001688,SA_0000001688,EE6F72A,SA_0000001688,2011,YEAR,188,COUNTRY,PUBLISHED,Alcohol consumption (age 15+),Costa Rica,TOTAL,,,
EE6F72ASA_0000001688,SA_0000001688,EE6F72A,SA_0000001688,2011,YEAR,156,COUNTRY,PUBLISHED,Alcohol consumption (age 15+),China,TOTAL,,,
EE6F72ASA_0000001688,SA_0000001688,EE6F72A,SA_0000001688,2011,YEAR,170,COUNTRY,PUBLISHED,Alcohol consumption (age 15+),Colombia,TOTAL,,,
EE6F72ASA_0000001688,SA_0000001688,EE6F72A,SA_0000001688,2011,YEAR,191,COUNTRY,PUBLISHED,Alcohol consumption (age 15+),Croatia,TOTAL,,,
EE6F72ASA_0000001688,SA_0000001688,EE6F72A,SA_0000001688,2011,YEAR,192,COUNTRY,PUBLISHED,Alcohol consumption (age 15+),Cuba,TOTAL,,,
EE6F72ASA_0000001688,SA_0000001688,EE6F72A,SA_0000001688,2011,YEAR,204,COUNTRY,PUBLISHED,Alcohol consumption (age 15+),Benin,TOTAL,,,
EE6F72ASA_0000001688,SA_0000001688,EE6F72A,SA_0000001688,2011,YEAR,232,COUNTRY,PUBLISHED,Alcohol consumption (age 15+),Eritrea,TOTAL,,,
EE6F72ASA_0000001688,SA_0000001688,EE6F72A,SA_0000001688,2011,YEAR,233,COUNTRY,PUBLISHED,Alcohol consumption (age 15+),Estonia,TOTAL,,,
EE6F72ASA_0000001688,SA_0000001688,EE6F72A,SA_0000001688,2011,YEAR,242,COUNTRY,PUBLISHED,Alcohol consumption (age 15+),Fiji,TOTAL,,,
EE6F72ASA_0000001688,SA_0000001688,EE6F72A,SA_0000001688,2011,YEAR,246,COUNTRY,PUBLISHED,Alcohol consumption (age 15+),Finland,TOTAL,,,
EE6F72ASA_0000001688,SA_0000001688,EE6F72A,SA_0000001688,2011,YEAR,208,COUNTRY,PUBLISHED,Alcohol consumption (age 15+),Denmark,TOTAL,,,
EE6F72ASA_0000001688,SA_0000001688,EE6F72A,SA_0000001688,2011,YEAR,212,COUNTRY,PUBLISHED,Alcohol consumption (age 15+),Dominica,TOTAL,,,
EE6F72ASA_0000001688,SA_0000001688,EE6F72A,SA_0000001688,2011,YEAR,214,COUNTRY,PUBLISHED,Alcohol consumption (age 15+),Dominican Republic,TOTAL,,,
EE6F72ASA_0000001688,SA_0000001688,EE6F72A,SA_0000001688,2011,YEAR,218,COUNTRY,PUBLISHED,Alcohol consumption (age 15+),Ecuador,TOTAL,,,
EE6F72ASA_0000001688,SA_0000001688,EE6F72A,SA_0000001688,2011,YEAR,222,COUNTRY,PUBLISHED,Alcohol consumption (age 15+),El Salvador,TOTAL,,,
EE6F72ASA_0000001688,SA_0000001688,EE6F72A,SA_0000001688,2011,YEAR,226,COUNTRY,PUBLISHED,Alcohol consumption (age 15+),Equatorial Guinea,TOTAL,,,
EE6F72ASA_0000001688,SA_0000001688,EE6F72A,SA_0000001688,2011,YEAR,231,COUNTRY,PUBLISHED,Alcohol consumption (age 15+),Ethiopia,TOTAL,,,
EE6F72ASA_0000001688,SA_0000001688,EE6F72A,SA_0000001688,2011,YEAR,250,COUNTRY,PUBLISHED,Alcohol consumption (age 15+),France,TOTAL,,,
EE6F72ASA_0000001688,SA_0000001688,EE6F72A,SA_0000001688,2011,YEAR,300,COUNTRY,PUBLISHED,Alcohol consumption (age 15+),Greece,TOTAL,,,
EE6F72ASA_0000001688,SA_0000001688,EE6F72A,SA_0000001688,2011,YEAR,308,COUNTRY,PUBLISHED,Alcohol consumption (age 15+),Grenada,TOTAL,,,
EE6F72ASA_0000001688,SA_0000001688,EE6F72A,SA_0000001688,2011,YEAR,320,COUNTRY,PUBLISHED,Alcohol consumption (age 15+),Guatemala,TOTAL,,,
EE6F72ASA_0000001688,SA_0000001688,EE6F72A,SA_0000001688,2011,YEAR,324,COUNTRY,PUBLISHED,Alcohol consumption (age 15+),Guinea,TOTAL,,,
EE6F72ASA_0000001688,SA_0000001688,EE6F72A,SA_0000001688,2011,YEAR,262,COUNTRY,PUBLISHED,Alcohol consumption (age 15+),Djibouti,TOTAL,,,
EE6F72ASA_0000001688,SA_0000001688,EE6F72A,SA_0000001688,2011,YEAR,266,COUNTRY,PUBLISHED,Alcohol consumption (age 15+),Gabon,TOTAL,,,
EE6F72ASA_0000001688,SA_0000001688,EE6F72A,SA_0000001688,2011,YEAR,268,COUNTRY,PUBLISHED,Alcohol consumption (age 15+),Georgia,TOTAL,,,
EE6F72ASA_0000001688,SA_0000001688,EE6F72A,SA_0000001688,2011,YEAR,270,COUNTRY,PUBLISHED,Alcohol consumption (age 15+),Gambia,TOTAL,,,
EE6F72ASA_0000001688,SA_0000001688,EE6F72A,SA_0000001688,2011,YEAR,276,COUNTRY,PUBLISHED,Alcohol consumption (age 15+),Germany,TOTAL,,,
EE6F72ASA_0000001688,SA_0000001688,EE6F72A,SA_0000001688,2011,YEAR,288,COUNTRY,PUBLISHED,Alcohol consumption (age 15+),Ghana,TOTAL,,,
EE6F72ASA_0000001688,SA_0000001688,EE6F72A,SA_0000001688,2011,YEAR,296,COUNTRY,PUBLISHED,Alcohol consumption (age 15+),Kiribati,TOTAL,,,
EE6F72ASA_0000001688,SA_0000001688,EE6F72A,SA_0000001688,2011,YEAR,328,COUNTRY,PUBLISHED,Alcohol consumption (age 15+),Guyana,TOTAL,,,
EE6F72ASA_0000001688,SA_0000001688,EE6F72A,SA_0000001688,2011,YEAR,368,COUNTRY,PUBLISHED,Alcohol consumption (age 15+),Iraq,TOTAL,,,
EE6F72ASA_0000001688,SA_0000001688,EE6F72A,SA_0000001688,2011,YEAR,372,COUNTRY,PUBLISHED,Alcohol consumption (age 15+),Ireland,TOTAL,,,
EE6F72ASA_0000001688,SA_0000001688,EE6F72A,SA_0000001688,2011,YEAR,376,COUNTRY,PUBLISHED,Alcohol consumption (age 15+),Israel,TOTAL,,,
EE6F72ASA_0000001688,SA_0000001688,EE6F72A,SA_0000001688,2011,YEAR,380,COUNTRY,PUBLISHED,Alcohol consumption (age 15+),Italy,TOTAL,,,
EE6F72ASA_0000001688,SA_0000001688,EE6F72A,SA_0000001688,2011,YEAR,332,COUNTRY,PUBLISHED,Alcohol consumption (age 15+),Haiti,TOTAL,,,
EE6F72ASA_0000001688,SA_0000001688,EE6F72A,SA_0000001688,2011,YEAR,340,COUNTRY,PUBLISHED,Alcohol consumption (age 15+),Honduras,TOTAL,,,
EE6F72ASA_0000001688,SA_0000001688,EE6F72A,SA_0000001688,2011,YEAR,348,COUNTRY,PUBLISHED,Alcohol consumption (age 15+),Hungary,TOTAL,,,
EE6F72ASA_0000001688,SA_0000001688,EE6F72A,SA_0000001688,2011,YEAR,352,COUNTRY,PUBLISHED,Alcohol consumption (age 15+),Iceland,TOTAL,,,
EE6F72ASA_0000001688,SA_0000001688,EE6F72A,SA_0000001688,2011,YEAR,356,COUNTRY,PUBLISHED,Alcohol consumption (age 15+),India,TOTAL,,,
EE6F72ASA_0000001688,SA_0000001688,EE6F72A,SA_0000001688,2011,YEAR,360,COUNTRY,PUBLISHED,Alcohol consumption (age 15+),Indonesia,TOTAL,,,
EE6F72ASA_0000001688,SA_0000001688,EE6F72A,SA_0000001688,2011,YEAR,364,COUNTRY,PUBLISHED,Alcohol consumption (age 15+),Iran (Islamic Republic of),TOTAL,,,
EE6F72ASA_0000001688,SA_0000001688,EE6F72A,SA_0000001688,2011,YEAR,384,COUNTRY,PUBLISHED,Alcohol consumption (age 15+),Côte d'Ivoire,TOTAL,,,
EE6F72ASA_0000001688,SA_0000001688,EE6F72A,SA_0000001688,2011,YEAR,388,COUNTRY,PUBLISHED,Alcohol consumption (age 15+),Jamaica,TOTAL,,,
EE6F72ASA_0000001688,SA_0000001688,EE6F72A,SA_0000001688,2011,YEAR,392,COUNTRY,PUBLISHED,Alcohol consumption (age 15+),Japan,TOTAL,,,
EE6F72ASA_0000001688,SA_0000001688,EE6F72A,SA_0000001688,2011,YEAR,398,COUNTRY,PUBLISHED,Alcohol consumption (age 15+),Kazakhstan,TOTAL,,,
EE6F72ASA_0000001688,SA_0000001688,EE6F72A,SA_0000001688,2002,YEAR,084,COUNTRY,PUBLISHED,Alcohol consumption (age 15+),Belize,TOTAL,,,
EE6F72ASA_0000001688,SA_0000001688,EE6F72A,SA_0000001688,2002,YEAR,090,COUNTRY,PUBLISHED,Alcohol consumption (age 15+),Solomon Islands,TOTAL,,,
EE6F72ASA_0000001688,SA_0000001688,EE6F72A,SA_0000001688,2002,YEAR,104,COUNTRY,PUBLISHED,Alcohol consumption (age 15+),Myanmar,TOTAL,,,
EE6F72ASA_0000001688,SA_0000001688,EE6F72A,SA_0000001688,2002,YEAR,108,COUNTRY,PUBLISHED,Alcohol consumption (age 15+),Burundi,TOTAL,,,
EE6F72ASA_0000001688,SA_0000001688,EE6F72A,SA_0000001688,2002,YEAR,112,COUNTRY,PUBLISHED,Alcohol consumption (age 15+),Belarus,TOTAL,,,
EE6F72ASA_0000001688,SA_0000001688,EE6F72A,SA_0000001688,2002,YEAR,116,COUNTRY,PUBLISHED,Alcohol consumption (age 15+),Cambodia,TOTAL,,,
EE6F72ASA_0000001688,SA_0000001688,EE6F72A,SA_0000001688,2002,YEAR,096,COUNTRY,PUBLISHED,Alcohol consumption (age 15+),Brunei Darussalam,TOTAL,,,
EE6F72ASA_0000001688,SA_0000001688,EE6F72A,SA_0000001688,2002,YEAR,100,COUNTRY,PUBLISHED,Alcohol consumption (age 15+),Bulgaria,TOTAL,,,
EE6F72ASA_0000001688,SA_0000001688,EE6F72A,SA_0000001688,2002,YEAR,132,COUNTRY,PUBLISHED,Alcohol consumption (age 15+),Cabo Verde,TOTAL,,,
EE6F72ASA_0000001688,SA_0000001688,EE6F72A,SA_0000001688,2002,YEAR,140,COUNTRY,PUBLISHED,Alcohol consumption (age 15+),Central African Republic,TOTAL,,,
EE6F72ASA_0000001688,SA_0000001688,EE6F72A,SA_0000001688,2002,YEAR,150,REGION,PUBLISHED,Alcohol consumption (age 15+),Europe,TOTAL,,,
EE6F72ASA_0000001688,SA_0000001688,EE6F72A,SA_0000001688,2002,YEAR,151,REGION,PUBLISHED,Alcohol consumption (age 15+),Eastern Europe,TOTAL,,,
EE6F72ASA_0000001688,SA_0000001688,EE6F72A,SA_0000001688,2002,YEAR,152,COUNTRY,PUBLISHED,Alcohol consumption (age 15+),Chile,TOTAL,,,
EE6F72ASA_0000001688,SA_0000001688,EE6F72A,SA_0000001688,2002,YEAR,142,REGION,PUBLISHED,Alcohol consumption (age 15+),Asia,TOTAL,,,
EE6F72ASA_0000001688,SA_0000001688,EE6F72A,SA_0000001688,2002,YEAR,143,REGION,PUBLISHED,Alcohol consumption (age 15+),Central Asia,TOTAL,,,
EE6F72ASA_0000001688,SA_0000001688,EE6F72A,SA_0000001688,2002,YEAR,120,COUNTRY,PUBLISHED,Alcohol consumption (age 15+),Cameroon,TOTAL,,,
EE6F72ASA_0000001688,SA_0000001688,EE6F72A,SA_0000001688,2002,YEAR,124,COUNTRY,PUBLISHED,Alcohol consumption (age 15+),Canada,TOTAL,,,
EE6F72ASA_0000001688,SA_0000001688,EE6F72A,SA_0000001688,2002,YEAR,148,COUNTRY,PUBLISHED,Alcohol consumption (age 15+),Chad,TOTAL,,,
EE6F72ASA_0000001688,SA_0000001688,EE6F72A,SA_0000001688,2002,YEAR,144,COUNTRY,PUBLISHED,Alcohol consumption (age 15+),Sri Lanka,TOTAL,,,
EE6F72ASA_0000001688,SA_0000001688,EE6F72A,SA_0000001688,2002,YEAR,145,REGION,PUBLISHED,Alcohol consumption (age 15+),Western Asia,TOTAL,,,
EE6F72ASA_0000001688,SA_0000001688,EE6F72A,SA_0000001688,2002,YEAR,178,COUNTRY,PUBLISHED,Alcohol consumption (age 15+),Congo,TOTAL,,,
EE6F72ASA_0000001688,SA_0000001688,EE6F72A,SA_0000001688,2002,YEAR,154,REGION,PUBLISHED,Alcohol consumption (age 15+),Northern Europe,TOTAL,,,
EE6F72ASA_0000001688,SA_0000001688,EE6F72A,SA_0000001688,2002,YEAR,155,REGION,PUBLISHED,Alcohol consumption (age 15+),Western Europe,TOTAL,,,
EE6F72ASA_0000001688,SA_0000001688,EE6F72A,SA_0000001688,2002,YEAR,156,COUNTRY,PUBLISHED,Alcohol consumption (age 15+),China,TOTAL,,,
EE6F72ASA_0000001688,SA_0000001688,EE6F72A,SA_0000001688,2002,YEAR,170,COUNTRY,PUBLISHED,Alcohol consumption (age 15+),Colombia,TOTAL,,,
EE6F72ASA_0000001688,SA_0000001688,EE6F72A,SA_0000001688,2002,YEAR,174,COUNTRY,PUBLISHED,Alcohol consumption (age 15+),Comoros,TOTAL,,,
EE6F72ASA_0000001688,SA_0000001688,EE6F72A,SA_0000001688,2002,YEAR,191,COUNTRY,PUBLISHED,Alcohol consumption (age 15+),Croatia,TOTAL,,,
EE6F72ASA_0000001688,SA_0000001688,EE6F72A,SA_0000001688,2002,YEAR,192,COUNTRY,PUBLISHED,Alcohol consumption (age 15+),Cuba,TOTAL,,,
EE6F72ASA_0000001688,SA_0000001688,EE6F72A,SA_0000001688,2002,YEAR,196,COUNTRY,PUBLISHED,Alcohol consumption (age 15+),Cyprus,TOTAL,,,
EE6F72ASA_0000001688,SA_0000001688,EE6F72A,SA_0000001688,2002,YEAR,199,CLASSIFICATION,PUBLISHED,Alcohol consumption (age 15+),Least developed countries,TOTAL,,,
EE6F72ASA_0000001688,SA_0000001688,EE6F72A,SA_0000001688,2002,YEAR,180,COUNTRY,PUBLISHED,Alcohol consumption (age 15+),Democratic Republic of the Congo,TOTAL,,,
EE6F72ASA_0000001688,SA_0000001688,EE6F72A,SA_0000001688,2002,YEAR,188,COUNTRY,PUBLISHED,Alcohol consumption (age 15+),Costa Rica,TOTAL,,,
EE6F72ASA_0000001688,SA_0000001688,EE6F72A,SA_0000001688,2002,YEAR,204,COUNTRY,PUBLISHED,Alcohol consumption (age 15+),Benin,TOTAL,,,
EE6F72ASA_0000001688,SA_0000001688,EE6F72A,SA_0000001688,2002,YEAR,208,COUNTRY,PUBLISHED,Alcohol consumption (age 15+),Denmark,TOTAL,,,
EE6F72ASA_0000001688,SA_0000001688,EE6F72A,SA_0000001688,2002,YEAR,212,COUNTRY,PUBLISHED,Alcohol consumption (age 15+),Dominica,TOTAL,,,
EE6F72ASA_0000001688,SA_0000001688,EE6F72A,SA_0000001688,2002,YEAR,232,COUNTRY,PUBLISHED,Alcohol consumption (age 15+),Eritrea,TOTAL,,,
EE6F72ASA_0000001688,SA_0000001688,EE6F72A,SA_0000001688,2002,YEAR,233,COUNTRY,PUBLISHED,Alcohol consumption (age 15+),Estonia,TOTAL,,,
EE6F72ASA_0000001688,SA_0000001688,EE6F72A,SA_0000001688,2002,YEAR,214,COUNTRY,PUBLISHED,Alcohol consumption (age 15+),Dominican Republic,TOTAL,,,
EE6F72ASA_0000001688,SA_0000001688,EE6F72A,SA_0000001688,2002,YEAR,202,REGION,PUBLISHED,Alcohol consumption (age 15+),Sub-Saharan Africa,TOTAL,,,
EE6F72ASA_0000001688,SA_0000001688,EE6F72A,SA_0000001688,2002,YEAR,203,COUNTRY,PUBLISHED,Alcohol consumption (age 15+),Czechia,TOTAL,,,
EE6F72ASA_0000001688,SA_0000001688,EE6F72A,SA_0000001688,2002,YEAR,226,COUNTRY,PUBLISHED,Alcohol consumption (age 15+),Equatorial Guinea,TOTAL,,,
EE6F72ASA_0000001688,SA_0000001688,EE6F72A,SA_0000001688,2002,YEAR,231,COUNTRY,PUBLISHED,Alcohol consumption (age 15+),Ethiopia,TOTAL,,,
EE6F72ASA_0000001688,SA_0000001688,EE6F72A,SA_0000001688,2002,YEAR,218,COUNTRY,PUBLISHED,Alcohol consumption (age 15+),Ecuador,TOTAL,,,
EE6F72ASA_0000001688,SA_0000001688,EE6F72A,SA_0000001688,2002,YEAR,222,COUNTRY,PUBLISHED,Alcohol consumption (age 15+),El Salvador,TOTAL,,,
EE6F72ASA_0000001688,SA_0000001688,EE6F72A,SA_0000001688,2002,YEAR,266,COUNTRY,PUBLISHED,Alcohol consumption (age 15+),Gabon,TOTAL,,,
EE6F72ASA_0000001688,SA_0000001688,EE6F72A,SA_0000001688,2002,YEAR,268,COUNTRY,PUBLISHED,Alcohol consumption (age 15+),Georgia,TOTAL,,,
EE6F72ASA_0000001688,SA_0000001688,EE6F72A,SA_0000001688,2002,YEAR,242,COUNTRY,PUBLISHED,Alcohol consumption (age 15+),Fiji,TOTAL,,,
EE6F72ASA_0000001688,SA_0000001688,EE6F72A,SA_0000001688,2002,YEAR,246,COUNTRY,PUBLISHED,Alcohol consumption (age 15+),Finland,TOTAL,,,
EE6F72ASA_0000001688,SA_0000001688,EE6F72A,SA_0000001688,2002,YEAR,250,COUNTRY,PUBLISHED,Alcohol consumption (age 15+),France,TOTAL,,,
EE6F72ASA_0000001688,SA_0000001688,EE6F72A,SA_0000001688,2002,YEAR,262,COUNTRY,PUBLISHED,Alcohol consumption (age 15+),Djibouti,TOTAL,,,
EE6F72ASA_0000001688,SA_0000001688,EE6F72A,SA_0000001688,2002,YEAR,288,COUNTRY,PUBLISHED,Alcohol consumption (age 15+),Ghana,TOTAL,,,
EE6F72ASA_0000001688,SA_0000001688,EE6F72A,SA_0000001688,2002,YEAR,296,COUNTRY,PUBLISHED,Alcohol consumption (age 15+),Kiribati,TOTAL,,,
EE6F72ASA_0000001688,SA_0000001688,EE6F72A,SA_0000001688,2002,YEAR,300,COUNTRY,PUBLISHED,Alcohol consumption (age 15+),Greece,TOTAL,,,
EE6F72ASA_0000001688,SA_0000001688,EE6F72A,SA_0000001688,2002,YEAR,308,COUNTRY,PUBLISHED,Alcohol consumption (age 15+),Grenada,TOTAL,,,
EE6F72ASA_0000001688,SA_0000001688,EE6F72A,SA_0000001688,2002,YEAR,270,COUNTRY,PUBLISHED,Alcohol consumption (age 15+),Gambia,TOTAL,,,
EE6F72ASA_0000001688,SA_0000001688,EE6F72A,SA_0000001688,2002,YEAR,276,COUNTRY,PUBLISHED,Alcohol consumption (age 15+),Germany,TOTAL,,,
EE6F72ASA_0000001688,SA_0000001688,EE6F72A,SA_0000001688,2002,YEAR,328,COUNTRY,PUBLISHED,Alcohol consumption (age 15+),Guyana,TOTAL,,,
EE6F72ASA_0000001688,SA_0000001688,EE6F72A,SA_0000001688,2002,YEAR,360,COUNTRY,PUBLISHED,Alcohol consumption (age 15+),Indonesia,TOTAL,,,
EE6F72ASA_0000001688,SA_0000001688,EE6F72A,SA_0000001688,2002,YEAR,364,COUNTRY,PUBLISHED,Alcohol consumption (age 15+),Iran (Islamic Republic of),TOTAL,,,
EE6F72ASA_0000001688,SA_0000001688,EE6F72A,SA_0000001688,2002,YEAR,368,COUNTRY,PUBLISHED,Alcohol consumption (age 15+),Iraq,TOTAL,,,
EE6F72ASA_0000001688,SA_0000001688,EE6F72A,SA_0000001688,2002,YEAR,372,COUNTRY,PUBLISHED,Alcohol consumption (age 15+),Ireland,TOTAL,,,
EE6F72ASA_0000001688,SA_0000001688,EE6F72A,SA_0000001688,2002,YEAR,332,COUNTRY,PUBLISHED,Alcohol consumption (age 15+),Haiti,TOTAL,,,
EE6F72ASA_0000001688,SA_0000001688,EE6F72A,SA_0000001688,2002,YEAR,340,COUNTRY,PUBLISHED,Alcohol consumption (age 15+),Honduras,TOTAL,,,
EE6F72ASA_0000001688,SA_0000001688,EE6F72A,SA_0000001688,2002,YEAR,348,COUNTRY,PUBLISHED,Alcohol consumption (age 15+),Hungary,TOTAL,,,
EE6F72ASA_0000001688,SA_0000001688,EE6F72A,SA_0000001688,2002,YEAR,320,COUNTRY,PUBLISHED,Alcohol consumption (age 15+),Guatemala,TOTAL,,,
EE6F72ASA_0000001688,SA_0000001688,EE6F72A,SA_0000001688,2002,YEAR,324,COUNTRY,PUBLISHED,Alcohol consumption (age 15+),Guinea,TOTAL,,,
EE6F72ASA_0000001688,SA_0000001688,EE6F72A,SA_0000001688,2002,YEAR,352,COUNTRY,PUBLISHED,Alcohol consumption (age 15+),Iceland,TOTAL,,,
EE6F72ASA_0000001688,SA_0000001688,EE6F72A,SA_0000001688,2002,YEAR,356,COUNTRY,PUBLISHED,Alcohol consumption (age 15+),India,TOTAL,,,
EE6F72ASA_0000001688,SA_0000001688,EE6F72A,SA_0000001688,2002,YEAR,376,COUNTRY,PUBLISHED,Alcohol consumption (age 15+),Israel,TOTAL,,,
EE6F72ASA_0000001688,SA_0000001688,EE6F72A,SA_0000001688,2002,YEAR,408,COUNTRY,PUBLISHED,Alcohol consumption (age 15+),Democratic People's Republic of Korea,TOTAL,,,
EE6F72ASA_0000001688,SA_0000001688,EE6F72A,SA_0000001688,2002,YEAR,410,COUNTRY,PUBLISHED,Alcohol consumption (age 15+),Republic of Korea,TOTAL,,,
EE6F72ASA_0000001688,SA_0000001688,EE6F72A,SA_0000001688,2002,YEAR,414,COUNTRY,PUBLISHED,Alcohol consumption (age 15+),Kuwait,TOTAL,,,
EE6F72ASA_0000001688,SA_0000001688,EE6F72A,SA_0000001688,2002,YEAR,417,COUNTRY,PUBLISHED,Alcohol consumption (age 15+),Kyrgyzstan,TOTAL,,,
EE6F72ASA_0000001688,SA_0000001688,EE6F72A,SA_0000001688,2002,YEAR,380,COUNTRY,PUBLISHED,Alcohol consumption (age 15+),Italy,TOTAL,,,
EE6F72ASA_0000001688,SA_0000001688,EE6F72A,SA_0000001688,2002,YEAR,384,COUNTRY,PUBLISHED,Alcohol consumption (age 15+),Côte d'Ivoire,TOTAL,,,
EE6F72ASA_0000001688,SA_0000001688,EE6F72A,SA_0000001688,2002,YEAR,388,COUNTRY,PUBLISHED,Alcohol consumption (age 15+),Jamaica,TOTAL,,,
EE6F72ASA_0000001688,SA_0000001688,EE6F72A,SA_0000001688,2002,YEAR,392,COUNTRY,PUBLISHED,Alcohol consumption (age 15+),Japan,TOTAL,,,
EE6F72ASA_0000001688,SA_0000001688,EE6F72A,SA_0000001688,2002,YEAR,398,COUNTRY,PUBLISHED,Alcohol consumption (age 15+),Kazakhstan,TOTAL,,,
EE6F72ASA_0000001688,SA_0000001688,EE6F72A,SA_0000001688,2002,YEAR,400,COUNTRY,PUBLISHED,Alcohol consumption (age 15+),Jordan,TOTAL,,,
EE6F72ASA_0000001688,SA_0000001688,EE6F72A,SA_0000001688,2002,YEAR,404,COUNTRY,PUBLISHED,Alcohol consumption (age 15+),Kenya,TOTAL,,,
EE6F72ASA_0000001688,SA_0000001688,EE6F72A,SA_0000001688,2002,YEAR,418,COUNTRY,PUBLISHED,Alcohol consumption (age 15+),Lao People's Democratic Republic,TOTAL,,,
EE6F72ASA_0000001688,SA_0000001688,EE6F72A,SA_0000001688,2002,YEAR,419,REGION,PUBLISHED,Alcohol consumption (age 15+),Latin America and the Caribbean,TOTAL,,,
EE6F72ASA_0000001688,SA_0000001688,EE6F72A,SA_0000001688,2002,YEAR,422,COUNTRY,PUBLISHED,Alcohol consumption (age 15+),Lebanon,TOTAL,,,
EE6F72ASA_0000001688,SA_0000001688,EE6F72A,SA_0000001688,2002,YEAR,426,COUNTRY,PUBLISHED,Alcohol consumption (age 15+),Lesotho,TOTAL,,,
EE6F72ASA_0000001688,SA_0000001688,EE6F72A,SA_0000001688,2002,YEAR,428,COUNTRY,PUBLISHED,Alcohol consumption (age 15+),Latvia,TOTAL,,,
EE6F72ASA_0000001688,SA_0000001688,EE6F72A,SA_0000001688,2002,YEAR,430,COUNTRY,PUBLISHED,Alcohol consumption (age 15+),Liberia,TOTAL,,,
EE6F72ASA_0000001688,SA_0000001688,EE6F72A,SA_0000001688,2005,YEAR,076,COUNTRY,PUBLISHED,Alcohol consumption (age 15+),Brazil,TOTAL,,,
EE6F72ASA_0000001688,SA_0000001688,EE6F72A,SA_0000001688,2005,YEAR,084,COUNTRY,PUBLISHED,Alcohol consumption (age 15+),Belize,TOTAL,,,
EE6F72ASA_0000001688,SA_0000001688,EE6F72A,SA_0000001688,2005,YEAR,090,COUNTRY,PUBLISHED,Alcohol consumption (age 15+),Solomon Islands,TOTAL,,,
EE6F72ASA_0000001688,SA_0000001688,EE6F72A,SA_0000001688,2005,YEAR,096,COUNTRY,PUBLISHED,Alcohol consumption (age 15+),Brunei Darussalam,TOTAL,,,
EE6F72ASA_0000001688,SA_0000001688,EE6F72A,SA_0000001688,2002,YEAR,432,CLASSIFICATION,PUBLISHED,Alcohol consumption (age 15+),Landlocked developing countries,TOTAL,,,
EE6F72ASA_0000001688,SA_0000001688,EE6F72A,SA_0000001688,2002,YEAR,434,COUNTRY,PUBLISHED,Alcohol consumption (age 15+),Libya,TOTAL,,,
EE6F72ASA_0000001688,SA_0000001688,EE6F72A,SA_0000001688,2005,YEAR,108,COUNTRY,PUBLISHED,Alcohol consumption (age 15+),Burundi,TOTAL,,,
EE6F72ASA_0000001688,SA_0000001688,EE6F72A,SA_0000001688,2005,YEAR,112,COUNTRY,PUBLISHED,Alcohol consumption (age 15+),Belarus,TOTAL,,,
EE6F72ASA_0000001688,SA_0000001688,EE6F72A,SA_0000001688,2005,YEAR,116,COUNTRY,PUBLISHED,Alcohol consumption (age 15+),Cambodia,TOTAL,,,
EE6F72ASA_0000001688,SA_0000001688,EE6F72A,SA_0000001688,2005,YEAR,120,COUNTRY,PUBLISHED,Alcohol consumption (age 15+),Cameroon,TOTAL,,,
EE6F72ASA_0000001688,SA_0000001688,EE6F72A,SA_0000001688,2005,YEAR,100,COUNTRY,PUBLISHED,Alcohol consumption (age 15+),Bulgaria,TOTAL,,,
EE6F72ASA_0000001688,SA_0000001688,EE6F72A,SA_0000001688,2005,YEAR,104,COUNTRY,PUBLISHED,Alcohol consumption (age 15+),Myanmar,TOTAL,,,
EE6F72ASA_0000001688,SA_0000001688,EE6F72A,SA_0000001688,2005,YEAR,140,COUNTRY,PUBLISHED,Alcohol consumption (age 15+),Central African Republic,TOTAL,,,
EE6F72ASA_0000001688,SA_0000001688,EE6F72A,SA_0000001688,2005,YEAR,142,REGION,PUBLISHED,Alcohol consumption (age 15+),Asia,TOTAL,,,
EE6F72ASA_0000001688,SA_0000001688,EE6F72A,SA_0000001688,2005,YEAR,143,REGION,PUBLISHED,Alcohol consumption (age 15+),Central Asia,TOTAL,,,
EE6F72ASA_0000001688,SA_0000001688,EE6F72A,SA_0000001688,2005,YEAR,144,COUNTRY,PUBLISHED,Alcohol consumption (age 15+),Sri Lanka,TOTAL,,,
EE6F72ASA_0000001688,SA_0000001688,EE6F72A,SA_0000001688,2005,YEAR,124,COUNTRY,PUBLISHED,Alcohol consumption (age 15+),Canada,TOTAL,,,
EE6F72ASA_0000001688,SA_0000001688,EE6F72A,SA_0000001688,2005,YEAR,132,COUNTRY,PUBLISHED,Alcohol consumption (age 15+),Cabo Verde,TOTAL,,,
EE6F72ASA_0000001688,SA_0000001688,EE6F72A,SA_0000001688,2005,YEAR,150,REGION,PUBLISHED,Alcohol consumption (age 15+),Europe,TOTAL,,,
EE6F72ASA_0000001688,SA_0000001688,EE6F72A,SA_0000001688,2005,YEAR,151,REGION,PUBLISHED,Alcohol consumption (age 15+),Eastern Europe,TOTAL,,,
EE6F72ASA_0000001688,SA_0000001688,EE6F72A,SA_0000001688,2005,YEAR,174,COUNTRY,PUBLISHED,Alcohol consumption (age 15+),Comoros,TOTAL,,,
EE6F72ASA_0000001688,SA_0000001688,EE6F72A,SA_0000001688,2005,YEAR,178,COUNTRY,PUBLISHED,Alcohol consumption (age 15+),Congo,TOTAL,,,
EE6F72ASA_0000001688,SA_0000001688,EE6F72A,SA_0000001688,2005,YEAR,180,COUNTRY,PUBLISHED,Alcohol consumption (age 15+),Democratic Republic of the Congo,TOTAL,,,
EE6F72ASA_0000001688,SA_0000001688,EE6F72A,SA_0000001688,2005,YEAR,152,COUNTRY,PUBLISHED,Alcohol consumption (age 15+),Chile,TOTAL,,,
EE6F72ASA_0000001688,SA_0000001688,EE6F72A,SA_0000001688,2005,YEAR,154,REGION,PUBLISHED,Alcohol consumption (age 15+),Northern Europe,TOTAL,,,
EE6F72ASA_0000001688,SA_0000001688,EE6F72A,SA_0000001688,2005,YEAR,145,REGION,PUBLISHED,Alcohol consumption (age 15+),Western Asia,TOTAL,,,
EE6F72ASA_0000001688,SA_0000001688,EE6F72A,SA_0000001688,2005,YEAR,148,COUNTRY,PUBLISHED,Alcohol consumption (age 15+),Chad,TOTAL,,,
EE6F72ASA_0000001688,SA_0000001688,EE6F72A,SA_0000001688,2005,YEAR,170,COUNTRY,PUBLISHED,Alcohol consumption (age 15+),Colombia,TOTAL,,,
EE6F72ASA_0000001688,SA_0000001688,EE6F72A,SA_0000001688,2005,YEAR,155,REGION,PUBLISHED,Alcohol consumption (age 15+),Western Europe,TOTAL,,,
EE6F72ASA_0000001688,SA_0000001688,EE6F72A,SA_0000001688,2005,YEAR,156,COUNTRY,PUBLISHED,Alcohol consumption (age 15+),China,TOTAL,,,
EE6F72ASA_0000001688,SA_0000001688,EE6F72A,SA_0000001688,2005,YEAR,202,REGION,PUBLISHED,Alcohol consumption (age 15+),Sub-Saharan Africa,TOTAL,,,
EE6F72ASA_0000001688,SA_0000001688,EE6F72A,SA_0000001688,2005,YEAR,208,COUNTRY,PUBLISHED,Alcohol consumption (age 15+),Denmark,TOTAL,,,
EE6F72ASA_0000001688,SA_0000001688,EE6F72A,SA_0000001688,2005,YEAR,212,COUNTRY,PUBLISHED,Alcohol consumption (age 15+),Dominica,TOTAL,,,
EE6F72ASA_0000001688,SA_0000001688,EE6F72A,SA_0000001688,2005,YEAR,214,COUNTRY,PUBLISHED,Alcohol consumption (age 15+),Dominican Republic,TOTAL,,,
EE6F72ASA_0000001688,SA_0000001688,EE6F72A,SA_0000001688,2005,YEAR,218,COUNTRY,PUBLISHED,Alcohol consumption (age 15+),Ecuador,TOTAL,,,
EE6F72ASA_0000001688,SA_0000001688,EE6F72A,SA_0000001688,2005,YEAR,188,COUNTRY,PUBLISHED,Alcohol consumption (age 15+),Costa Rica,TOTAL,,,
EE6F72ASA_0000001688,SA_0000001688,EE6F72A,SA_0000001688,2005,YEAR,191,COUNTRY,PUBLISHED,Alcohol consumption (age 15+),Croatia,TOTAL,,,
EE6F72ASA_0000001688,SA_0000001688,EE6F72A,SA_0000001688,2005,YEAR,192,COUNTRY,PUBLISHED,Alcohol consumption (age 15+),Cuba,TOTAL,,,
EE6F72ASA_0000001688,SA_0000001688,EE6F72A,SA_0000001688,2005,YEAR,196,COUNTRY,PUBLISHED,Alcohol consumption (age 15+),Cyprus,TOTAL,,,
EE6F72ASA_0000001688,SA_0000001688,EE6F72A,SA_0000001688,2005,YEAR,199,CLASSIFICATION,PUBLISHED,Alcohol consumption (age 15+),Least developed countries,TOTAL,,,
EE6F72ASA_0000001688,SA_0000001688,EE6F72A,SA_0000001688,2005,YEAR,203,COUNTRY,PUBLISHED,Alcohol consumption (age 15+),Czechia,TOTAL,,,
EE6F72ASA_0000001688,SA_0000001688,EE6F72A,SA_0000001688,2005,YEAR,204,COUNTRY,PUBLISHED,Alcohol consumption (age 15+),Benin,TOTAL,,,
EE6F72ASA_0000001688,SA_0000001688,EE6F72A,SA_0000001688,2005,YEAR,222,COUNTRY,PUBLISHED,Alcohol consumption (age 15+),El Salvador,TOTAL,,,
EE6F72ASA_0000001688,SA_0000001688,EE6F72A,SA_0000001688,2005,YEAR,226,COUNTRY,PUBLISHED,Alcohol consumption (age 15+),Equatorial Guinea,TOTAL,,,
EE6F72ASA_0000001688,SA_0000001688,EE6F72A,SA_0000001688,2005,YEAR,231,COUNTRY,PUBLISHED,Alcohol consumption (age 15+),Ethiopia,TOTAL,,,
EE6F72ASA_0000001688,SA_0000001688,EE6F72A,SA_0000001688,2005,YEAR,232,COUNTRY,PUBLISHED,Alcohol consumption (age 15+),Eritrea,TOTAL,,,
EE6F72ASA_0000001688,SA_0000001688,EE6F72A,SA_0000001688,2005,YEAR,233,COUNTRY,PUBLISHED,Alcohol consumption (age 15+),Estonia,TOTAL,,,
EE6F72ASA_0000001688,SA_0000001688,EE6F72A,SA_0000001688,2005,YEAR,242,COUNTRY,PUBLISHED,Alcohol consumption (age 15+),Fiji,TOTAL,,,
EE6F72ASA_0000001688,SA_0000001688,EE6F72A,SA_0000001688,2005,YEAR,262,COUNTRY,PUBLISHED,Alcohol consumption (age 15+),Djibouti,TOTAL,,,
EE6F72ASA_0000001688,SA_0000001688,EE6F72A,SA_0000001688,2005,YEAR,266,COUNTRY,PUBLISHED,Alcohol consumption (age 15+),Gabon,TOTAL,,,
EE6F72ASA_0000001688,SA_0000001688,EE6F72A,SA_0000001688,2005,YEAR,268,COUNTRY,PUBLISHED,Alcohol consumption (age 15+),Georgia,TOTAL,,,
EE6F72ASA_0000001688,SA_0000001688,EE6F72A,SA_0000001688,2005,YEAR,270,COUNTRY,PUBLISHED,Alcohol consumption (age 15+),Gambia,TOTAL,,,
EE6F72ASA_0000001688,SA_0000001688,EE6F72A,SA_0000001688,2005,YEAR,246,COUNTRY,PUBLISHED,Alcohol consumption (age 15+),Finland,TOTAL,,,
EE6F72ASA_0000001688,SA_0000001688,EE6F72A,SA_0000001688,2005,YEAR,250,COUNTRY,PUBLISHED,Alcohol consumption (age 15+),France,TOTAL,,,
EE6F72ASA_0000001688,SA_0000001688,EE6F72A,SA_0000001688,2005,YEAR,296,COUNTRY,PUBLISHED,Alcohol consumption (age 15+),Kiribati,TOTAL,,,
EE6F72ASA_0000001688,SA_0000001688,EE6F72A,SA_0000001688,2005,YEAR,300,COUNTRY,PUBLISHED,Alcohol consumption (age 15+),Greece,TOTAL,,,
EE6F72ASA_0000001688,SA_0000001688,EE6F72A,SA_0000001688,2005,YEAR,308,COUNTRY,PUBLISHED,Alcohol consumption (age 15+),Grenada,TOTAL,,,
EE6F72ASA_0000001688,SA_0000001688,EE6F72A,SA_0000001688,2005,YEAR,320,COUNTRY,PUBLISHED,Alcohol consumption (age 15+),Guatemala,TOTAL,,,
EE6F72ASA_0000001688,SA_0000001688,EE6F72A,SA_0000001688,2005,YEAR,276,COUNTRY,PUBLISHED,Alcohol consumption (age 15+),Germany,TOTAL,,,
EE6F72ASA_0000001688,SA_0000001688,EE6F72A,SA_0000001688,2005,YEAR,288,COUNTRY,PUBLISHED,Alcohol consumption (age 15+),Ghana,TOTAL,,,
EE6F72ASA_0000001688,SA_0000001688,EE6F72A,SA_0000001688,2005,YEAR,332,COUNTRY,PUBLISHED,Alcohol consumption (age 15+),Haiti,TOTAL,,,
EE6F72ASA_0000001688,SA_0000001688,EE6F72A,SA_0000001688,2005,YEAR,340,COUNTRY,PUBLISHED,Alcohol consumption (age 15+),Honduras,TOTAL,,,
EE6F72ASA_0000001688,SA_0000001688,EE6F72A,SA_0000001688,2005,YEAR,348,COUNTRY,PUBLISHED,Alcohol consumption (age 15+),Hungary,TOTAL,,,
EE6F72ASA_0000001688,SA_0000001688,EE6F72A,SA_0000001688,2005,YEAR,352,COUNTRY,PUBLISHED,Alcohol consumption (age 15+),Iceland,TOTAL,,,
EE6F72ASA_0000001688,SA_0000001688,EE6F72A,SA_0000001688,2005,YEAR,324,COUNTRY,PUBLISHED,Alcohol consumption (age 15+),Guinea,TOTAL,,,
EE6F72ASA_0000001688,SA_0000001688,EE6F72A,SA_0000001688,2005,YEAR,328,COUNTRY,PUBLISHED,Alcohol consumption (age 15+),Guyana,TOTAL,,,
EE6F72ASA_0000001688,SA_0000001688,EE6F72A,SA_0000001688,2005,YEAR,364,COUNTRY,PUBLISHED,Alcohol consumption (age 15+),Iran (Islamic Republic of),TOTAL,,,
EE6F72ASA_0000001688,SA_0000001688,EE6F72A,SA_0000001688,2005,YEAR,368,COUNTRY,PUBLISHED,Alcohol consumption (age 15+),Iraq,TOTAL,,,
EE6F72ASA_0000001688,SA_0000001688,EE6F72A,SA_0000001688,2005,YEAR,372,COUNTRY,PUBLISHED,Alcohol consumption (age 15+),Ireland,TOTAL,,,
EE6F72ASA_0000001688,SA_0000001688,EE6F72A,SA_0000001688,2005,YEAR,376,COUNTRY,PUBLISHED,Alcohol consumption (age 15+),Israel,TOTAL,,,
EE6F72ASA_0000001688,SA_0000001688,EE6F72A,SA_0000001688,2005,YEAR,356,COUNTRY,PUBLISHED,Alcohol consumption (age 15+),India,TOTAL,,,
EE6F72ASA_0000001688,SA_0000001688,EE6F72A,SA_0000001688,2005,YEAR,360,COUNTRY,PUBLISHED,Alcohol consumption (age 15+),Indonesia,TOTAL,,,
EE6F72ASA_0000001688,SA_0000001688,EE6F72A,SA_0000001688,2005,YEAR,388,COUNTRY,PUBLISHED,Alcohol consumption (age 15+),Jamaica,TOTAL,,,
EE6F72ASA_0000001688,SA_0000001688,EE6F72A,SA_0000001688,2005,YEAR,392,COUNTRY,PUBLISHED,Alcohol consumption (age 15+),Japan,TOTAL,,,
EE6F72ASA_0000001688,SA_0000001688,EE6F72A,SA_0000001688,2005,YEAR,398,COUNTRY,PUBLISHED,Alcohol consumption (age 15+),Kazakhstan,TOTAL,,,
EE6F72ASA_0000001688,SA_0000001688,EE6F72A,SA_0000001688,2005,YEAR,400,COUNTRY,PUBLISHED,Alcohol consumption (age 15+),Jordan,TOTAL,,,
EE6F72ASA_0000001688,SA_0000001688,EE6F72A,SA_0000001688,2005,YEAR,380,COUNTRY,PUBLISHED,Alcohol consumption (age 15+),Italy,TOTAL,,,
EE6F72ASA_0000001688,SA_0000001688,EE6F72A,SA_0000001688,2005,YEAR,384,COUNTRY,PUBLISHED,Alcohol consumption (age 15+),Côte d'Ivoire,TOTAL,,,
EE6F72ASA_0000001688,SA_0000001688,EE6F72A,SA_0000001688,2005,YEAR,410,COUNTRY,PUBLISHED,Alcohol consumption (age 15+),Republic of Korea,TOTAL,,,
EE6F72ASA_0000001688,SA_0000001688,EE6F72A,SA_0000001688,2005,YEAR,414,COUNTRY,PUBLISHED,Alcohol consumption (age 15+),Kuwait,TOTAL,,,
EE6F72ASA_0000001688,SA_0000001688,EE6F72A,SA_0000001688,2005,YEAR,417,COUNTRY,PUBLISHED,Alcohol consumption (age 15+),Kyrgyzstan,TOTAL,,,
EE6F72ASA_0000001688,SA_0000001688,EE6F72A,SA_0000001688,2005,YEAR,418,COUNTRY,PUBLISHED,Alcohol consumption (age 15+),Lao People's Democratic Republic,TOTAL,,,
EE6F72ASA_0000001688,SA_0000001688,EE6F72A,SA_0000001688,2005,YEAR,404,COUNTRY,PUBLISHED,Alcohol consumption (age 15+),Kenya,TOTAL,,,
EE6F72ASA_0000001688,SA_0000001688,EE6F72A,SA_0000001688,2005,YEAR,408,COUNTRY,PUBLISHED,Alcohol consumption (age 15+),Democratic People's Republic of Korea,TOTAL,,,
EE6F72ASA_0000001688,SA_0000001688,EE6F72A,SA_0000001688,2005,YEAR,426,COUNTRY,PUBLISHED,Alcohol consumption (age 15+),Lesotho,TOTAL,,,
EE6F72ASA_0000001688,SA_0000001688,EE6F72A,SA_0000001688,2005,YEAR,428,COUNTRY,PUBLISHED,Alcohol consumption (age 15+),Latvia,TOTAL,,,
EE6F72ASA_0000001688,SA_0000001688,EE6F72A,SA_0000001688,2005,YEAR,430,COUNTRY,PUBLISHED,Alcohol consumption (age 15+),Liberia,TOTAL,,,
EE6F72ASA_0000001688,SA_0000001688,EE6F72A,SA_0000001688,2005,YEAR,432,CLASSIFICATION,PUBLISHED,Alcohol consumption (age 15+),Landlocked developing countries,TOTAL,,,
EE6F72ASA_0000001688,SA_0000001688,EE6F72A,SA_0000001688,2005,YEAR,419,REGION,PUBLISHED,Alcohol consumption (age 15+),Latin America and the Caribbean,TOTAL,,,
EE6F72ASA_0000001688,SA_0000001688,EE6F72A,SA_0000001688,2005,YEAR,422,COUNTRY,PUBLISHED,Alcohol consumption (age 15+),Lebanon,TOTAL,,,
EE6F72ASA_0000001688,SA_0000001688,EE6F72A,SA_0000001688,2007,YEAR,706,COUNTRY,PUBLISHED,Alcohol consumption (age 15+),Somalia,TOTAL,,,
EE6F72ASA_0000001688,SA_0000001688,EE6F72A,SA_0000001688,2007,YEAR,710,COUNTRY,PUBLISHED,Alcohol consumption (age 15+),South Africa,TOTAL,,,
EE6F72ASA_0000001688,SA_0000001688,EE6F72A,SA_0000001688,2007,YEAR,716,COUNTRY,PUBLISHED,Alcohol consumption (age 15+),Zimbabwe,TOTAL,,,
EE6F72ASA_0000001688,SA_0000001688,EE6F72A,SA_0000001688,2007,YEAR,722,CLASSIFICATION,PUBLISHED,Alcohol consumption (age 15+),Small Island Developing States,TOTAL,,,
EE6F72ASA_0000001688,SA_0000001688,EE6F72A,SA_0000001688,2007,YEAR,704,COUNTRY,PUBLISHED,Alcohol consumption (age 15+),Viet Nam,TOTAL,,,
EE6F72ASA_0000001688,SA_0000001688,EE6F72A,SA_0000001688,2007,YEAR,705,COUNTRY,PUBLISHED,Alcohol consumption (age 15+),Slovenia,TOTAL,,,
EE6F72ASA_0000001688,SA_0000001688,EE6F72A,SA_0000001688,2007,YEAR,729,COUNTRY,PUBLISHED,Alcohol consumption (age 15+),Sudan,TOTAL,,,
EE6F72ASA_0000001688,SA_0000001688,EE6F72A,SA_0000001688,2007,YEAR,740,COUNTRY,PUBLISHED,Alcohol consumption (age 15+),Suriname,TOTAL,,,
EE6F72ASA_0000001688,SA_0000001688,EE6F72A,SA_0000001688,2007,YEAR,747,REGION,PUBLISHED,Alcohol consumption (age 15+),Northern Africa and Western Asia,TOTAL,,,
EE6F72ASA_0000001688,SA_0000001688,EE6F72A,SA_0000001688,2007,YEAR,748,COUNTRY,PUBLISHED,Alcohol consumption (age 15+),Eswatini,TOTAL,,,
EE6F72ASA_0000001688,SA_0000001688,EE6F72A,SA_0000001688,2007,YEAR,724,COUNTRY,PUBLISHED,Alcohol consumption (age 15+),Spain,TOTAL,,,
EE6F72ASA_0000001688,SA_0000001688,EE6F72A,SA_0000001688,2007,YEAR,728,COUNTRY,PUBLISHED,Alcohol consumption (age 15+),South Sudan,TOTAL,,,
EE6F72ASA_0000001688,SA_0000001688,EE6F72A,SA_0000001688,2007,YEAR,756,COUNTRY,PUBLISHED,Alcohol consumption (age 15+),Switzerland,TOTAL,,,
EE6F72ASA_0000001688,SA_0000001688,EE6F72A,SA_0000001688,2007,YEAR,760,COUNTRY,PUBLISHED,Alcohol consumption (age 15+),Syrian Arab Republic,TOTAL,,,
EE6F72ASA_0000001688,SA_0000001688,EE6F72A,SA_0000001688,2007,YEAR,762,COUNTRY,PUBLISHED,Alcohol consumption (age 15+),Tajikistan,TOTAL,,,
EE6F72ASA_0000001688,SA_0000001688,EE6F72A,SA_0000001688,2007,YEAR,764,COUNTRY,PUBLISHED,Alcohol consumption (age 15+),Thailand,TOTAL,,,
EE6F72ASA_0000001688,SA_0000001688,EE6F72A,SA_0000001688,2007,YEAR,752,COUNTRY,PUBLISHED,Alcohol consumption (age 15+),Sweden,TOTAL,,,
EE6F72ASA_0000001688,SA_0000001688,EE6F72A,SA_0000001688,2007,YEAR,753,REGION,PUBLISHED,Alcohol consumption (age 15+),Eastern and South-Eastern Asia,TOTAL,,,
EE6F72ASA_0000001688,SA_0000001688,EE6F72A,SA_0000001688,2007,YEAR,777,REGION,PUBLISHED,Alcohol consumption (age 15+),,TOTAL,,,
EE6F72ASA_0000001688,SA_0000001688,EE6F72A,SA_0000001688,2007,YEAR,780,COUNTRY,PUBLISHED,Alcohol consumption (age 15+),Trinidad and Tobago,TOTAL,,,
EE6F72ASA_0000001688,SA_0000001688,EE6F72A,SA_0000001688,2007,YEAR,784,COUNTRY,PUBLISHED,Alcohol consumption (age 15+),United Arab Emirates,TOTAL,,,
EE6F72ASA_0000001688,SA_0000001688,EE6F72A,SA_0000001688,2007,YEAR,788,COUNTRY,PUBLISHED,Alcohol consumption (age 15+),Tunisia,TOTAL,,,
EE6F72ASA_0000001688,SA_0000001688,EE6F72A,SA_0000001688,2007,YEAR,768,COUNTRY,PUBLISHED,Alcohol consumption (age 15+),Togo,TOTAL,,,
EE6F72ASA_0000001688,SA_0000001688,EE6F72A,SA_0000001688,2007,YEAR,776,COUNTRY,PUBLISHED,Alcohol consumption (age 15+),Tonga,TOTAL,,,
EE6F72ASA_0000001688,SA_0000001688,EE6F72A,SA_0000001688,2007,YEAR,798,COUNTRY,PUBLISHED,Alcohol consumption (age 15+),Tuvalu,TOTAL,,,
EE6F72ASA_0000001688,SA_0000001688,EE6F72A,SA_0000001688,2007,YEAR,800,COUNTRY,PUBLISHED,Alcohol consumption (age 15+),Uganda,TOTAL,,,
EE6F72ASA_0000001688,SA_0000001688,EE6F72A,SA_0000001688,2007,YEAR,804,COUNTRY,PUBLISHED,Alcohol consumption (age 15+),Ukraine,TOTAL,,,
EE6F72ASA_0000001688,SA_0000001688,EE6F72A,SA_0000001688,2007,YEAR,807,COUNTRY,PUBLISHED,Alcohol consumption (age 15+),North Macedonia,TOTAL,,,
EE6F72ASA_0000001688,SA_0000001688,EE6F72A,SA_0000001688,2007,YEAR,792,COUNTRY,PUBLISHED,Alcohol consumption (age 15+),Türkiye,TOTAL,,,
EE6F72ASA_0000001688,SA_0000001688,EE6F72A,SA_0000001688,2007,YEAR,795,COUNTRY,PUBLISHED,Alcohol consumption (age 15+),Turkmenistan,TOTAL,,,
EE6F72ASA_0000001688,SA_0000001688,EE6F72A,SA_0000001688,2007,YEAR,834,COUNTRY,PUBLISHED,Alcohol consumption (age 15+),United Republic of Tanzania,TOTAL,,,
EE6F72ASA_0000001688,SA_0000001688,EE6F72A,SA_0000001688,2007,YEAR,840,COUNTRY,PUBLISHED,Alcohol consumption (age 15+),United States of America,TOTAL,,,
EE6F72ASA_0000001688,SA_0000001688,EE6F72A,SA_0000001688,2007,YEAR,854,COUNTRY,PUBLISHED,Alcohol consumption (age 15+),Burkina Faso,TOTAL,,,
EE6F72ASA_0000001688,SA_0000001688,EE6F72A,SA_0000001688,2007,YEAR,858,COUNTRY,PUBLISHED,Alcohol consumption (age 15+),Uruguay,TOTAL,,,
EE6F72ASA_0000001688,SA_0000001688,EE6F72A,SA_0000001688,2007,YEAR,818,COUNTRY,PUBLISHED,Alcohol consumption (age 15+),Egypt,TOTAL,,,
EE6F72ASA_0000001688,SA_0000001688,EE6F72A,SA_0000001688,2007,YEAR,826,COUNTRY,PUBLISHED,Alcohol consumption (age 15+),United Kingdom of Great Britain and Northern Ireland,TOTAL,,,
EE6F72ASA_0000001688,SA_0000001688,EE6F72A,SA_0000001688,2007,YEAR,882,COUNTRY,PUBLISHED,Alcohol consumption (age 15+),Samoa,TOTAL,,,
EE6F72ASA_0000001688,SA_0000001688,EE6F72A,SA_0000001688,2007,YEAR,887,COUNTRY,PUBLISHED,Alcohol consumption (age 15+),Yemen,TOTAL,,,
EE6F72ASA_0000001688,SA_0000001688,EE6F72A,SA_0000001688,2007,YEAR,894,COUNTRY,PUBLISHED,Alcohol consumption (age 15+),Zambia,TOTAL,,,
EE6F72ASA_0000001688,SA_0000001688,EE6F72A,SA_0000001688,2007,YEAR,953,WHOREGION,PUBLISHED,Alcohol consumption (age 15+),Africa,TOTAL,,,
EE6F72ASA_0000001688,SA_0000001688,EE6F72A,SA_0000001688,2007,YEAR,860,COUNTRY,PUBLISHED,Alcohol consumption (age 15+),Uzbekistan,TOTAL,,,
EE6F72ASA_0000001688,SA_0000001688,EE6F72A,SA_0000001688,2007,YEAR,862,COUNTRY,PUBLISHED,Alcohol consumption (age 15+),Venezuela (Bolivarian Republic of),TOTAL,,,
EE6F72ASA_0000001688,SA_0000001688,EE6F72A,SA_0000001688,2007,YEAR,956,WHOREGION,PUBLISHED,Alcohol consumption (age 15+),Europe,TOTAL,,,
EE6F72ASA_0000001688,SA_0000001688,EE6F72A,SA_0000001688,2007,YEAR,957,WHOREGION,PUBLISHED,Alcohol consumption (age 15+),Eastern Mediterranean,TOTAL,,,
EE6F72ASA_0000001688,SA_0000001688,EE6F72A,SA_0000001688,2007,YEAR,958,WHOREGION,PUBLISHED,Alcohol consumption (age 15+),Western Pacific,TOTAL,,,
EE6F72ASA_0000001688,SA_0000001688,EE6F72A,SA_0000001688,2008,YEAR,001,GLOBAL,PUBLISHED,Alcohol consumption (age 15+),World,TOTAL,,,
EE6F72ASA_0000001688,SA_0000001688,EE6F72A,SA_0000001688,2007,YEAR,954,WHOREGION,PUBLISHED,Alcohol consumption (age 15+),Americas,TOTAL,,,
EE6F72ASA_0000001688,SA_0000001688,EE6F72A,SA_0000001688,2007,YEAR,955,WHOREGION,PUBLISHED,Alcohol consumption (age 15+),South-East Asia,TOTAL,,,
EE6F72ASA_0000001688,SA_0000001688,EE6F72A,SA_0000001688,2008,YEAR,005,REGION,PUBLISHED,Alcohol consumption (age 15+),South America,TOTAL,,,
EE6F72ASA_0000001688,SA_0000001688,EE6F72A,SA_0000001688,2008,YEAR,008,COUNTRY,PUBLISHED,Alcohol consumption (age 15+),Albania,TOTAL,,,
EE6F72ASA_0000001688,SA_0000001688,EE6F72A,SA_0000001688,2008,YEAR,009,REGION,PUBLISHED,Alcohol consumption (age 15+),Oceania,TOTAL,,,
EE6F72ASA_0000001688,SA_0000001688,EE6F72A,SA_0000001688,2008,YEAR,011,REGION,PUBLISHED,Alcohol consumption (age 15+),Western Africa,TOTAL,,,
EE6F72ASA_0000001688,SA_0000001688,EE6F72A,SA_0000001688,2008,YEAR,002,REGION,PUBLISHED,Alcohol consumption (age 15+),Africa,TOTAL,,,
EE6F72ASA_0000001688,SA_0000001688,EE6F72A,SA_0000001688,2008,YEAR,004,COUNTRY,PUBLISHED,Alcohol consumption (age 15+),Afghanistan,TOTAL,,,
EE6F72ASA_0000001688,SA_0000001688,EE6F72A,SA_0000001688,2008,YEAR,014,REGION,PUBLISHED,Alcohol consumption (age 15+),Eastern Africa,TOTAL,,,
EE6F72ASA_0000001688,SA_0000001688,EE6F72A,SA_0000001688,2008,YEAR,015,REGION,PUBLISHED,Alcohol consumption (age 15+),Northern Africa,TOTAL,,,
EE6F72ASA_0000001688,SA_0000001688,EE6F72A,SA_0000001688,2008,YEAR,017,REGION,PUBLISHED,Alcohol consumption (age 15+),Middle Africa,TOTAL,,,
EE6F72ASA_0000001688,SA_0000001688,EE6F72A,SA_0000001688,2008,YEAR,018,REGION,PUBLISHED,Alcohol consumption (age 15+),Southern Africa,TOTAL,,,
EE6F72ASA_0000001688,SA_0000001688,EE6F72A,SA_0000001688,2008,YEAR,012,COUNTRY,PUBLISHED,Alcohol consumption (age 15+),Algeria,TOTAL,,,
EE6F72ASA_0000001688,SA_0000001688,EE6F72A,SA_0000001688,2008,YEAR,013,REGION,PUBLISHED,Alcohol consumption (age 15+),Central America,TOTAL,,,
EE6F72ASA_0000001688,SA_0000001688,EE6F72A,SA_0000001688,2008,YEAR,021,REGION,PUBLISHED,Alcohol consumption (age 15+),Northern America,TOTAL,,,
EE6F72ASA_0000001688,SA_0000001688,EE6F72A,SA_0000001688,2008,YEAR,024,COUNTRY,PUBLISHED,Alcohol consumption (age 15+),Angola,TOTAL,,,
EE6F72ASA_0000001688,SA_0000001688,EE6F72A,SA_0000001688,2008,YEAR,028,COUNTRY,PUBLISHED,Alcohol consumption (age 15+),Antigua and Barbuda,TOTAL,,,
EE6F72ASA_0000001688,SA_0000001688,EE6F72A,SA_0000001688,2008,YEAR,029,REGION,PUBLISHED,Alcohol consumption (age 15+),Caribbean,TOTAL,,,
EE6F72ASA_0000001688,SA_0000001688,EE6F72A,SA_0000001688,2008,YEAR,019,REGION,PUBLISHED,Alcohol consumption (age 15+),Americas,TOTAL,,,
EE6F72ASA_0000001688,SA_0000001688,EE6F72A,SA_0000001688,2008,YEAR,020,COUNTRY,PUBLISHED,Alcohol consumption (age 15+),Andorra,TOTAL,,,
EE6F72ASA_0000001688,SA_0000001688,EE6F72A,SA_0000001688,2008,YEAR,032,COUNTRY,PUBLISHED,Alcohol consumption (age 15+),Argentina,TOTAL,,,
EE6F72ASA_0000001688,SA_0000001688,EE6F72A,SA_0000001688,2008,YEAR,034,REGION,PUBLISHED,Alcohol consumption (age 15+),Southern Asia,TOTAL,,,
EE6F72ASA_0000001688,SA_0000001688,EE6F72A,SA_0000001688,2008,YEAR,035,REGION,PUBLISHED,Alcohol consumption (age 15+),South-eastern Asia,TOTAL,,,
EE6F72ASA_0000001688,SA_0000001688,EE6F72A,SA_0000001688,2008,YEAR,036,COUNTRY,PUBLISHED,Alcohol consumption (age 15+),Australia,TOTAL,,,
EE6F72ASA_0000001688,SA_0000001688,EE6F72A,SA_0000001688,2008,YEAR,030,REGION,PUBLISHED,Alcohol consumption (age 15+),Eastern Asia,TOTAL,,,
EE6F72ASA_0000001688,SA_0000001688,EE6F72A,SA_0000001688,2008,YEAR,031,COUNTRY,PUBLISHED,Alcohol consumption (age 15+),Azerbaijan,TOTAL,,,
EE6F72ASA_0000001688,SA_0000001688,EE6F72A,SA_0000001688,2008,YEAR,044,COUNTRY,PUBLISHED,Alcohol consumption (age 15+),Bahamas,TOTAL,,,
EE6F72ASA_0000001688,SA_0000001688,EE6F72A,SA_0000001688,2008,YEAR,048,COUNTRY,PUBLISHED,Alcohol consumption (age 15+),Bahrain,TOTAL,,,
EE6F72ASA_0000001688,SA_0000001688,EE6F72A,SA_0000001688,2008,YEAR,050,COUNTRY,PUBLISHED,Alcohol consumption (age 15+),Bangladesh,TOTAL,,,
EE6F72ASA_0000001688,SA_0000001688,EE6F72A,SA_0000001688,2008,YEAR,051,COUNTRY,PUBLISHED,Alcohol consumption (age 15+),Armenia,TOTAL,,,
EE6F72ASA_0000001688,SA_0000001688,EE6F72A,SA_0000001688,2008,YEAR,039,REGION,PUBLISHED,Alcohol consumption (age 15+),Southern Europe,TOTAL,,,
EE6F72ASA_0000001688,SA_0000001688,EE6F72A,SA_0000001688,2008,YEAR,040,COUNTRY,PUBLISHED,Alcohol consumption (age 15+),Austria,TOTAL,,,
EE6F72ASA_0000001688,SA_0000001688,EE6F72A,SA_0000001688,2008,YEAR,054,REGION,PUBLISHED,Alcohol consumption (age 15+),Melanesia,TOTAL,,,
EE6F72ASA_0000001688,SA_0000001688,EE6F72A,SA_0000001688,2008,YEAR,056,COUNTRY,PUBLISHED,Alcohol consumption (age 15+),Belgium,TOTAL,,,
EE6F72ASA_0000001688,SA_0000001688,EE6F72A,SA_0000001688,2008,YEAR,057,REGION,PUBLISHED,Alcohol consumption (age 15+),Micronesia,TOTAL,,,
EE6F72ASA_0000001688,SA_0000001688,EE6F72A,SA_0000001688,2008,YEAR,061,REGION,PUBLISHED,Alcohol consumption (age 15+),Polynesia,TOTAL,,,
EE6F72ASA_0000001688,SA_0000001688,EE6F72A,SA_0000001688,2008,YEAR,052,COUNTRY,PUBLISHED,Alcohol consumption (age 15+),Barbados,TOTAL,,,
EE6F72ASA_0000001688,SA_0000001688,EE6F72A,SA_0000001688,2008,YEAR,053,REGION,PUBLISHED,Alcohol consumption (age 15+),Australia and New Zealand,TOTAL,,,
EE6F72ASA_0000001688,SA_0000001688,EE6F72A,SA_0000001688,2008,YEAR,068,COUNTRY,PUBLISHED,Alcohol consumption (age 15+),Bolivia (Plurinational State of),TOTAL,,,
EE6F72ASA_0000001688,SA_0000001688,EE6F72A,SA_0000001688,2008,YEAR,070,COUNTRY,PUBLISHED,Alcohol consumption (age 15+),Bosnia and Herzegovina,TOTAL,,,
EE6F72ASA_0000001688,SA_0000001688,EE6F72A,SA_0000001688,2010,YEAR,703,COUNTRY,PUBLISHED,Alcohol consumption (age 15+),Slovakia,TOTAL,,,
EE6F72ASA_0000001688,SA_0000001688,EE6F72A,SA_0000001688,2010,YEAR,704,COUNTRY,PUBLISHED,Alcohol consumption (age 15+),Viet Nam,TOTAL,,,
EE6F72ASA_0000001688,SA_0000001688,EE6F72A,SA_0000001688,2008,YEAR,062,REGION,PUBLISHED,Alcohol consumption (age 15+),Central and Southern Asia,TOTAL,,,
EE6F72ASA_0000001688,SA_0000001688,EE6F72A,SA_0000001688,2008,YEAR,064,COUNTRY,PUBLISHED,Alcohol consumption (age 15+),Bhutan,TOTAL,,,
EE6F72ASA_0000001688,SA_0000001688,EE6F72A,SA_0000001688,2010,YEAR,710,COUNTRY,PUBLISHED,Alcohol consumption (age 15+),South Africa,TOTAL,,,
EE6F72ASA_0000001688,SA_0000001688,EE6F72A,SA_0000001688,2010,YEAR,716,COUNTRY,PUBLISHED,Alcohol consumption (age 15+),Zimbabwe,TOTAL,,,
EE6F72ASA_0000001688,SA_0000001688,EE6F72A,SA_0000001688,2010,YEAR,722,CLASSIFICATION,PUBLISHED,Alcohol consumption (age 15+),Small Island Developing States,TOTAL,,,
EE6F72ASA_0000001688,SA_0000001688,EE6F72A,SA_0000001688,2010,YEAR,724,COUNTRY,PUBLISHED,Alcohol consumption (age 15+),Spain,TOTAL,,,
EE6F72ASA_0000001688,SA_0000001688,EE6F72A,SA_0000001688,2010,YEAR,705,COUNTRY,PUBLISHED,Alcohol consumption (age 15+),Slovenia,TOTAL,,,
EE6F72ASA_0000001688,SA_0000001688,EE6F72A,SA_0000001688,2010,YEAR,706,COUNTRY,PUBLISHED,Alcohol consumption (age 15+),Somalia,TOTAL,,,
EE6F72ASA_0000001688,SA_0000001688,EE6F72A,SA_0000001688,2010,YEAR,740,COUNTRY,PUBLISHED,Alcohol consumption (age 15+),Suriname,TOTAL,,,
EE6F72ASA_0000001688,SA_0000001688,EE6F72A,SA_0000001688,2010,YEAR,747,REGION,PUBLISHED,Alcohol consumption (age 15+),Northern Africa and Western Asia,TOTAL,,,
EE6F72ASA_0000001688,SA_0000001688,EE6F72A,SA_0000001688,2010,YEAR,748,COUNTRY,PUBLISHED,Alcohol consumption (age 15+),Eswatini,TOTAL,,,
EE6F72ASA_0000001688,SA_0000001688,EE6F72A,SA_0000001688,2010,YEAR,752,COUNTRY,PUBLISHED,Alcohol consumption (age 15+),Sweden,TOTAL,,,
EE6F72ASA_0000001688,SA_0000001688,EE6F72A,SA_0000001688,2010,YEAR,728,COUNTRY,PUBLISHED,Alcohol consumption (age 15+),South Sudan,TOTAL,,,
EE6F72ASA_0000001688,SA_0000001688,EE6F72A,SA_0000001688,2010,YEAR,729,COUNTRY,PUBLISHED,Alcohol consumption (age 15+),Sudan,TOTAL,,,
EE6F72ASA_0000001688,SA_0000001688,EE6F72A,SA_0000001688,2010,YEAR,760,COUNTRY,PUBLISHED,Alcohol consumption (age 15+),Syrian Arab Republic,TOTAL,,,
EE6F72ASA_0000001688,SA_0000001688,EE6F72A,SA_0000001688,2010,YEAR,762,COUNTRY,PUBLISHED,Alcohol consumption (age 15+),Tajikistan,TOTAL,,,
EE6F72ASA_0000001688,SA_0000001688,EE6F72A,SA_0000001688,2010,YEAR,764,COUNTRY,PUBLISHED,Alcohol consumption (age 15+),Thailand,TOTAL,,,
EE6F72ASA_0000001688,SA_0000001688,EE6F72A,SA_0000001688,2010,YEAR,768,COUNTRY,PUBLISHED,Alcohol consumption (age 15+),Togo,TOTAL,,,
EE6F72ASA_0000001688,SA_0000001688,EE6F72A,SA_0000001688,2010,YEAR,753,REGION,PUBLISHED,Alcohol consumption (age 15+),Eastern and South-Eastern Asia,TOTAL,,,
EE6F72ASA_0000001688,SA_0000001688,EE6F72A,SA_0000001688,2010,YEAR,756,COUNTRY,PUBLISHED,Alcohol consumption (age 15+),Switzerland,TOTAL,,,
EE6F72ASA_0000001688,SA_0000001688,EE6F72A,SA_0000001688,2010,YEAR,780,COUNTRY,PUBLISHED,Alcohol consumption (age 15+),Trinidad and Tobago,TOTAL,,,
EE6F72ASA_0000001688,SA_0000001688,EE6F72A,SA_0000001688,2010,YEAR,784,COUNTRY,PUBLISHED,Alcohol consumption (age 15+),United Arab Emirates,TOTAL,,,
EE6F72ASA_0000001688,SA_0000001688,EE6F72A,SA_0000001688,2010,YEAR,788,COUNTRY,PUBLISHED,Alcohol consumption (age 15+),Tunisia,TOTAL,,,
EE6F72ASA_0000001688,SA_0000001688,EE6F72A,SA_0000001688,2010,YEAR,792,COUNTRY,PUBLISHED,Alcohol consumption (age 15+),Türkiye,TOTAL,,,
EE6F72ASA_0000001688,SA_0000001688,EE6F72A,SA_0000001688,2010,YEAR,776,COUNTRY,PUBLISHED,Alcohol consumption (age 15+),Tonga,TOTAL,,,
EE6F72ASA_0000001688,SA_0000001688,EE6F72A,SA_0000001688,2010,YEAR,777,REGION,PUBLISHED,Alcohol consumption (age 15+),,TOTAL,,,
EE6F72ASA_0000001688,SA_0000001688,EE6F72A,SA_0000001688,2010,YEAR,800,COUNTRY,PUBLISHED,Alcohol consumption (age 15+),Uganda,TOTAL,,,
EE6F72ASA_0000001688,SA_0000001688,EE6F72A,SA_0000001688,2010,YEAR,804,COUNTRY,PUBLISHED,Alcohol consumption (age 15+),Ukraine,TOTAL,,,
EE6F72ASA_0000001688,SA_0000001688,EE6F72A,SA_0000001688,2010,YEAR,807,COUNTRY,PUBLISHED,Alcohol consumption (age 15+),North Macedonia,TOTAL,,,
EE6F72ASA_0000001688,SA_0000001688,EE6F72A,SA_0000001688,2010,YEAR,818,COUNTRY,PUBLISHED,Alcohol consumption (age 15+),Egypt,TOTAL,,,
EE6F72ASA_0000001688,SA_0000001688,EE6F72A,SA_0000001688,2010,YEAR,795,COUNTRY,PUBLISHED,Alcohol consumption (age 15+),Turkmenistan,TOTAL,,,
EE6F72ASA_0000001688,SA_0000001688,EE6F72A,SA_0000001688,2010,YEAR,798,COUNTRY,PUBLISHED,Alcohol consumption (age 15+),Tuvalu,TOTAL,,,
EE6F72ASA_0000001688,SA_0000001688,EE6F72A,SA_0000001688,2010,YEAR,840,COUNTRY,PUBLISHED,Alcohol consumption (age 15+),United States of America,TOTAL,,,
EE6F72ASA_0000001688,SA_0000001688,EE6F72A,SA_0000001688,2010,YEAR,854,COUNTRY,PUBLISHED,Alcohol consumption (age 15+),Burkina Faso,TOTAL,,,
EE6F72ASA_0000001688,SA_0000001688,EE6F72A,SA_0000001688,2010,YEAR,858,COUNTRY,PUBLISHED,Alcohol consumption (age 15+),Uruguay,TOTAL,,,
EE6F72ASA_0000001688,SA_0000001688,EE6F72A,SA_0000001688,2010,YEAR,860,COUNTRY,PUBLISHED,Alcohol consumption (age 15+),Uzbekistan,TOTAL,,,
EE6F72ASA_0000001688,SA_0000001688,EE6F72A,SA_0000001688,2010,YEAR,826,COUNTRY,PUBLISHED,Alcohol consumption (age 15+),United Kingdom of Great Britain and Northern Ireland,TOTAL,,,
EE6F72ASA_0000001688,SA_0000001688,EE6F72A,SA_0000001688,2010,YEAR,834,COUNTRY,PUBLISHED,Alcohol consumption (age 15+),United Republic of Tanzania,TOTAL,,,
EE6F72ASA_0000001688,SA_0000001688,EE6F72A,SA_0000001688,2010,YEAR,887,COUNTRY,PUBLISHED,Alcohol consumption (age 15+),Yemen,TOTAL,,,
EE6F72ASA_0000001688,SA_0000001688,EE6F72A,SA_0000001688,2010,YEAR,894,COUNTRY,PUBLISHED,Alcohol consumption (age 15+),Zambia,TOTAL,,,
EE6F72ASA_0000001688,SA_0000001688,EE6F72A,SA_0000001688,2010,YEAR,953,WHOREGION,PUBLISHED,Alcohol consumption (age 15+),Africa,TOTAL,,,
EE6F72ASA_0000001688,SA_0000001688,EE6F72A,SA_0000001688,2010,YEAR,954,WHOREGION,PUBLISHED,Alcohol consumption (age 15+),Americas,TOTAL,,,
EE6F72ASA_0000001688,SA_0000001688,EE6F72A,SA_0000001688,2010,YEAR,862,COUNTRY,PUBLISHED,Alcohol consumption (age 15+),Venezuela (Bolivarian Republic of),TOTAL,,,
EE6F72ASA_0000001688,SA_0000001688,EE6F72A,SA_0000001688,2010,YEAR,882,COUNTRY,PUBLISHED,Alcohol consumption (age 15+),Samoa,TOTAL,,,
EE6F72ASA_0000001688,SA_0000001688,EE6F72A,SA_0000001688,2010,YEAR,957,WHOREGION,PUBLISHED,Alcohol consumption (age 15+),Eastern Mediterranean,TOTAL,,,
EE6F72ASA_0000001688,SA_0000001688,EE6F72A,SA_0000001688,2010,YEAR,958,WHOREGION,PUBLISHED,Alcohol consumption (age 15+),Western Pacific,TOTAL,,,
EE6F72ASA_0000001688,SA_0000001688,EE6F72A,SA_0000001688,2011,YEAR,001,GLOBAL,PUBLISHED,Alcohol consumption (age 15+),World,TOTAL,,,
EE6F72ASA_0000001688,SA_0000001688,EE6F72A,SA_0000001688,2011,YEAR,002,REGION,PUBLISHED,Alcohol consumption (age 15+),Africa,TOTAL,,,
EE6F72ASA_0000001688,SA_0000001688,EE6F72A,SA_0000001688,2010,YEAR,955,WHOREGION,PUBLISHED,Alcohol consumption (age 15+),South-East Asia,TOTAL,,,
EE6F72ASA_0000001688,SA_0000001688,EE6F72A,SA_0000001688,2010,YEAR,956,WHOREGION,PUBLISHED,Alcohol consumption (age 15+),Europe,TOTAL,,,
EE6F72ASA_0000001688,SA_0000001688,EE6F72A,SA_0000001688,2011,YEAR,008,COUNTRY,PUBLISHED,Alcohol consumption (age 15+),Albania,TOTAL,,,
EE6F72ASA_0000001688,SA_0000001688,EE6F72A,SA_0000001688,2011,YEAR,009,REGION,PUBLISHED,Alcohol consumption (age 15+),Oceania,TOTAL,,,
EE6F72ASA_0000001688,SA_0000001688,EE6F72A,SA_0000001688,2011,YEAR,011,REGION,PUBLISHED,Alcohol consumption (age 15+),Western Africa,TOTAL,,,
EE6F72ASA_0000001688,SA_0000001688,EE6F72A,SA_0000001688,2011,YEAR,012,COUNTRY,PUBLISHED,Alcohol consumption (age 15+),Algeria,TOTAL,,,
EE6F72ASA_0000001688,SA_0000001688,EE6F72A,SA_0000001688,2011,YEAR,004,COUNTRY,PUBLISHED,Alcohol consumption (age 15+),Afghanistan,TOTAL,,,
EE6F72ASA_0000001688,SA_0000001688,EE6F72A,SA_0000001688,2011,YEAR,005,REGION,PUBLISHED,Alcohol consumption (age 15+),South America,TOTAL,,,
EE6F72ASA_0000001688,SA_0000001688,EE6F72A,SA_0000001688,2011,YEAR,015,REGION,PUBLISHED,Alcohol consumption (age 15+),Northern Africa,TOTAL,,,
EE6F72ASA_0000001688,SA_0000001688,EE6F72A,SA_0000001688,2011,YEAR,017,REGION,PUBLISHED,Alcohol consumption (age 15+),Middle Africa,TOTAL,,,
EE6F72ASA_0000001688,SA_0000001688,EE6F72A,SA_0000001688,2011,YEAR,018,REGION,PUBLISHED,Alcohol consumption (age 15+),Southern Africa,TOTAL,,,
EE6F72ASA_0000001688,SA_0000001688,EE6F72A,SA_0000001688,2011,YEAR,019,REGION,PUBLISHED,Alcohol consumption (age 15+),Americas,TOTAL,,,
EE6F72ASA_0000001688,SA_0000001688,EE6F72A,SA_0000001688,2011,YEAR,013,REGION,PUBLISHED,Alcohol consumption (age 15+),Central America,TOTAL,,,
EE6F72ASA_0000001688,SA_0000001688,EE6F72A,SA_0000001688,2011,YEAR,014,REGION,PUBLISHED,Alcohol consumption (age 15+),Eastern Africa,TOTAL,,,
EE6F72ASA_0000001688,SA_0000001688,EE6F72A,SA_0000001688,2011,YEAR,024,COUNTRY,PUBLISHED,Alcohol consumption (age 15+),Angola,TOTAL,,,
EE6F72ASA_0000001688,SA_0000001688,EE6F72A,SA_0000001688,2011,YEAR,028,COUNTRY,PUBLISHED,Alcohol consumption (age 15+),Antigua and Barbuda,TOTAL,,,
EE6F72ASA_0000001688,SA_0000001688,EE6F72A,SA_0000001688,2011,YEAR,029,REGION,PUBLISHED,Alcohol consumption (age 15+),Caribbean,TOTAL,,,
EE6F72ASA_0000001688,SA_0000001688,EE6F72A,SA_0000001688,2011,YEAR,030,REGION,PUBLISHED,Alcohol consumption (age 15+),Eastern Asia,TOTAL,,,
EE6F72ASA_0000001688,SA_0000001688,EE6F72A,SA_0000001688,2011,YEAR,020,COUNTRY,PUBLISHED,Alcohol consumption (age 15+),Andorra,TOTAL,,,
EE6F72ASA_0000001688,SA_0000001688,EE6F72A,SA_0000001688,2011,YEAR,021,REGION,PUBLISHED,Alcohol consumption (age 15+),Northern America,TOTAL,,,
EE6F72ASA_0000001688,SA_0000001688,EE6F72A,SA_0000001688,2011,YEAR,034,REGION,PUBLISHED,Alcohol consumption (age 15+),Southern Asia,TOTAL,,,
EE6F72ASA_0000001688,SA_0000001688,EE6F72A,SA_0000001688,2011,YEAR,035,REGION,PUBLISHED,Alcohol consumption (age 15+),South-eastern Asia,TOTAL,,,
EE6F72ASA_0000001688,SA_0000001688,EE6F72A,SA_0000001688,2011,YEAR,036,COUNTRY,PUBLISHED,Alcohol consumption (age 15+),Australia,TOTAL,,,
EE6F72ASA_0000001688,SA_0000001688,EE6F72A,SA_0000001688,2011,YEAR,039,REGION,PUBLISHED,Alcohol consumption (age 15+),Southern Europe,TOTAL,,,
EE6F72ASA_0000001688,SA_0000001688,EE6F72A,SA_0000001688,2011,YEAR,031,COUNTRY,PUBLISHED,Alcohol consumption (age 15+),Azerbaijan,TOTAL,,,
EE6F72ASA_0000001688,SA_0000001688,EE6F72A,SA_0000001688,2011,YEAR,032,COUNTRY,PUBLISHED,Alcohol consumption (age 15+),Argentina,TOTAL,,,
EE6F72ASA_0000001688,SA_0000001688,EE6F72A,SA_0000001688,2011,YEAR,048,COUNTRY,PUBLISHED,Alcohol consumption (age 15+),Bahrain,TOTAL,,,
EE6F72ASA_0000001688,SA_0000001688,EE6F72A,SA_0000001688,2011,YEAR,050,COUNTRY,PUBLISHED,Alcohol consumption (age 15+),Bangladesh,TOTAL,,,
EE6F72ASA_0000001688,SA_0000001688,EE6F72A,SA_0000001688,2011,YEAR,051,COUNTRY,PUBLISHED,Alcohol consumption (age 15+),Armenia,TOTAL,,,
EE6F72ASA_0000001688,SA_0000001688,EE6F72A,SA_0000001688,2011,YEAR,052,COUNTRY,PUBLISHED,Alcohol consumption (age 15+),Barbados,TOTAL,,,
EE6F72ASA_0000001688,SA_0000001688,EE6F72A,SA_0000001688,2011,YEAR,040,COUNTRY,PUBLISHED,Alcohol consumption (age 15+),Austria,TOTAL,,,
EE6F72ASA_0000001688,SA_0000001688,EE6F72A,SA_0000001688,2011,YEAR,044,COUNTRY,PUBLISHED,Alcohol consumption (age 15+),Bahamas,TOTAL,,,
EE6F72ASA_0000001688,SA_0000001688,EE6F72A,SA_0000001688,2011,YEAR,056,COUNTRY,PUBLISHED,Alcohol consumption (age 15+),Belgium,TOTAL,,,
EE6F72ASA_0000001688,SA_0000001688,EE6F72A,SA_0000001688,2001,YEAR,706,COUNTRY,PUBLISHED,Alcohol consumption (age 15+),Somalia,TOTAL,,,
EE6F72ASA_0000001688,SA_0000001688,EE6F72A,SA_0000001688,2001,YEAR,710,COUNTRY,PUBLISHED,Alcohol consumption (age 15+),South Africa,TOTAL,,,
EE6F72ASA_0000001688,SA_0000001688,EE6F72A,SA_0000001688,2001,YEAR,716,COUNTRY,PUBLISHED,Alcohol consumption (age 15+),Zimbabwe,TOTAL,,,
EE6F72ASA_0000001688,SA_0000001688,EE6F72A,SA_0000001688,2001,YEAR,722,CLASSIFICATION,PUBLISHED,Alcohol consumption (age 15+),Small Island Developing States,TOTAL,,,
EE6F72ASA_0000001688,SA_0000001688,EE6F72A,SA_0000001688,2011,YEAR,057,REGION,PUBLISHED,Alcohol consumption (age 15+),Micronesia,TOTAL,,,
EE6F72ASA_0000001688,SA_0000001688,EE6F72A,SA_0000001688,2011,YEAR,061,REGION,PUBLISHED,Alcohol consumption (age 15+),Polynesia,TOTAL,,,
EE6F72ASA_0000001688,SA_0000001688,EE6F72A,SA_0000001688,2011,YEAR,062,REGION,PUBLISHED,Alcohol consumption (age 15+),Central and Southern Asia,TOTAL,,,
EE6F72ASA_0000001688,SA_0000001688,EE6F72A,SA_0000001688,2011,YEAR,053,REGION,PUBLISHED,Alcohol consumption (age 15+),Australia and New Zealand,TOTAL,,,
EE6F72ASA_0000001688,SA_0000001688,EE6F72A,SA_0000001688,2011,YEAR,054,REGION,PUBLISHED,Alcohol consumption (age 15+),Melanesia,TOTAL,,,
EE6F72ASA_0000001688,SA_0000001688,EE6F72A,SA_0000001688,2011,YEAR,064,COUNTRY,PUBLISHED,Alcohol consumption (age 15+),Bhutan,TOTAL,,,
EE6F72ASA_0000001688,SA_0000001688,EE6F72A,SA_0000001688,2011,YEAR,068,COUNTRY,PUBLISHED,Alcohol consumption (age 15+),Bolivia (Plurinational State of),TOTAL,,,
EE6F72ASA_0000001688,SA_0000001688,EE6F72A,SA_0000001688,2001,YEAR,724,COUNTRY,PUBLISHED,Alcohol consumption (age 15+),Spain,TOTAL,,,
EE6F72ASA_0000001688,SA_0000001688,EE6F72A,SA_0000001688,2001,YEAR,728,COUNTRY,PUBLISHED,Alcohol consumption (age 15+),South Sudan,TOTAL,,,
EE6F72ASA_0000001688,SA_0000001688,EE6F72A,SA_0000001688,2001,YEAR,729,COUNTRY,PUBLISHED,Alcohol consumption (age 15+),Sudan,TOTAL,,,
EE6F72ASA_0000001688,SA_0000001688,EE6F72A,SA_0000001688,2001,YEAR,740,COUNTRY,PUBLISHED,Alcohol consumption (age 15+),Suriname,TOTAL,,,
EE6F72ASA_0000001688,SA_0000001688,EE6F72A,SA_0000001688,2001,YEAR,747,REGION,PUBLISHED,Alcohol consumption (age 15+),Northern Africa and Western Asia,TOTAL,,,
EE6F72ASA_0000001688,SA_0000001688,EE6F72A,SA_0000001688,2001,YEAR,748,COUNTRY,PUBLISHED,Alcohol consumption (age 15+),Eswatini,TOTAL,,,
EE6F72ASA_0000001688,SA_0000001688,EE6F72A,SA_0000001688,2001,YEAR,756,COUNTRY,PUBLISHED,Alcohol consumption (age 15+),Switzerland,TOTAL,,,
EE6F72ASA_0000001688,SA_0000001688,EE6F72A,SA_0000001688,2001,YEAR,760,COUNTRY,PUBLISHED,Alcohol consumption (age 15+),Syrian Arab Republic,TOTAL,,,
EE6F72ASA_0000001688,SA_0000001688,EE6F72A,SA_0000001688,2001,YEAR,762,COUNTRY,PUBLISHED,Alcohol consumption (age 15+),Tajikistan,TOTAL,,,
EE6F72ASA_0000001688,SA_0000001688,EE6F72A,SA_0000001688,2001,YEAR,764,COUNTRY,PUBLISHED,Alcohol consumption (age 15+),Thailand,TOTAL,,,
EE6F72ASA_0000001688,SA_0000001688,EE6F72A,SA_0000001688,2001,YEAR,752,COUNTRY,PUBLISHED,Alcohol consumption (age 15+),Sweden,TOTAL,,,
EE6F72ASA_0000001688,SA_0000001688,EE6F72A,SA_0000001688,2001,YEAR,753,REGION,PUBLISHED,Alcohol consumption (age 15+),Eastern and South-Eastern Asia,TOTAL,,,
EE6F72ASA_0000001688,SA_0000001688,EE6F72A,SA_0000001688,2001,YEAR,777,REGION,PUBLISHED,Alcohol consumption (age 15+),,TOTAL,,,
EE6F72ASA_0000001688,SA_0000001688,EE6F72A,SA_0000001688,2001,YEAR,780,COUNTRY,PUBLISHED,Alcohol consumption (age 15+),Trinidad and Tobago,TOTAL,,,
EE6F72ASA_0000001688,SA_0000001688,EE6F72A,SA_0000001688,2001,YEAR,784,COUNTRY,PUBLISHED,Alcohol consumption (age 15+),United Arab Emirates,TOTAL,,,
EE6F72ASA_0000001688,SA_0000001688,EE6F72A,SA_0000001688,2001,YEAR,788,COUNTRY,PUBLISHED,Alcohol consumption (age 15+),Tunisia,TOTAL,,,
EE6F72ASA_0000001688,SA_0000001688,EE6F72A,SA_0000001688,2001,YEAR,768,COUNTRY,PUBLISHED,Alcohol consumption (age 15+),Togo,TOTAL,,,
EE6F72ASA_0000001688,SA_0000001688,EE6F72A,SA_0000001688,2001,YEAR,776,COUNTRY,PUBLISHED,Alcohol consumption (age 15+),Tonga,TOTAL,,,
EE6F72ASA_0000001688,SA_0000001688,EE6F72A,SA_0000001688,2001,YEAR,798,COUNTRY,PUBLISHED,Alcohol consumption (age 15+),Tuvalu,TOTAL,,,
EE6F72ASA_0000001688,SA_0000001688,EE6F72A,SA_0000001688,2001,YEAR,800,COUNTRY,PUBLISHED,Alcohol consumption (age 15+),Uganda,TOTAL,,,
EE6F72ASA_0000001688,SA_0000001688,EE6F72A,SA_0000001688,2001,YEAR,804,COUNTRY,PUBLISHED,Alcohol consumption (age 15+),Ukraine,TOTAL,,,
EE6F72ASA_0000001688,SA_0000001688,EE6F72A,SA_0000001688,2001,YEAR,807,COUNTRY,PUBLISHED,Alcohol consumption (age 15+),North Macedonia,TOTAL,,,
EE6F72ASA_0000001688,SA_0000001688,EE6F72A,SA_0000001688,2001,YEAR,792,COUNTRY,PUBLISHED,Alcohol consumption (age 15+),Türkiye,TOTAL,,,
EE6F72ASA_0000001688,SA_0000001688,EE6F72A,SA_0000001688,2001,YEAR,795,COUNTRY,PUBLISHED,Alcohol consumption (age 15+),Turkmenistan,TOTAL,,,
EE6F72ASA_0000001688,SA_0000001688,EE6F72A,SA_0000001688,2001,YEAR,834,COUNTRY,PUBLISHED,Alcohol consumption (age 15+),United Republic of Tanzania,TOTAL,,,
EE6F72ASA_0000001688,SA_0000001688,EE6F72A,SA_0000001688,2001,YEAR,840,COUNTRY,PUBLISHED,Alcohol consumption (age 15+),United States of America,TOTAL,,,
EE6F72ASA_0000001688,SA_0000001688,EE6F72A,SA_0000001688,2001,YEAR,854,COUNTRY,PUBLISHED,Alcohol consumption (age 15+),Burkina Faso,TOTAL,,,
EE6F72ASA_0000001688,SA_0000001688,EE6F72A,SA_0000001688,2001,YEAR,858,COUNTRY,PUBLISHED,Alcohol consumption (age 15+),Uruguay,TOTAL,,,
EE6F72ASA_0000001688,SA_0000001688,EE6F72A,SA_0000001688,2001,YEAR,818,COUNTRY,PUBLISHED,Alcohol consumption (age 15+),Egypt,TOTAL,,,
EE6F72ASA_0000001688,SA_0000001688,EE6F72A,SA_0000001688,2001,YEAR,826,COUNTRY,PUBLISHED,Alcohol consumption (age 15+),United Kingdom of Great Britain and Northern Ireland,TOTAL,,,
EE6F72ASA_0000001688,SA_0000001688,EE6F72A,SA_0000001688,2001,YEAR,882,COUNTRY,PUBLISHED,Alcohol consumption (age 15+),Samoa,TOTAL,,,
EE6F72ASA_0000001688,SA_0000001688,EE6F72A,SA_0000001688,2001,YEAR,887,COUNTRY,PUBLISHED,Alcohol consumption (age 15+),Yemen,TOTAL,,,
EE6F72ASA_0000001688,SA_0000001688,EE6F72A,SA_0000001688,2001,YEAR,894,COUNTRY,PUBLISHED,Alcohol consumption (age 15+),Zambia,TOTAL,,,
EE6F72ASA_0000001688,SA_0000001688,EE6F72A,SA_0000001688,2001,YEAR,953,WHOREGION,PUBLISHED,Alcohol consumption (age 15+),Africa,TOTAL,,,
EE6F72ASA_0000001688,SA_0000001688,EE6F72A,SA_0000001688,2001,YEAR,860,COUNTRY,PUBLISHED,Alcohol consumption (age 15+),Uzbekistan,TOTAL,,,
EE6F72ASA_0000001688,SA_0000001688,EE6F72A,SA_0000001688,2001,YEAR,862,COUNTRY,PUBLISHED,Alcohol consumption (age 15+),Venezuela (Bolivarian Republic of),TOTAL,,,
EE6F72ASA_0000001688,SA_0000001688,EE6F72A,SA_0000001688,2001,YEAR,956,WHOREGION,PUBLISHED,Alcohol consumption (age 15+),Europe,TOTAL,,,
EE6F72ASA_0000001688,SA_0000001688,EE6F72A,SA_0000001688,2001,YEAR,957,WHOREGION,PUBLISHED,Alcohol consumption (age 15+),Eastern Mediterranean,TOTAL,,,
EE6F72ASA_0000001688,SA_0000001688,EE6F72A,SA_0000001688,2001,YEAR,958,WHOREGION,PUBLISHED,Alcohol consumption (age 15+),Western Pacific,TOTAL,,,
EE6F72ASA_0000001688,SA_0000001688,EE6F72A,SA_0000001688,2002,YEAR,001,GLOBAL,PUBLISHED,Alcohol consumption (age 15+),World,TOTAL,,,
EE6F72ASA_0000001688,SA_0000001688,EE6F72A,SA_0000001688,2001,YEAR,954,WHOREGION,PUBLISHED,Alcohol consumption (age 15+),Americas,TOTAL,,,
EE6F72ASA_0000001688,SA_0000001688,EE6F72A,SA_0000001688,2001,YEAR,955,WHOREGION,PUBLISHED,Alcohol consumption (age 15+),South-East Asia,TOTAL,,,
EE6F72ASA_0000001688,SA_0000001688,EE6F72A,SA_0000001688,2002,YEAR,005,REGION,PUBLISHED,Alcohol consumption (age 15+),South America,TOTAL,,,
EE6F72ASA_0000001688,SA_0000001688,EE6F72A,SA_0000001688,2002,YEAR,008,COUNTRY,PUBLISHED,Alcohol consumption (age 15+),Albania,TOTAL,,,
EE6F72ASA_0000001688,SA_0000001688,EE6F72A,SA_0000001688,2002,YEAR,009,REGION,PUBLISHED,Alcohol consumption (age 15+),Oceania,TOTAL,,,
EE6F72ASA_0000001688,SA_0000001688,EE6F72A,SA_0000001688,2002,YEAR,011,REGION,PUBLISHED,Alcohol consumption (age 15+),Western Africa,TOTAL,,,
EE6F72ASA_0000001688,SA_0000001688,EE6F72A,SA_0000001688,2002,YEAR,002,REGION,PUBLISHED,Alcohol consumption (age 15+),Africa,TOTAL,,,
EE6F72ASA_0000001688,SA_0000001688,EE6F72A,SA_0000001688,2002,YEAR,004,COUNTRY,PUBLISHED,Alcohol consumption (age 15+),Afghanistan,TOTAL,,,
EE6F72ASA_0000001688,SA_0000001688,EE6F72A,SA_0000001688,2002,YEAR,014,REGION,PUBLISHED,Alcohol consumption (age 15+),Eastern Africa,TOTAL,,,
EE6F72ASA_0000001688,SA_0000001688,EE6F72A,SA_0000001688,2002,YEAR,015,REGION,PUBLISHED,Alcohol consumption (age 15+),Northern Africa,TOTAL,,,
EE6F72ASA_0000001688,SA_0000001688,EE6F72A,SA_0000001688,2002,YEAR,017,REGION,PUBLISHED,Alcohol consumption (age 15+),Middle Africa,TOTAL,,,
EE6F72ASA_0000001688,SA_0000001688,EE6F72A,SA_0000001688,2002,YEAR,018,REGION,PUBLISHED,Alcohol consumption (age 15+),Southern Africa,TOTAL,,,
EE6F72ASA_0000001688,SA_0000001688,EE6F72A,SA_0000001688,2002,YEAR,012,COUNTRY,PUBLISHED,Alcohol consumption (age 15+),Algeria,TOTAL,,,
EE6F72ASA_0000001688,SA_0000001688,EE6F72A,SA_0000001688,2002,YEAR,013,REGION,PUBLISHED,Alcohol consumption (age 15+),Central America,TOTAL,,,
EE6F72ASA_0000001688,SA_0000001688,EE6F72A,SA_0000001688,2002,YEAR,021,REGION,PUBLISHED,Alcohol consumption (age 15+),Northern America,TOTAL,,,
EE6F72ASA_0000001688,SA_0000001688,EE6F72A,SA_0000001688,2002,YEAR,024,COUNTRY,PUBLISHED,Alcohol consumption (age 15+),Angola,TOTAL,,,
EE6F72ASA_0000001688,SA_0000001688,EE6F72A,SA_0000001688,2002,YEAR,028,COUNTRY,PUBLISHED,Alcohol consumption (age 15+),Antigua and Barbuda,TOTAL,,,
EE6F72ASA_0000001688,SA_0000001688,EE6F72A,SA_0000001688,2002,YEAR,029,REGION,PUBLISHED,Alcohol consumption (age 15+),Caribbean,TOTAL,,,
EE6F72ASA_0000001688,SA_0000001688,EE6F72A,SA_0000001688,2002,YEAR,019,REGION,PUBLISHED,Alcohol consumption (age 15+),Americas,TOTAL,,,
EE6F72ASA_0000001688,SA_0000001688,EE6F72A,SA_0000001688,2002,YEAR,020,COUNTRY,PUBLISHED,Alcohol consumption (age 15+),Andorra,TOTAL,,,
EE6F72ASA_0000001688,SA_0000001688,EE6F72A,SA_0000001688,2002,YEAR,032,COUNTRY,PUBLISHED,Alcohol consumption (age 15+),Argentina,TOTAL,,,
EE6F72ASA_0000001688,SA_0000001688,EE6F72A,SA_0000001688,2002,YEAR,034,REGION,PUBLISHED,Alcohol consumption (age 15+),Southern Asia,TOTAL,,,
EE6F72ASA_0000001688,SA_0000001688,EE6F72A,SA_0000001688,2002,YEAR,035,REGION,PUBLISHED,Alcohol consumption (age 15+),South-eastern Asia,TOTAL,,,
EE6F72ASA_0000001688,SA_0000001688,EE6F72A,SA_0000001688,2002,YEAR,036,COUNTRY,PUBLISHED,Alcohol consumption (age 15+),Australia,TOTAL,,,
EE6F72ASA_0000001688,SA_0000001688,EE6F72A,SA_0000001688,2002,YEAR,030,REGION,PUBLISHED,Alcohol consumption (age 15+),Eastern Asia,TOTAL,,,
EE6F72ASA_0000001688,SA_0000001688,EE6F72A,SA_0000001688,2002,YEAR,031,COUNTRY,PUBLISHED,Alcohol consumption (age 15+),Azerbaijan,TOTAL,,,
EE6F72ASA_0000001688,SA_0000001688,EE6F72A,SA_0000001688,2002,YEAR,044,COUNTRY,PUBLISHED,Alcohol consumption (age 15+),Bahamas,TOTAL,,,
EE6F72ASA_0000001688,SA_0000001688,EE6F72A,SA_0000001688,2002,YEAR,048,COUNTRY,PUBLISHED,Alcohol consumption (age 15+),Bahrain,TOTAL,,,
EE6F72ASA_0000001688,SA_0000001688,EE6F72A,SA_0000001688,2002,YEAR,050,COUNTRY,PUBLISHED,Alcohol consumption (age 15+),Bangladesh,TOTAL,,,
EE6F72ASA_0000001688,SA_0000001688,EE6F72A,SA_0000001688,2002,YEAR,051,COUNTRY,PUBLISHED,Alcohol consumption (age 15+),Armenia,TOTAL,,,
EE6F72ASA_0000001688,SA_0000001688,EE6F72A,SA_0000001688,2002,YEAR,039,REGION,PUBLISHED,Alcohol consumption (age 15+),Southern Europe,TOTAL,,,
EE6F72ASA_0000001688,SA_0000001688,EE6F72A,SA_0000001688,2002,YEAR,040,COUNTRY,PUBLISHED,Alcohol consumption (age 15+),Austria,TOTAL,,,
EE6F72ASA_0000001688,SA_0000001688,EE6F72A,SA_0000001688,2002,YEAR,054,REGION,PUBLISHED,Alcohol consumption (age 15+),Melanesia,TOTAL,,,
EE6F72ASA_0000001688,SA_0000001688,EE6F72A,SA_0000001688,2002,YEAR,056,COUNTRY,PUBLISHED,Alcohol consumption (age 15+),Belgium,TOTAL,,,
EE6F72ASA_0000001688,SA_0000001688,EE6F72A,SA_0000001688,2002,YEAR,057,REGION,PUBLISHED,Alcohol consumption (age 15+),Micronesia,TOTAL,,,
EE6F72ASA_0000001688,SA_0000001688,EE6F72A,SA_0000001688,2002,YEAR,061,REGION,PUBLISHED,Alcohol consumption (age 15+),Polynesia,TOTAL,,,
EE6F72ASA_0000001688,SA_0000001688,EE6F72A,SA_0000001688,2002,YEAR,052,COUNTRY,PUBLISHED,Alcohol consumption (age 15+),Barbados,TOTAL,,,
EE6F72ASA_0000001688,SA_0000001688,EE6F72A,SA_0000001688,2002,YEAR,053,REGION,PUBLISHED,Alcohol consumption (age 15+),Australia and New Zealand,TOTAL,,,
EE6F72ASA_0000001688,SA_0000001688,EE6F72A,SA_0000001688,2002,YEAR,068,COUNTRY,PUBLISHED,Alcohol consumption (age 15+),Bolivia (Plurinational State of),TOTAL,,,
EE6F72ASA_0000001688,SA_0000001688,EE6F72A,SA_0000001688,2002,YEAR,070,COUNTRY,PUBLISHED,Alcohol consumption (age 15+),Bosnia and Herzegovina,TOTAL,,,
EE6F72ASA_0000001688,SA_0000001688,EE6F72A,SA_0000001688,2002,YEAR,072,COUNTRY,PUBLISHED,Alcohol consumption (age 15+),Botswana,TOTAL,,,
EE6F72ASA_0000001688,SA_0000001688,EE6F72A,SA_0000001688,2002,YEAR,076,COUNTRY,PUBLISHED,Alcohol consumption (age 15+),Brazil,TOTAL,,,
EE6F72ASA_0000001688,SA_0000001688,EE6F72A,SA_0000001688,2002,YEAR,062,REGION,PUBLISHED,Alcohol consumption (age 15+),Central and Southern Asia,TOTAL,,,
EE6F72ASA_0000001688,SA_0000001688,EE6F72A,SA_0000001688,2002,YEAR,064,COUNTRY,PUBLISHED,Alcohol consumption (age 15+),Bhutan,TOTAL,,,
EE6F72ASA_0000001688,SA_0000001688,EE6F72A,SA_0000001688,2004,YEAR,710,COUNTRY,PUBLISHED,Alcohol consumption (age 15+),South Africa,TOTAL,,,
EE6F72ASA_0000001688,SA_0000001688,EE6F72A,SA_0000001688,2004,YEAR,716,COUNTRY,PUBLISHED,Alcohol consumption (age 15+),Zimbabwe,TOTAL,,,
EE6F72ASA_0000001688,SA_0000001688,EE6F72A,SA_0000001688,2004,YEAR,722,CLASSIFICATION,PUBLISHED,Alcohol consumption (age 15+),Small Island Developing States,TOTAL,,,
EE6F72ASA_0000001688,SA_0000001688,EE6F72A,SA_0000001688,2004,YEAR,724,COUNTRY,PUBLISHED,Alcohol consumption (age 15+),Spain,TOTAL,,,
EE6F72ASA_0000001688,SA_0000001688,EE6F72A,SA_0000001688,2004,YEAR,705,COUNTRY,PUBLISHED,Alcohol consumption (age 15+),Slovenia,TOTAL,,,
EE6F72ASA_0000001688,SA_0000001688,EE6F72A,SA_0000001688,2004,YEAR,706,COUNTRY,PUBLISHED,Alcohol consumption (age 15+),Somalia,TOTAL,,,
EE6F72ASA_0000001688,SA_0000001688,EE6F72A,SA_0000001688,2004,YEAR,740,COUNTRY,PUBLISHED,Alcohol consumption (age 15+),Suriname,TOTAL,,,
EE6F72ASA_0000001688,SA_0000001688,EE6F72A,SA_0000001688,2004,YEAR,747,REGION,PUBLISHED,Alcohol consumption (age 15+),Northern Africa and Western Asia,TOTAL,,,
EE6F72ASA_0000001688,SA_0000001688,EE6F72A,SA_0000001688,2004,YEAR,748,COUNTRY,PUBLISHED,Alcohol consumption (age 15+),Eswatini,TOTAL,,,
EE6F72ASA_0000001688,SA_0000001688,EE6F72A,SA_0000001688,2004,YEAR,752,COUNTRY,PUBLISHED,Alcohol consumption (age 15+),Sweden,TOTAL,,,
EE6F72ASA_0000001688,SA_0000001688,EE6F72A,SA_0000001688,2004,YEAR,728,COUNTRY,PUBLISHED,Alcohol consumption (age 15+),South Sudan,TOTAL,,,
EE6F72ASA_0000001688,SA_0000001688,EE6F72A,SA_0000001688,2004,YEAR,729,COUNTRY,PUBLISHED,Alcohol consumption (age 15+),Sudan,TOTAL,,,
EE6F72ASA_0000001688,SA_0000001688,EE6F72A,SA_0000001688,2004,YEAR,760,COUNTRY,PUBLISHED,Alcohol consumption (age 15+),Syrian Arab Republic,TOTAL,,,
EE6F72ASA_0000001688,SA_0000001688,EE6F72A,SA_0000001688,2004,YEAR,762,COUNTRY,PUBLISHED,Alcohol consumption (age 15+),Tajikistan,TOTAL,,,
EE6F72ASA_0000001688,SA_0000001688,EE6F72A,SA_0000001688,2004,YEAR,764,COUNTRY,PUBLISHED,Alcohol consumption (age 15+),Thailand,TOTAL,,,
EE6F72ASA_0000001688,SA_0000001688,EE6F72A,SA_0000001688,2004,YEAR,768,COUNTRY,PUBLISHED,Alcohol consumption (age 15+),Togo,TOTAL,,,
EE6F72ASA_0000001688,SA_0000001688,EE6F72A,SA_0000001688,2004,YEAR,753,REGION,PUBLISHED,Alcohol consumption (age 15+),Eastern and South-Eastern Asia,TOTAL,,,
EE6F72ASA_0000001688,SA_0000001688,EE6F72A,SA_0000001688,2004,YEAR,756,COUNTRY,PUBLISHED,Alcohol consumption (age 15+),Switzerland,TOTAL,,,
EE6F72ASA_0000001688,SA_0000001688,EE6F72A,SA_0000001688,2004,YEAR,780,COUNTRY,PUBLISHED,Alcohol consumption (age 15+),Trinidad and Tobago,TOTAL,,,
EE6F72ASA_0000001688,SA_0000001688,EE6F72A,SA_0000001688,2004,YEAR,784,COUNTRY,PUBLISHED,Alcohol consumption (age 15+),United Arab Emirates,TOTAL,,,
EE6F72ASA_0000001688,SA_0000001688,EE6F72A,SA_0000001688,2004,YEAR,788,COUNTRY,PUBLISHED,Alcohol consumption (age 15+),Tunisia,TOTAL,,,
EE6F72ASA_0000001688,SA_0000001688,EE6F72A,SA_0000001688,2004,YEAR,792,COUNTRY,PUBLISHED,Alcohol consumption (age 15+),Türkiye,TOTAL,,,
EE6F72ASA_0000001688,SA_0000001688,EE6F72A,SA_0000001688,2004,YEAR,776,COUNTRY,PUBLISHED,Alcohol consumption (age 15+),Tonga,TOTAL,,,
EE6F72ASA_0000001688,SA_0000001688,EE6F72A,SA_0000001688,2004,YEAR,777,REGION,PUBLISHED,Alcohol consumption (age 15+),,TOTAL,,,
EE6F72ASA_0000001688,SA_0000001688,EE6F72A,SA_0000001688,2004,YEAR,800,COUNTRY,PUBLISHED,Alcohol consumption (age 15+),Uganda,TOTAL,,,
EE6F72ASA_0000001688,SA_0000001688,EE6F72A,SA_0000001688,2004,YEAR,804,COUNTRY,PUBLISHED,Alcohol consumption (age 15+),Ukraine,TOTAL,,,
EE6F72ASA_0000001688,SA_0000001688,EE6F72A,SA_0000001688,2004,YEAR,807,COUNTRY,PUBLISHED,Alcohol consumption (age 15+),North Macedonia,TOTAL,,,
EE6F72ASA_0000001688,SA_0000001688,EE6F72A,SA_0000001688,2004,YEAR,818,COUNTRY,PUBLISHED,Alcohol consumption (age 15+),Egypt,TOTAL,,,
EE6F72ASA_0000001688,SA_0000001688,EE6F72A,SA_0000001688,2004,YEAR,795,COUNTRY,PUBLISHED,Alcohol consumption (age 15+),Turkmenistan,TOTAL,,,
EE6F72ASA_0000001688,SA_0000001688,EE6F72A,SA_0000001688,2004,YEAR,798,COUNTRY,PUBLISHED,Alcohol consumption (age 15+),Tuvalu,TOTAL,,,
EE6F72ASA_0000001688,SA_0000001688,EE6F72A,SA_0000001688,2004,YEAR,840,COUNTRY,PUBLISHED,Alcohol consumption (age 15+),United States of America,TOTAL,,,
EE6F72ASA_0000001688,SA_0000001688,EE6F72A,SA_0000001688,2004,YEAR,854,COUNTRY,PUBLISHED,Alcohol consumption (age 15+),Burkina Faso,TOTAL,,,
EE6F72ASA_0000001688,SA_0000001688,EE6F72A,SA_0000001688,2004,YEAR,858,COUNTRY,PUBLISHED,Alcohol consumption (age 15+),Uruguay,TOTAL,,,
EE6F72ASA_0000001688,SA_0000001688,EE6F72A,SA_0000001688,2004,YEAR,860,COUNTRY,PUBLISHED,Alcohol consumption (age 15+),Uzbekistan,TOTAL,,,
EE6F72ASA_0000001688,SA_0000001688,EE6F72A,SA_0000001688,2004,YEAR,826,COUNTRY,PUBLISHED,Alcohol consumption (age 15+),United Kingdom of Great Britain and Northern Ireland,TOTAL,,,
EE6F72ASA_0000001688,SA_0000001688,EE6F72A,SA_0000001688,2004,YEAR,834,COUNTRY,PUBLISHED,Alcohol consumption (age 15+),United Republic of Tanzania,TOTAL,,,
EE6F72ASA_0000001688,SA_0000001688,EE6F72A,SA_0000001688,2004,YEAR,887,COUNTRY,PUBLISHED,Alcohol consumption (age 15+),Yemen,TOTAL,,,
EE6F72ASA_0000001688,SA_0000001688,EE6F72A,SA_0000001688,2004,YEAR,894,COUNTRY,PUBLISHED,Alcohol consumption (age 15+),Zambia,TOTAL,,,
EE6F72ASA_0000001688,SA_0000001688,EE6F72A,SA_0000001688,2004,YEAR,953,WHOREGION,PUBLISHED,Alcohol consumption (age 15+),Africa,TOTAL,,,
EE6F72ASA_0000001688,SA_0000001688,EE6F72A,SA_0000001688,2004,YEAR,954,WHOREGION,PUBLISHED,Alcohol consumption (age 15+),Americas,TOTAL,,,
EE6F72ASA_0000001688,SA_0000001688,EE6F72A,SA_0000001688,2004,YEAR,862,COUNTRY,PUBLISHED,Alcohol consumption (age 15+),Venezuela (Bolivarian Republic of),TOTAL,,,
EE6F72ASA_0000001688,SA_0000001688,EE6F72A,SA_0000001688,2004,YEAR,882,COUNTRY,PUBLISHED,Alcohol consumption (age 15+),Samoa,TOTAL,,,
EE6F72ASA_0000001688,SA_0000001688,EE6F72A,SA_0000001688,2004,YEAR,957,WHOREGION,PUBLISHED,Alcohol consumption (age 15+),Eastern Mediterranean,TOTAL,,,
EE6F72ASA_0000001688,SA_0000001688,EE6F72A,SA_0000001688,2005,YEAR,008,COUNTRY,PUBLISHED,Alcohol consumption (age 15+),Albania,TOTAL,,,
EE6F72ASA_0000001688,SA_0000001688,EE6F72A,SA_0000001688,2005,YEAR,009,REGION,PUBLISHED,Alcohol consumption (age 15+),Oceania,TOTAL,,,
EE6F72ASA_0000001688,SA_0000001688,EE6F72A,SA_0000001688,2005,YEAR,011,REGION,PUBLISHED,Alcohol consumption (age 15+),Western Africa,TOTAL,,,
EE6F72ASA_0000001688,SA_0000001688,EE6F72A,SA_0000001688,2005,YEAR,012,COUNTRY,PUBLISHED,Alcohol consumption (age 15+),Algeria,TOTAL,,,
EE6F72ASA_0000001688,SA_0000001688,EE6F72A,SA_0000001688,2004,YEAR,958,WHOREGION,PUBLISHED,Alcohol consumption (age 15+),Western Pacific,TOTAL,,,
EE6F72ASA_0000001688,SA_0000001688,EE6F72A,SA_0000001688,2005,YEAR,001,GLOBAL,PUBLISHED,Alcohol consumption (age 15+),World,TOTAL,,,
EE6F72ASA_0000001688,SA_0000001688,EE6F72A,SA_0000001688,2005,YEAR,002,REGION,PUBLISHED,Alcohol consumption (age 15+),Africa,TOTAL,,,
EE6F72ASA_0000001688,SA_0000001688,EE6F72A,SA_0000001688,2005,YEAR,004,COUNTRY,PUBLISHED,Alcohol consumption (age 15+),Afghanistan,TOTAL,,,
EE6F72ASA_0000001688,SA_0000001688,EE6F72A,SA_0000001688,2005,YEAR,005,REGION,PUBLISHED,Alcohol consumption (age 15+),South America,TOTAL,,,
EE6F72ASA_0000001688,SA_0000001688,EE6F72A,SA_0000001688,2004,YEAR,955,WHOREGION,PUBLISHED,Alcohol consumption (age 15+),South-East Asia,TOTAL,,,
EE6F72ASA_0000001688,SA_0000001688,EE6F72A,SA_0000001688,2004,YEAR,956,WHOREGION,PUBLISHED,Alcohol consumption (age 15+),Europe,TOTAL,,,
EE6F72ASA_0000001688,SA_0000001688,EE6F72A,SA_0000001688,2005,YEAR,013,REGION,PUBLISHED,Alcohol consumption (age 15+),Central America,TOTAL,,,
EE6F72ASA_0000001688,SA_0000001688,EE6F72A,SA_0000001688,2005,YEAR,014,REGION,PUBLISHED,Alcohol consumption (age 15+),Eastern Africa,TOTAL,,,
EE6F72ASA_0000001688,SA_0000001688,EE6F72A,SA_0000001688,2005,YEAR,015,REGION,PUBLISHED,Alcohol consumption (age 15+),Northern Africa,TOTAL,,,
EE6F72ASA_0000001688,SA_0000001688,EE6F72A,SA_0000001688,2005,YEAR,017,REGION,PUBLISHED,Alcohol consumption (age 15+),Middle Africa,TOTAL,,,
EE6F72ASA_0000001688,SA_0000001688,EE6F72A,SA_0000001688,2005,YEAR,030,REGION,PUBLISHED,Alcohol consumption (age 15+),Eastern Asia,TOTAL,,,
EE6F72ASA_0000001688,SA_0000001688,EE6F72A,SA_0000001688,2005,YEAR,018,REGION,PUBLISHED,Alcohol consumption (age 15+),Southern Africa,TOTAL,,,
EE6F72ASA_0000001688,SA_0000001688,EE6F72A,SA_0000001688,2005,YEAR,019,REGION,PUBLISHED,Alcohol consumption (age 15+),Americas,TOTAL,,,
EE6F72ASA_0000001688,SA_0000001688,EE6F72A,SA_0000001688,2005,YEAR,024,COUNTRY,PUBLISHED,Alcohol consumption (age 15+),Angola,TOTAL,,,
EE6F72ASA_0000001688,SA_0000001688,EE6F72A,SA_0000001688,2005,YEAR,028,COUNTRY,PUBLISHED,Alcohol consumption (age 15+),Antigua and Barbuda,TOTAL,,,
EE6F72ASA_0000001688,SA_0000001688,EE6F72A,SA_0000001688,2005,YEAR,029,REGION,PUBLISHED,Alcohol consumption (age 15+),Caribbean,TOTAL,,,
EE6F72ASA_0000001688,SA_0000001688,EE6F72A,SA_0000001688,2005,YEAR,020,COUNTRY,PUBLISHED,Alcohol consumption (age 15+),Andorra,TOTAL,,,
EE6F72ASA_0000001688,SA_0000001688,EE6F72A,SA_0000001688,2005,YEAR,021,REGION,PUBLISHED,Alcohol consumption (age 15+),Northern America,TOTAL,,,
EE6F72ASA_0000001688,SA_0000001688,EE6F72A,SA_0000001688,2005,YEAR,035,REGION,PUBLISHED,Alcohol consumption (age 15+),South-eastern Asia,TOTAL,,,
EE6F72ASA_0000001688,SA_0000001688,EE6F72A,SA_0000001688,2005,YEAR,048,COUNTRY,PUBLISHED,Alcohol consumption (age 15+),Bahrain,TOTAL,,,
EE6F72ASA_0000001688,SA_0000001688,EE6F72A,SA_0000001688,2005,YEAR,050,COUNTRY,PUBLISHED,Alcohol consumption (age 15+),Bangladesh,TOTAL,,,
EE6F72ASA_0000001688,SA_0000001688,EE6F72A,SA_0000001688,2005,YEAR,051,COUNTRY,PUBLISHED,Alcohol consumption (age 15+),Armenia,TOTAL,,,
EE6F72ASA_0000001688,SA_0000001688,EE6F72A,SA_0000001688,2005,YEAR,052,COUNTRY,PUBLISHED,Alcohol consumption (age 15+),Barbados,TOTAL,,,
EE6F72ASA_0000001688,SA_0000001688,EE6F72A,SA_0000001688,2005,YEAR,036,COUNTRY,PUBLISHED,Alcohol consumption (age 15+),Australia,TOTAL,,,
EE6F72ASA_0000001688,SA_0000001688,EE6F72A,SA_0000001688,2005,YEAR,039,REGION,PUBLISHED,Alcohol consumption (age 15+),Southern Europe,TOTAL,,,
EE6F72ASA_0000001688,SA_0000001688,EE6F72A,SA_0000001688,2005,YEAR,031,COUNTRY,PUBLISHED,Alcohol consumption (age 15+),Azerbaijan,TOTAL,,,
EE6F72ASA_0000001688,SA_0000001688,EE6F72A,SA_0000001688,2005,YEAR,032,COUNTRY,PUBLISHED,Alcohol consumption (age 15+),Argentina,TOTAL,,,
EE6F72ASA_0000001688,SA_0000001688,EE6F72A,SA_0000001688,2005,YEAR,034,REGION,PUBLISHED,Alcohol consumption (age 15+),Southern Asia,TOTAL,,,
EE6F72ASA_0000001688,SA_0000001688,EE6F72A,SA_0000001688,2005,YEAR,040,COUNTRY,PUBLISHED,Alcohol consumption (age 15+),Austria,TOTAL,,,
EE6F72ASA_0000001688,SA_0000001688,EE6F72A,SA_0000001688,2005,YEAR,044,COUNTRY,PUBLISHED,Alcohol consumption (age 15+),Bahamas,TOTAL,,,
EE6F72ASA_0000001688,SA_0000001688,EE6F72A,SA_0000001688,2005,YEAR,053,REGION,PUBLISHED,Alcohol consumption (age 15+),Australia and New Zealand,TOTAL,,,
EE6F72ASA_0000001688,SA_0000001688,EE6F72A,SA_0000001688,2005,YEAR,054,REGION,PUBLISHED,Alcohol consumption (age 15+),Melanesia,TOTAL,,,
EE6F72ASA_0000001688,SA_0000001688,EE6F72A,SA_0000001688,2005,YEAR,056,COUNTRY,PUBLISHED,Alcohol consumption (age 15+),Belgium,TOTAL,,,
EE6F72ASA_0000001688,SA_0000001688,EE6F72A,SA_0000001688,2005,YEAR,057,REGION,PUBLISHED,Alcohol consumption (age 15+),Micronesia,TOTAL,,,
EE6F72ASA_0000001688,SA_0000001688,EE6F72A,SA_0000001688,2005,YEAR,061,REGION,PUBLISHED,Alcohol consumption (age 15+),Polynesia,TOTAL,,,
EE6F72ASA_0000001688,SA_0000001688,EE6F72A,SA_0000001688,2005,YEAR,062,REGION,PUBLISHED,Alcohol consumption (age 15+),Central and Southern Asia,TOTAL,,,
EE6F72ASA_0000001688,SA_0000001688,EE6F72A,SA_0000001688,2005,YEAR,070,COUNTRY,PUBLISHED,Alcohol consumption (age 15+),Bosnia and Herzegovina,TOTAL,,,
EE6F72ASA_0000001688,SA_0000001688,EE6F72A,SA_0000001688,2005,YEAR,072,COUNTRY,PUBLISHED,Alcohol consumption (age 15+),Botswana,TOTAL,,,
EE6F72ASA_0000001688,SA_0000001688,EE6F72A,SA_0000001688,2007,YEAR,324,COUNTRY,PUBLISHED,Alcohol consumption (age 15+),Guinea,TOTAL,,,
EE6F72ASA_0000001688,SA_0000001688,EE6F72A,SA_0000001688,2007,YEAR,328,COUNTRY,PUBLISHED,Alcohol consumption (age 15+),Guyana,TOTAL,,,
EE6F72ASA_0000001688,SA_0000001688,EE6F72A,SA_0000001688,2005,YEAR,064,COUNTRY,PUBLISHED,Alcohol consumption (age 15+),Bhutan,TOTAL,,,
EE6F72ASA_0000001688,SA_0000001688,EE6F72A,SA_0000001688,2005,YEAR,068,COUNTRY,PUBLISHED,Alcohol consumption (age 15+),Bolivia (Plurinational State of),TOTAL,,,
EE6F72ASA_0000001688,SA_0000001688,EE6F72A,SA_0000001688,2007,YEAR,348,COUNTRY,PUBLISHED,Alcohol consumption (age 15+),Hungary,TOTAL,,,
EE6F72ASA_0000001688,SA_0000001688,EE6F72A,SA_0000001688,2007,YEAR,352,COUNTRY,PUBLISHED,Alcohol consumption (age 15+),Iceland,TOTAL,,,
EE6F72ASA_0000001688,SA_0000001688,EE6F72A,SA_0000001688,2007,YEAR,356,COUNTRY,PUBLISHED,Alcohol consumption (age 15+),India,TOTAL,,,
EE6F72ASA_0000001688,SA_0000001688,EE6F72A,SA_0000001688,2007,YEAR,360,COUNTRY,PUBLISHED,Alcohol consumption (age 15+),Indonesia,TOTAL,,,
EE6F72ASA_0000001688,SA_0000001688,EE6F72A,SA_0000001688,2007,YEAR,332,COUNTRY,PUBLISHED,Alcohol consumption (age 15+),Haiti,TOTAL,,,
EE6F72ASA_0000001688,SA_0000001688,EE6F72A,SA_0000001688,2007,YEAR,340,COUNTRY,PUBLISHED,Alcohol consumption (age 15+),Honduras,TOTAL,,,
EE6F72ASA_0000001688,SA_0000001688,EE6F72A,SA_0000001688,2007,YEAR,372,COUNTRY,PUBLISHED,Alcohol consumption (age 15+),Ireland,TOTAL,,,
EE6F72ASA_0000001688,SA_0000001688,EE6F72A,SA_0000001688,2007,YEAR,376,COUNTRY,PUBLISHED,Alcohol consumption (age 15+),Israel,TOTAL,,,
EE6F72ASA_0000001688,SA_0000001688,EE6F72A,SA_0000001688,2007,YEAR,380,COUNTRY,PUBLISHED,Alcohol consumption (age 15+),Italy,TOTAL,,,
EE6F72ASA_0000001688,SA_0000001688,EE6F72A,SA_0000001688,2007,YEAR,384,COUNTRY,PUBLISHED,Alcohol consumption (age 15+),Côte d'Ivoire,TOTAL,,,
EE6F72ASA_0000001688,SA_0000001688,EE6F72A,SA_0000001688,2007,YEAR,364,COUNTRY,PUBLISHED,Alcohol consumption (age 15+),Iran (Islamic Republic of),TOTAL,,,
EE6F72ASA_0000001688,SA_0000001688,EE6F72A,SA_0000001688,2007,YEAR,368,COUNTRY,PUBLISHED,Alcohol consumption (age 15+),Iraq,TOTAL,,,
EE6F72ASA_0000001688,SA_0000001688,EE6F72A,SA_0000001688,2007,YEAR,398,COUNTRY,PUBLISHED,Alcohol consumption (age 15+),Kazakhstan,TOTAL,,,
EE6F72ASA_0000001688,SA_0000001688,EE6F72A,SA_0000001688,2007,YEAR,400,COUNTRY,PUBLISHED,Alcohol consumption (age 15+),Jordan,TOTAL,,,
EE6F72ASA_0000001688,SA_0000001688,EE6F72A,SA_0000001688,2007,YEAR,404,COUNTRY,PUBLISHED,Alcohol consumption (age 15+),Kenya,TOTAL,,,
EE6F72ASA_0000001688,SA_0000001688,EE6F72A,SA_0000001688,2007,YEAR,408,COUNTRY,PUBLISHED,Alcohol consumption (age 15+),Democratic People's Republic of Korea,TOTAL,,,
EE6F72ASA_0000001688,SA_0000001688,EE6F72A,SA_0000001688,2007,YEAR,388,COUNTRY,PUBLISHED,Alcohol consumption (age 15+),Jamaica,TOTAL,,,
EE6F72ASA_0000001688,SA_0000001688,EE6F72A,SA_0000001688,2007,YEAR,392,COUNTRY,PUBLISHED,Alcohol consumption (age 15+),Japan,TOTAL,,,
EE6F72ASA_0000001688,SA_0000001688,EE6F72A,SA_0000001688,2007,YEAR,417,COUNTRY,PUBLISHED,Alcohol consumption (age 15+),Kyrgyzstan,TOTAL,,,
EE6F72ASA_0000001688,SA_0000001688,EE6F72A,SA_0000001688,2007,YEAR,418,COUNTRY,PUBLISHED,Alcohol consumption (age 15+),Lao People's Democratic Republic,TOTAL,,,
EE6F72ASA_0000001688,SA_0000001688,EE6F72A,SA_0000001688,2007,YEAR,419,REGION,PUBLISHED,Alcohol consumption (age 15+),Latin America and the Caribbean,TOTAL,,,
EE6F72ASA_0000001688,SA_0000001688,EE6F72A,SA_0000001688,2007,YEAR,422,COUNTRY,PUBLISHED,Alcohol consumption (age 15+),Lebanon,TOTAL,,,
EE6F72ASA_0000001688,SA_0000001688,EE6F72A,SA_0000001688,2007,YEAR,410,COUNTRY,PUBLISHED,Alcohol consumption (age 15+),Republic of Korea,TOTAL,,,
EE6F72ASA_0000001688,SA_0000001688,EE6F72A,SA_0000001688,2007,YEAR,414,COUNTRY,PUBLISHED,Alcohol consumption (age 15+),Kuwait,TOTAL,,,
EE6F72ASA_0000001688,SA_0000001688,EE6F72A,SA_0000001688,2007,YEAR,430,COUNTRY,PUBLISHED,Alcohol consumption (age 15+),Liberia,TOTAL,,,
EE6F72ASA_0000001688,SA_0000001688,EE6F72A,SA_0000001688,2007,YEAR,432,CLASSIFICATION,PUBLISHED,Alcohol consumption (age 15+),Landlocked developing countries,TOTAL,,,
EE6F72ASA_0000001688,SA_0000001688,EE6F72A,SA_0000001688,2007,YEAR,434,COUNTRY,PUBLISHED,Alcohol consumption (age 15+),Libya,TOTAL,,,
EE6F72ASA_0000001688,SA_0000001688,EE6F72A,SA_0000001688,2007,YEAR,440,COUNTRY,PUBLISHED,Alcohol consumption (age 15+),Lithuania,TOTAL,,,
EE6F72ASA_0000001688,SA_0000001688,EE6F72A,SA_0000001688,2007,YEAR,426,COUNTRY,PUBLISHED,Alcohol consumption (age 15+),Lesotho,TOTAL,,,
EE6F72ASA_0000001688,SA_0000001688,EE6F72A,SA_0000001688,2007,YEAR,428,COUNTRY,PUBLISHED,Alcohol consumption (age 15+),Latvia,TOTAL,,,
EE6F72ASA_0000001688,SA_0000001688,EE6F72A,SA_0000001688,2007,YEAR,454,COUNTRY,PUBLISHED,Alcohol consumption (age 15+),Malawi,TOTAL,,,
EE6F72ASA_0000001688,SA_0000001688,EE6F72A,SA_0000001688,2007,YEAR,458,COUNTRY,PUBLISHED,Alcohol consumption (age 15+),Malaysia,TOTAL,,,
EE6F72ASA_0000001688,SA_0000001688,EE6F72A,SA_0000001688,2007,YEAR,462,COUNTRY,PUBLISHED,Alcohol consumption (age 15+),Maldives,TOTAL,,,
EE6F72ASA_0000001688,SA_0000001688,EE6F72A,SA_0000001688,2007,YEAR,466,COUNTRY,PUBLISHED,Alcohol consumption (age 15+),Mali,TOTAL,,,
EE6F72ASA_0000001688,SA_0000001688,EE6F72A,SA_0000001688,2007,YEAR,442,COUNTRY,PUBLISHED,Alcohol consumption (age 15+),Luxembourg,TOTAL,,,
EE6F72ASA_0000001688,SA_0000001688,EE6F72A,SA_0000001688,2007,YEAR,450,COUNTRY,PUBLISHED,Alcohol consumption (age 15+),Madagascar,TOTAL,,,
EE6F72ASA_0000001688,SA_0000001688,EE6F72A,SA_0000001688,2007,YEAR,480,COUNTRY,PUBLISHED,Alcohol consumption (age 15+),Mauritius,TOTAL,,,
EE6F72ASA_0000001688,SA_0000001688,EE6F72A,SA_0000001688,2007,YEAR,484,COUNTRY,PUBLISHED,Alcohol consumption (age 15+),Mexico,TOTAL,,,
EE6F72ASA_0000001688,SA_0000001688,EE6F72A,SA_0000001688,2007,YEAR,496,COUNTRY,PUBLISHED,Alcohol consumption (age 15+),Mongolia,TOTAL,,,
EE6F72ASA_0000001688,SA_0000001688,EE6F72A,SA_0000001688,2007,YEAR,498,COUNTRY,PUBLISHED,Alcohol consumption (age 15+),Republic of Moldova,TOTAL,,,
EE6F72ASA_0000001688,SA_0000001688,EE6F72A,SA_0000001688,2007,YEAR,470,COUNTRY,PUBLISHED,Alcohol consumption (age 15+),Malta,TOTAL,,,
EE6F72ASA_0000001688,SA_0000001688,EE6F72A,SA_0000001688,2007,YEAR,478,COUNTRY,PUBLISHED,Alcohol consumption (age 15+),Mauritania,TOTAL,,,
EE6F72ASA_0000001688,SA_0000001688,EE6F72A,SA_0000001688,2007,YEAR,508,COUNTRY,PUBLISHED,Alcohol consumption (age 15+),Mozambique,TOTAL,,,
EE6F72ASA_0000001688,SA_0000001688,EE6F72A,SA_0000001688,2007,YEAR,512,COUNTRY,PUBLISHED,Alcohol consumption (age 15+),Oman,TOTAL,,,
EE6F72ASA_0000001688,SA_0000001688,EE6F72A,SA_0000001688,2007,YEAR,513,REGION,PUBLISHED,Alcohol consumption (age 15+),Europe and Northern America,TOTAL,,,
EE6F72ASA_0000001688,SA_0000001688,EE6F72A,SA_0000001688,2007,YEAR,514,CLASSIFICATION,PUBLISHED,Alcohol consumption (age 15+),"Developed regions (Europe, Cyprus, Israel, Northern America, Japan, Australia & New Zealand)",TOTAL,,,
EE6F72ASA_0000001688,SA_0000001688,EE6F72A,SA_0000001688,2007,YEAR,499,COUNTRY,PUBLISHED,Alcohol consumption (age 15+),Montenegro,TOTAL,,,
EE6F72ASA_0000001688,SA_0000001688,EE6F72A,SA_0000001688,2007,YEAR,504,COUNTRY,PUBLISHED,Alcohol consumption (age 15+),Morocco,TOTAL,,,
EE6F72ASA_0000001688,SA_0000001688,EE6F72A,SA_0000001688,2007,YEAR,520,COUNTRY,PUBLISHED,Alcohol consumption (age 15+),Nauru,TOTAL,,,
EE6F72ASA_0000001688,SA_0000001688,EE6F72A,SA_0000001688,2007,YEAR,524,COUNTRY,PUBLISHED,Alcohol consumption (age 15+),Nepal,TOTAL,,,
EE6F72ASA_0000001688,SA_0000001688,EE6F72A,SA_0000001688,2007,YEAR,528,COUNTRY,PUBLISHED,Alcohol consumption (age 15+),Netherlands (Kingdom of the),TOTAL,,,
EE6F72ASA_0000001688,SA_0000001688,EE6F72A,SA_0000001688,2007,YEAR,543,REGION,PUBLISHED,Alcohol consumption (age 15+),Oceania (exc. Australia and New Zealand),TOTAL,,,
EE6F72ASA_0000001688,SA_0000001688,EE6F72A,SA_0000001688,2007,YEAR,515,CLASSIFICATION,PUBLISHED,Alcohol consumption (age 15+),Developing regions,TOTAL,,,
EE6F72ASA_0000001688,SA_0000001688,EE6F72A,SA_0000001688,2007,YEAR,516,COUNTRY,PUBLISHED,Alcohol consumption (age 15+),Namibia,TOTAL,,,
EE6F72ASA_0000001688,SA_0000001688,EE6F72A,SA_0000001688,2007,YEAR,558,COUNTRY,PUBLISHED,Alcohol consumption (age 15+),Nicaragua,TOTAL,,,
EE6F72ASA_0000001688,SA_0000001688,EE6F72A,SA_0000001688,2007,YEAR,562,COUNTRY,PUBLISHED,Alcohol consumption (age 15+),Niger,TOTAL,,,
EE6F72ASA_0000001688,SA_0000001688,EE6F72A,SA_0000001688,2007,YEAR,566,COUNTRY,PUBLISHED,Alcohol consumption (age 15+),Nigeria,TOTAL,,,
EE6F72ASA_0000001688,SA_0000001688,EE6F72A,SA_0000001688,2007,YEAR,570,COUNTRY,PUBLISHED,Alcohol consumption (age 15+),Niue,TOTAL,,,
EE6F72ASA_0000001688,SA_0000001688,EE6F72A,SA_0000001688,2007,YEAR,548,COUNTRY,PUBLISHED,Alcohol consumption (age 15+),Vanuatu,TOTAL,,,
EE6F72ASA_0000001688,SA_0000001688,EE6F72A,SA_0000001688,2007,YEAR,554,COUNTRY,PUBLISHED,Alcohol consumption (age 15+),New Zealand,TOTAL,,,
EE6F72ASA_0000001688,SA_0000001688,EE6F72A,SA_0000001688,2007,YEAR,586,COUNTRY,PUBLISHED,Alcohol consumption (age 15+),Pakistan,TOTAL,,,
EE6F72ASA_0000001688,SA_0000001688,EE6F72A,SA_0000001688,2007,YEAR,616,COUNTRY,PUBLISHED,Alcohol consumption (age 15+),Poland,TOTAL,,,
EE6F72ASA_0000001688,SA_0000001688,EE6F72A,SA_0000001688,2007,YEAR,620,COUNTRY,PUBLISHED,Alcohol consumption (age 15+),Portugal,TOTAL,,,
EE6F72ASA_0000001688,SA_0000001688,EE6F72A,SA_0000001688,2007,YEAR,624,COUNTRY,PUBLISHED,Alcohol consumption (age 15+),Guinea-Bissau,TOTAL,,,
EE6F72ASA_0000001688,SA_0000001688,EE6F72A,SA_0000001688,2007,YEAR,626,COUNTRY,PUBLISHED,Alcohol consumption (age 15+),Timor-Leste,TOTAL,,,
EE6F72ASA_0000001688,SA_0000001688,EE6F72A,SA_0000001688,2007,YEAR,591,COUNTRY,PUBLISHED,Alcohol consumption (age 15+),Panama,TOTAL,,,
EE6F72ASA_0000001688,SA_0000001688,EE6F72A,SA_0000001688,2007,YEAR,598,COUNTRY,PUBLISHED,Alcohol consumption (age 15+),Papua New Guinea,TOTAL,,,
EE6F72ASA_0000001688,SA_0000001688,EE6F72A,SA_0000001688,2007,YEAR,600,COUNTRY,PUBLISHED,Alcohol consumption (age 15+),Paraguay,TOTAL,,,
EE6F72ASA_0000001688,SA_0000001688,EE6F72A,SA_0000001688,2007,YEAR,578,COUNTRY,PUBLISHED,Alcohol consumption (age 15+),Norway,TOTAL,,,
EE6F72ASA_0000001688,SA_0000001688,EE6F72A,SA_0000001688,2007,YEAR,583,COUNTRY,PUBLISHED,Alcohol consumption (age 15+),Micronesia (Federated States of),TOTAL,,,
EE6F72ASA_0000001688,SA_0000001688,EE6F72A,SA_0000001688,2007,YEAR,604,COUNTRY,PUBLISHED,Alcohol consumption (age 15+),Peru,TOTAL,,,
EE6F72ASA_0000001688,SA_0000001688,EE6F72A,SA_0000001688,2007,YEAR,608,COUNTRY,PUBLISHED,Alcohol consumption (age 15+),Philippines,TOTAL,,,
EE6F72ASA_0000001688,SA_0000001688,EE6F72A,SA_0000001688,2007,YEAR,634,COUNTRY,PUBLISHED,Alcohol consumption (age 15+),Qatar,TOTAL,,,
EE6F72ASA_0000001688,SA_0000001688,EE6F72A,SA_0000001688,2007,YEAR,642,COUNTRY,PUBLISHED,Alcohol consumption (age 15+),Romania,TOTAL,,,
EE6F72ASA_0000001688,SA_0000001688,EE6F72A,SA_0000001688,2007,YEAR,643,COUNTRY,PUBLISHED,Alcohol consumption (age 15+),Russian Federation,TOTAL,,,
EE6F72ASA_0000001688,SA_0000001688,EE6F72A,SA_0000001688,2007,YEAR,646,COUNTRY,PUBLISHED,Alcohol consumption (age 15+),Rwanda,TOTAL,,,
EE6F72ASA_0000001688,SA_0000001688,EE6F72A,SA_0000001688,2007,YEAR,659,COUNTRY,PUBLISHED,Alcohol consumption (age 15+),Saint Kitts and Nevis,TOTAL,,,
EE6F72ASA_0000001688,SA_0000001688,EE6F72A,SA_0000001688,2007,YEAR,662,COUNTRY,PUBLISHED,Alcohol consumption (age 15+),Saint Lucia,TOTAL,,,
EE6F72ASA_0000001688,SA_0000001688,EE6F72A,SA_0000001688,2007,YEAR,686,COUNTRY,PUBLISHED,Alcohol consumption (age 15+),Senegal,TOTAL,,,
EE6F72ASA_0000001688,SA_0000001688,EE6F72A,SA_0000001688,2007,YEAR,688,COUNTRY,PUBLISHED,Alcohol consumption (age 15+),Serbia,TOTAL,,,
EE6F72ASA_0000001688,SA_0000001688,EE6F72A,SA_0000001688,2007,YEAR,690,COUNTRY,PUBLISHED,Alcohol consumption (age 15+),Seychelles,TOTAL,,,
EE6F72ASA_0000001688,SA_0000001688,EE6F72A,SA_0000001688,2007,YEAR,694,COUNTRY,PUBLISHED,Alcohol consumption (age 15+),Sierra Leone,TOTAL,,,
EE6F72ASA_0000001688,SA_0000001688,EE6F72A,SA_0000001688,2007,YEAR,670,COUNTRY,PUBLISHED,Alcohol consumption (age 15+),Saint Vincent and the Grenadines,TOTAL,,,
EE6F72ASA_0000001688,SA_0000001688,EE6F72A,SA_0000001688,2007,YEAR,678,COUNTRY,PUBLISHED,Alcohol consumption (age 15+),Sao Tome and Principe,TOTAL,,,
EE6F72ASA_0000001688,SA_0000001688,EE6F72A,SA_0000001688,2010,YEAR,320,COUNTRY,PUBLISHED,Alcohol consumption (age 15+),Guatemala,TOTAL,,,
EE6F72ASA_0000001688,SA_0000001688,EE6F72A,SA_0000001688,2010,YEAR,324,COUNTRY,PUBLISHED,Alcohol consumption (age 15+),Guinea,TOTAL,,,
EE6F72ASA_0000001688,SA_0000001688,EE6F72A,SA_0000001688,2010,YEAR,328,COUNTRY,PUBLISHED,Alcohol consumption (age 15+),Guyana,TOTAL,,,
EE6F72ASA_0000001688,SA_0000001688,EE6F72A,SA_0000001688,2010,YEAR,332,COUNTRY,PUBLISHED,Alcohol consumption (age 15+),Haiti,TOTAL,,,
EE6F72ASA_0000001688,SA_0000001688,EE6F72A,SA_0000001688,2007,YEAR,702,COUNTRY,PUBLISHED,Alcohol consumption (age 15+),Singapore,TOTAL,,,
EE6F72ASA_0000001688,SA_0000001688,EE6F72A,SA_0000001688,2007,YEAR,703,COUNTRY,PUBLISHED,Alcohol consumption (age 15+),Slovakia,TOTAL,,,
EE6F72ASA_0000001688,SA_0000001688,EE6F72A,SA_0000001688,2010,YEAR,352,COUNTRY,PUBLISHED,Alcohol consumption (age 15+),Iceland,TOTAL,,,
EE6F72ASA_0000001688,SA_0000001688,EE6F72A,SA_0000001688,2010,YEAR,356,COUNTRY,PUBLISHED,Alcohol consumption (age 15+),India,TOTAL,,,
EE6F72ASA_0000001688,SA_0000001688,EE6F72A,SA_0000001688,2010,YEAR,360,COUNTRY,PUBLISHED,Alcohol consumption (age 15+),Indonesia,TOTAL,,,
EE6F72ASA_0000001688,SA_0000001688,EE6F72A,SA_0000001688,2010,YEAR,364,COUNTRY,PUBLISHED,Alcohol consumption (age 15+),Iran (Islamic Republic of),TOTAL,,,
EE6F72ASA_0000001688,SA_0000001688,EE6F72A,SA_0000001688,2010,YEAR,340,COUNTRY,PUBLISHED,Alcohol consumption (age 15+),Honduras,TOTAL,,,
EE6F72ASA_0000001688,SA_0000001688,EE6F72A,SA_0000001688,2010,YEAR,348,COUNTRY,PUBLISHED,Alcohol consumption (age 15+),Hungary,TOTAL,,,
EE6F72ASA_0000001688,SA_0000001688,EE6F72A,SA_0000001688,2010,YEAR,376,COUNTRY,PUBLISHED,Alcohol consumption (age 15+),Israel,TOTAL,,,
EE6F72ASA_0000001688,SA_0000001688,EE6F72A,SA_0000001688,2010,YEAR,400,COUNTRY,PUBLISHED,Alcohol consumption (age 15+),Jordan,TOTAL,,,
EE6F72ASA_0000001688,SA_0000001688,EE6F72A,SA_0000001688,2010,YEAR,404,COUNTRY,PUBLISHED,Alcohol consumption (age 15+),Kenya,TOTAL,,,
EE6F72ASA_0000001688,SA_0000001688,EE6F72A,SA_0000001688,2010,YEAR,408,COUNTRY,PUBLISHED,Alcohol consumption (age 15+),Democratic People's Republic of Korea,TOTAL,,,
EE6F72ASA_0000001688,SA_0000001688,EE6F72A,SA_0000001688,2010,YEAR,410,COUNTRY,PUBLISHED,Alcohol consumption (age 15+),Republic of Korea,TOTAL,,,
EE6F72ASA_0000001688,SA_0000001688,EE6F72A,SA_0000001688,2010,YEAR,380,COUNTRY,PUBLISHED,Alcohol consumption (age 15+),Italy,TOTAL,,,
EE6F72ASA_0000001688,SA_0000001688,EE6F72A,SA_0000001688,2010,YEAR,384,COUNTRY,PUBLISHED,Alcohol consumption (age 15+),Côte d'Ivoire,TOTAL,,,
EE6F72ASA_0000001688,SA_0000001688,EE6F72A,SA_0000001688,2010,YEAR,388,COUNTRY,PUBLISHED,Alcohol consumption (age 15+),Jamaica,TOTAL,,,
EE6F72ASA_0000001688,SA_0000001688,EE6F72A,SA_0000001688,2010,YEAR,368,COUNTRY,PUBLISHED,Alcohol consumption (age 15+),Iraq,TOTAL,,,
EE6F72ASA_0000001688,SA_0000001688,EE6F72A,SA_0000001688,2010,YEAR,372,COUNTRY,PUBLISHED,Alcohol consumption (age 15+),Ireland,TOTAL,,,
EE6F72ASA_0000001688,SA_0000001688,EE6F72A,SA_0000001688,2010,YEAR,392,COUNTRY,PUBLISHED,Alcohol consumption (age 15+),Japan,TOTAL,,,
EE6F72ASA_0000001688,SA_0000001688,EE6F72A,SA_0000001688,2010,YEAR,398,COUNTRY,PUBLISHED,Alcohol consumption (age 15+),Kazakhstan,TOTAL,,,
EE6F72ASA_0000001688,SA_0000001688,EE6F72A,SA_0000001688,2010,YEAR,414,COUNTRY,PUBLISHED,Alcohol consumption (age 15+),Kuwait,TOTAL,,,
EE6F72ASA_0000001688,SA_0000001688,EE6F72A,SA_0000001688,2010,YEAR,417,COUNTRY,PUBLISHED,Alcohol consumption (age 15+),Kyrgyzstan,TOTAL,,,
EE6F72ASA_0000001688,SA_0000001688,EE6F72A,SA_0000001688,2010,YEAR,418,COUNTRY,PUBLISHED,Alcohol consumption (age 15+),Lao People's Democratic Republic,TOTAL,,,
EE6F72ASA_0000001688,SA_0000001688,EE6F72A,SA_0000001688,2010,YEAR,419,REGION,PUBLISHED,Alcohol consumption (age 15+),Latin America and the Caribbean,TOTAL,,,
EE6F72ASA_0000001688,SA_0000001688,EE6F72A,SA_0000001688,2010,YEAR,422,COUNTRY,PUBLISHED,Alcohol consumption (age 15+),Lebanon,TOTAL,,,
EE6F72ASA_0000001688,SA_0000001688,EE6F72A,SA_0000001688,2010,YEAR,426,COUNTRY,PUBLISHED,Alcohol consumption (age 15+),Lesotho,TOTAL,,,
EE6F72ASA_0000001688,SA_0000001688,EE6F72A,SA_0000001688,2010,YEAR,432,CLASSIFICATION,PUBLISHED,Alcohol consumption (age 15+),Landlocked developing countries,TOTAL,,,
EE6F72ASA_0000001688,SA_0000001688,EE6F72A,SA_0000001688,2010,YEAR,434,COUNTRY,PUBLISHED,Alcohol consumption (age 15+),Libya,TOTAL,,,
EE6F72ASA_0000001688,SA_0000001688,EE6F72A,SA_0000001688,2010,YEAR,440,COUNTRY,PUBLISHED,Alcohol consumption (age 15+),Lithuania,TOTAL,,,
EE6F72ASA_0000001688,SA_0000001688,EE6F72A,SA_0000001688,2010,YEAR,442,COUNTRY,PUBLISHED,Alcohol consumption (age 15+),Luxembourg,TOTAL,,,
EE6F72ASA_0000001688,SA_0000001688,EE6F72A,SA_0000001688,2010,YEAR,428,COUNTRY,PUBLISHED,Alcohol consumption (age 15+),Latvia,TOTAL,,,
EE6F72ASA_0000001688,SA_0000001688,EE6F72A,SA_0000001688,2010,YEAR,430,COUNTRY,PUBLISHED,Alcohol consumption (age 15+),Liberia,TOTAL,,,
EE6F72ASA_0000001688,SA_0000001688,EE6F72A,SA_0000001688,2010,YEAR,458,COUNTRY,PUBLISHED,Alcohol consumption (age 15+),Malaysia,TOTAL,,,
EE6F72ASA_0000001688,SA_0000001688,EE6F72A,SA_0000001688,2010,YEAR,462,COUNTRY,PUBLISHED,Alcohol consumption (age 15+),Maldives,TOTAL,,,
EE6F72ASA_0000001688,SA_0000001688,EE6F72A,SA_0000001688,2010,YEAR,466,COUNTRY,PUBLISHED,Alcohol consumption (age 15+),Mali,TOTAL,,,
EE6F72ASA_0000001688,SA_0000001688,EE6F72A,SA_0000001688,2010,YEAR,470,COUNTRY,PUBLISHED,Alcohol consumption (age 15+),Malta,TOTAL,,,
EE6F72ASA_0000001688,SA_0000001688,EE6F72A,SA_0000001688,2010,YEAR,450,COUNTRY,PUBLISHED,Alcohol consumption (age 15+),Madagascar,TOTAL,,,
EE6F72ASA_0000001688,SA_0000001688,EE6F72A,SA_0000001688,2010,YEAR,454,COUNTRY,PUBLISHED,Alcohol consumption (age 15+),Malawi,TOTAL,,,
EE6F72ASA_0000001688,SA_0000001688,EE6F72A,SA_0000001688,2010,YEAR,484,COUNTRY,PUBLISHED,Alcohol consumption (age 15+),Mexico,TOTAL,,,
EE6F72ASA_0000001688,SA_0000001688,EE6F72A,SA_0000001688,2010,YEAR,496,COUNTRY,PUBLISHED,Alcohol consumption (age 15+),Mongolia,TOTAL,,,
EE6F72ASA_0000001688,SA_0000001688,EE6F72A,SA_0000001688,2010,YEAR,498,COUNTRY,PUBLISHED,Alcohol consumption (age 15+),Republic of Moldova,TOTAL,,,
EE6F72ASA_0000001688,SA_0000001688,EE6F72A,SA_0000001688,2010,YEAR,499,COUNTRY,PUBLISHED,Alcohol consumption (age 15+),Montenegro,TOTAL,,,
EE6F72ASA_0000001688,SA_0000001688,EE6F72A,SA_0000001688,2010,YEAR,478,COUNTRY,PUBLISHED,Alcohol consumption (age 15+),Mauritania,TOTAL,,,
EE6F72ASA_0000001688,SA_0000001688,EE6F72A,SA_0000001688,2010,YEAR,480,COUNTRY,PUBLISHED,Alcohol consumption (age 15+),Mauritius,TOTAL,,,
EE6F72ASA_0000001688,SA_0000001688,EE6F72A,SA_0000001688,2010,YEAR,512,COUNTRY,PUBLISHED,Alcohol consumption (age 15+),Oman,TOTAL,,,
EE6F72ASA_0000001688,SA_0000001688,EE6F72A,SA_0000001688,2010,YEAR,513,REGION,PUBLISHED,Alcohol consumption (age 15+),Europe and Northern America,TOTAL,,,
EE6F72ASA_0000001688,SA_0000001688,EE6F72A,SA_0000001688,2010,YEAR,514,CLASSIFICATION,PUBLISHED,Alcohol consumption (age 15+),"Developed regions (Europe, Cyprus, Israel, Northern America, Japan, Australia & New Zealand)",TOTAL,,,
EE6F72ASA_0000001688,SA_0000001688,EE6F72A,SA_0000001688,2010,YEAR,515,CLASSIFICATION,PUBLISHED,Alcohol consumption (age 15+),Developing regions,TOTAL,,,
EE6F72ASA_0000001688,SA_0000001688,EE6F72A,SA_0000001688,2010,YEAR,504,COUNTRY,PUBLISHED,Alcohol consumption (age 15+),Morocco,TOTAL,,,
EE6F72ASA_0000001688,SA_0000001688,EE6F72A,SA_0000001688,2010,YEAR,508,COUNTRY,PUBLISHED,Alcohol consumption (age 15+),Mozambique,TOTAL,,,
EE6F72ASA_0000001688,SA_0000001688,EE6F72A,SA_0000001688,2010,YEAR,524,COUNTRY,PUBLISHED,Alcohol consumption (age 15+),Nepal,TOTAL,,,
EE6F72ASA_0000001688,SA_0000001688,EE6F72A,SA_0000001688,2010,YEAR,528,COUNTRY,PUBLISHED,Alcohol consumption (age 15+),Netherlands (Kingdom of the),TOTAL,,,
EE6F72ASA_0000001688,SA_0000001688,EE6F72A,SA_0000001688,2010,YEAR,543,REGION,PUBLISHED,Alcohol consumption (age 15+),Oceania (exc. Australia and New Zealand),TOTAL,,,
EE6F72ASA_0000001688,SA_0000001688,EE6F72A,SA_0000001688,2010,YEAR,548,COUNTRY,PUBLISHED,Alcohol consumption (age 15+),Vanuatu,TOTAL,,,
EE6F72ASA_0000001688,SA_0000001688,EE6F72A,SA_0000001688,2010,YEAR,516,COUNTRY,PUBLISHED,Alcohol consumption (age 15+),Namibia,TOTAL,,,
EE6F72ASA_0000001688,SA_0000001688,EE6F72A,SA_0000001688,2010,YEAR,520,COUNTRY,PUBLISHED,Alcohol consumption (age 15+),Nauru,TOTAL,,,
EE6F72ASA_0000001688,SA_0000001688,EE6F72A,SA_0000001688,2010,YEAR,562,COUNTRY,PUBLISHED,Alcohol consumption (age 15+),Niger,TOTAL,,,
EE6F72ASA_0000001688,SA_0000001688,EE6F72A,SA_0000001688,2010,YEAR,591,COUNTRY,PUBLISHED,Alcohol consumption (age 15+),Panama,TOTAL,,,
EE6F72ASA_0000001688,SA_0000001688,EE6F72A,SA_0000001688,2010,YEAR,598,COUNTRY,PUBLISHED,Alcohol consumption (age 15+),Papua New Guinea,TOTAL,,,
EE6F72ASA_0000001688,SA_0000001688,EE6F72A,SA_0000001688,2010,YEAR,600,COUNTRY,PUBLISHED,Alcohol consumption (age 15+),Paraguay,TOTAL,,,
EE6F72ASA_0000001688,SA_0000001688,EE6F72A,SA_0000001688,2010,YEAR,604,COUNTRY,PUBLISHED,Alcohol consumption (age 15+),Peru,TOTAL,,,
EE6F72ASA_0000001688,SA_0000001688,EE6F72A,SA_0000001688,2010,YEAR,566,COUNTRY,PUBLISHED,Alcohol consumption (age 15+),Nigeria,TOTAL,,,
EE6F72ASA_0000001688,SA_0000001688,EE6F72A,SA_0000001688,2010,YEAR,570,COUNTRY,PUBLISHED,Alcohol consumption (age 15+),Niue,TOTAL,,,
EE6F72ASA_0000001688,SA_0000001688,EE6F72A,SA_0000001688,2010,YEAR,578,COUNTRY,PUBLISHED,Alcohol consumption (age 15+),Norway,TOTAL,,,
EE6F72ASA_0000001688,SA_0000001688,EE6F72A,SA_0000001688,2010,YEAR,554,COUNTRY,PUBLISHED,Alcohol consumption (age 15+),New Zealand,TOTAL,,,
EE6F72ASA_0000001688,SA_0000001688,EE6F72A,SA_0000001688,2010,YEAR,558,COUNTRY,PUBLISHED,Alcohol consumption (age 15+),Nicaragua,TOTAL,,,
EE6F72ASA_0000001688,SA_0000001688,EE6F72A,SA_0000001688,2010,YEAR,583,COUNTRY,PUBLISHED,Alcohol consumption (age 15+),Micronesia (Federated States of),TOTAL,,,
EE6F72ASA_0000001688,SA_0000001688,EE6F72A,SA_0000001688,2010,YEAR,586,COUNTRY,PUBLISHED,Alcohol consumption (age 15+),Pakistan,TOTAL,,,
EE6F72ASA_0000001688,SA_0000001688,EE6F72A,SA_0000001688,2010,YEAR,608,COUNTRY,PUBLISHED,Alcohol consumption (age 15+),Philippines,TOTAL,,,
EE6F72ASA_0000001688,SA_0000001688,EE6F72A,SA_0000001688,2010,YEAR,616,COUNTRY,PUBLISHED,Alcohol consumption (age 15+),Poland,TOTAL,,,
EE6F72ASA_0000001688,SA_0000001688,EE6F72A,SA_0000001688,2010,YEAR,620,COUNTRY,PUBLISHED,Alcohol consumption (age 15+),Portugal,TOTAL,,,
EE6F72ASA_0000001688,SA_0000001688,EE6F72A,SA_0000001688,2010,YEAR,624,COUNTRY,PUBLISHED,Alcohol consumption (age 15+),Guinea-Bissau,TOTAL,,,
EE6F72ASA_0000001688,SA_0000001688,EE6F72A,SA_0000001688,2010,YEAR,626,COUNTRY,PUBLISHED,Alcohol consumption (age 15+),Timor-Leste,TOTAL,,,
EE6F72ASA_0000001688,SA_0000001688,EE6F72A,SA_0000001688,2010,YEAR,634,COUNTRY,PUBLISHED,Alcohol consumption (age 15+),Qatar,TOTAL,,,
EE6F72ASA_0000001688,SA_0000001688,EE6F72A,SA_0000001688,2010,YEAR,646,COUNTRY,PUBLISHED,Alcohol consumption (age 15+),Rwanda,TOTAL,,,
EE6F72ASA_0000001688,SA_0000001688,EE6F72A,SA_0000001688,2010,YEAR,659,COUNTRY,PUBLISHED,Alcohol consumption (age 15+),Saint Kitts and Nevis,TOTAL,,,
EE6F72ASA_0000001688,SA_0000001688,EE6F72A,SA_0000001688,2010,YEAR,662,COUNTRY,PUBLISHED,Alcohol consumption (age 15+),Saint Lucia,TOTAL,,,
EE6F72ASA_0000001688,SA_0000001688,EE6F72A,SA_0000001688,2010,YEAR,670,COUNTRY,PUBLISHED,Alcohol consumption (age 15+),Saint Vincent and the Grenadines,TOTAL,,,
EE6F72ASA_0000001688,SA_0000001688,EE6F72A,SA_0000001688,2010,YEAR,642,COUNTRY,PUBLISHED,Alcohol consumption (age 15+),Romania,TOTAL,,,
EE6F72ASA_0000001688,SA_0000001688,EE6F72A,SA_0000001688,2010,YEAR,643,COUNTRY,PUBLISHED,Alcohol consumption (age 15+),Russian Federation,TOTAL,,,
EE6F72ASA_0000001688,SA_0000001688,EE6F72A,SA_0000001688,2010,YEAR,688,COUNTRY,PUBLISHED,Alcohol consumption (age 15+),Serbia,TOTAL,,,
EE6F72ASA_0000001688,SA_0000001688,EE6F72A,SA_0000001688,2010,YEAR,690,COUNTRY,PUBLISHED,Alcohol consumption (age 15+),Seychelles,TOTAL,,,
EE6F72ASA_0000001688,SA_0000001688,EE6F72A,SA_0000001688,2010,YEAR,694,COUNTRY,PUBLISHED,Alcohol consumption (age 15+),Sierra Leone,TOTAL,,,
EE6F72ASA_0000001688,SA_0000001688,EE6F72A,SA_0000001688,2010,YEAR,702,COUNTRY,PUBLISHED,Alcohol consumption (age 15+),Singapore,TOTAL,,,
EE6F72ASA_0000001688,SA_0000001688,EE6F72A,SA_0000001688,2010,YEAR,678,COUNTRY,PUBLISHED,Alcohol consumption (age 15+),Sao Tome and Principe,TOTAL,,,
EE6F72ASA_0000001688,SA_0000001688,EE6F72A,SA_0000001688,2010,YEAR,686,COUNTRY,PUBLISHED,Alcohol consumption (age 15+),Senegal,TOTAL,,,
EE6F72ASA_0000001688,SA_0000001688,EE6F72A,SA_0000001688,2001,YEAR,348,COUNTRY,PUBLISHED,Alcohol consumption (age 15+),Hungary,TOTAL,,,
EE6F72ASA_0000001688,SA_0000001688,EE6F72A,SA_0000001688,2001,YEAR,352,COUNTRY,PUBLISHED,Alcohol consumption (age 15+),Iceland,TOTAL,,,
EE6F72ASA_0000001688,SA_0000001688,EE6F72A,SA_0000001688,2001,YEAR,356,COUNTRY,PUBLISHED,Alcohol consumption (age 15+),India,TOTAL,,,
EE6F72ASA_0000001688,SA_0000001688,EE6F72A,SA_0000001688,2001,YEAR,360,COUNTRY,PUBLISHED,Alcohol consumption (age 15+),Indonesia,TOTAL,,,
EE6F72ASA_0000001688,SA_0000001688,EE6F72A,SA_0000001688,2001,YEAR,332,COUNTRY,PUBLISHED,Alcohol consumption (age 15+),Haiti,TOTAL,,,
EE6F72ASA_0000001688,SA_0000001688,EE6F72A,SA_0000001688,2001,YEAR,340,COUNTRY,PUBLISHED,Alcohol consumption (age 15+),Honduras,TOTAL,,,
EE6F72ASA_0000001688,SA_0000001688,EE6F72A,SA_0000001688,2001,YEAR,372,COUNTRY,PUBLISHED,Alcohol consumption (age 15+),Ireland,TOTAL,,,
EE6F72ASA_0000001688,SA_0000001688,EE6F72A,SA_0000001688,2001,YEAR,376,COUNTRY,PUBLISHED,Alcohol consumption (age 15+),Israel,TOTAL,,,
EE6F72ASA_0000001688,SA_0000001688,EE6F72A,SA_0000001688,2001,YEAR,380,COUNTRY,PUBLISHED,Alcohol consumption (age 15+),Italy,TOTAL,,,
EE6F72ASA_0000001688,SA_0000001688,EE6F72A,SA_0000001688,2001,YEAR,384,COUNTRY,PUBLISHED,Alcohol consumption (age 15+),Côte d'Ivoire,TOTAL,,,
EE6F72ASA_0000001688,SA_0000001688,EE6F72A,SA_0000001688,2001,YEAR,364,COUNTRY,PUBLISHED,Alcohol consumption (age 15+),Iran (Islamic Republic of),TOTAL,,,
EE6F72ASA_0000001688,SA_0000001688,EE6F72A,SA_0000001688,2001,YEAR,368,COUNTRY,PUBLISHED,Alcohol consumption (age 15+),Iraq,TOTAL,,,
EE6F72ASA_0000001688,SA_0000001688,EE6F72A,SA_0000001688,2001,YEAR,398,COUNTRY,PUBLISHED,Alcohol consumption (age 15+),Kazakhstan,TOTAL,,,
EE6F72ASA_0000001688,SA_0000001688,EE6F72A,SA_0000001688,2001,YEAR,400,COUNTRY,PUBLISHED,Alcohol consumption (age 15+),Jordan,TOTAL,,,
EE6F72ASA_0000001688,SA_0000001688,EE6F72A,SA_0000001688,2001,YEAR,404,COUNTRY,PUBLISHED,Alcohol consumption (age 15+),Kenya,TOTAL,,,
EE6F72ASA_0000001688,SA_0000001688,EE6F72A,SA_0000001688,2001,YEAR,408,COUNTRY,PUBLISHED,Alcohol consumption (age 15+),Democratic People's Republic of Korea,TOTAL,,,
EE6F72ASA_0000001688,SA_0000001688,EE6F72A,SA_0000001688,2001,YEAR,388,COUNTRY,PUBLISHED,Alcohol consumption (age 15+),Jamaica,TOTAL,,,
EE6F72ASA_0000001688,SA_0000001688,EE6F72A,SA_0000001688,2001,YEAR,392,COUNTRY,PUBLISHED,Alcohol consumption (age 15+),Japan,TOTAL,,,
EE6F72ASA_0000001688,SA_0000001688,EE6F72A,SA_0000001688,2001,YEAR,417,COUNTRY,PUBLISHED,Alcohol consumption (age 15+),Kyrgyzstan,TOTAL,,,
EE6F72ASA_0000001688,SA_0000001688,EE6F72A,SA_0000001688,2001,YEAR,418,COUNTRY,PUBLISHED,Alcohol consumption (age 15+),Lao People's Democratic Republic,TOTAL,,,
EE6F72ASA_0000001688,SA_0000001688,EE6F72A,SA_0000001688,2001,YEAR,419,REGION,PUBLISHED,Alcohol consumption (age 15+),Latin America and the Caribbean,TOTAL,,,
EE6F72ASA_0000001688,SA_0000001688,EE6F72A,SA_0000001688,2001,YEAR,422,COUNTRY,PUBLISHED,Alcohol consumption (age 15+),Lebanon,TOTAL,,,
EE6F72ASA_0000001688,SA_0000001688,EE6F72A,SA_0000001688,2001,YEAR,410,COUNTRY,PUBLISHED,Alcohol consumption (age 15+),Republic of Korea,TOTAL,,,
EE6F72ASA_0000001688,SA_0000001688,EE6F72A,SA_0000001688,2001,YEAR,414,COUNTRY,PUBLISHED,Alcohol consumption (age 15+),Kuwait,TOTAL,,,
EE6F72ASA_0000001688,SA_0000001688,EE6F72A,SA_0000001688,2001,YEAR,430,COUNTRY,PUBLISHED,Alcohol consumption (age 15+),Liberia,TOTAL,,,
EE6F72ASA_0000001688,SA_0000001688,EE6F72A,SA_0000001688,2001,YEAR,432,CLASSIFICATION,PUBLISHED,Alcohol consumption (age 15+),Landlocked developing countries,TOTAL,,,
EE6F72ASA_0000001688,SA_0000001688,EE6F72A,SA_0000001688,2001,YEAR,434,COUNTRY,PUBLISHED,Alcohol consumption (age 15+),Libya,TOTAL,,,
EE6F72ASA_0000001688,SA_0000001688,EE6F72A,SA_0000001688,2001,YEAR,440,COUNTRY,PUBLISHED,Alcohol consumption (age 15+),Lithuania,TOTAL,,,
EE6F72ASA_0000001688,SA_0000001688,EE6F72A,SA_0000001688,2001,YEAR,426,COUNTRY,PUBLISHED,Alcohol consumption (age 15+),Lesotho,TOTAL,,,
EE6F72ASA_0000001688,SA_0000001688,EE6F72A,SA_0000001688,2001,YEAR,428,COUNTRY,PUBLISHED,Alcohol consumption (age 15+),Latvia,TOTAL,,,
EE6F72ASA_0000001688,SA_0000001688,EE6F72A,SA_0000001688,2001,YEAR,454,COUNTRY,PUBLISHED,Alcohol consumption (age 15+),Malawi,TOTAL,,,
EE6F72ASA_0000001688,SA_0000001688,EE6F72A,SA_0000001688,2001,YEAR,458,COUNTRY,PUBLISHED,Alcohol consumption (age 15+),Malaysia,TOTAL,,,
EE6F72ASA_0000001688,SA_0000001688,EE6F72A,SA_0000001688,2001,YEAR,462,COUNTRY,PUBLISHED,Alcohol consumption (age 15+),Maldives,TOTAL,,,
EE6F72ASA_0000001688,SA_0000001688,EE6F72A,SA_0000001688,2001,YEAR,466,COUNTRY,PUBLISHED,Alcohol consumption (age 15+),Mali,TOTAL,,,
EE6F72ASA_0000001688,SA_0000001688,EE6F72A,SA_0000001688,2001,YEAR,442,COUNTRY,PUBLISHED,Alcohol consumption (age 15+),Luxembourg,TOTAL,,,
EE6F72ASA_0000001688,SA_0000001688,EE6F72A,SA_0000001688,2001,YEAR,450,COUNTRY,PUBLISHED,Alcohol consumption (age 15+),Madagascar,TOTAL,,,
EE6F72ASA_0000001688,SA_0000001688,EE6F72A,SA_0000001688,2001,YEAR,480,COUNTRY,PUBLISHED,Alcohol consumption (age 15+),Mauritius,TOTAL,,,
EE6F72ASA_0000001688,SA_0000001688,EE6F72A,SA_0000001688,2001,YEAR,484,COUNTRY,PUBLISHED,Alcohol consumption (age 15+),Mexico,TOTAL,,,
EE6F72ASA_0000001688,SA_0000001688,EE6F72A,SA_0000001688,2001,YEAR,496,COUNTRY,PUBLISHED,Alcohol consumption (age 15+),Mongolia,TOTAL,,,
EE6F72ASA_0000001688,SA_0000001688,EE6F72A,SA_0000001688,2001,YEAR,498,COUNTRY,PUBLISHED,Alcohol consumption (age 15+),Republic of Moldova,TOTAL,,,
EE6F72ASA_0000001688,SA_0000001688,EE6F72A,SA_0000001688,2001,YEAR,470,COUNTRY,PUBLISHED,Alcohol consumption (age 15+),Malta,TOTAL,,,
EE6F72ASA_0000001688,SA_0000001688,EE6F72A,SA_0000001688,2001,YEAR,478,COUNTRY,PUBLISHED,Alcohol consumption (age 15+),Mauritania,TOTAL,,,
EE6F72ASA_0000001688,SA_0000001688,EE6F72A,SA_0000001688,2001,YEAR,508,COUNTRY,PUBLISHED,Alcohol consumption (age 15+),Mozambique,TOTAL,,,
EE6F72ASA_0000001688,SA_0000001688,EE6F72A,SA_0000001688,2001,YEAR,520,COUNTRY,PUBLISHED,Alcohol consumption (age 15+),Nauru,TOTAL,,,
EE6F72ASA_0000001688,SA_0000001688,EE6F72A,SA_0000001688,2001,YEAR,524,COUNTRY,PUBLISHED,Alcohol consumption (age 15+),Nepal,TOTAL,,,
EE6F72ASA_0000001688,SA_0000001688,EE6F72A,SA_0000001688,2001,YEAR,528,COUNTRY,PUBLISHED,Alcohol consumption (age 15+),Netherlands (Kingdom of the),TOTAL,,,
EE6F72ASA_0000001688,SA_0000001688,EE6F72A,SA_0000001688,2001,YEAR,543,REGION,PUBLISHED,Alcohol consumption (age 15+),Oceania (exc. Australia and New Zealand),TOTAL,,,
EE6F72ASA_0000001688,SA_0000001688,EE6F72A,SA_0000001688,2001,YEAR,512,COUNTRY,PUBLISHED,Alcohol consumption (age 15+),Oman,TOTAL,,,
EE6F72ASA_0000001688,SA_0000001688,EE6F72A,SA_0000001688,2001,YEAR,513,REGION,PUBLISHED,Alcohol consumption (age 15+),Europe and Northern America,TOTAL,,,
EE6F72ASA_0000001688,SA_0000001688,EE6F72A,SA_0000001688,2001,YEAR,514,CLASSIFICATION,PUBLISHED,Alcohol consumption (age 15+),"Developed regions (Europe, Cyprus, Israel, Northern America, Japan, Australia & New Zealand)",TOTAL,,,
EE6F72ASA_0000001688,SA_0000001688,EE6F72A,SA_0000001688,2001,YEAR,499,COUNTRY,PUBLISHED,Alcohol consumption (age 15+),Montenegro,TOTAL,,,
EE6F72ASA_0000001688,SA_0000001688,EE6F72A,SA_0000001688,2001,YEAR,504,COUNTRY,PUBLISHED,Alcohol consumption (age 15+),Morocco,TOTAL,,,
EE6F72ASA_0000001688,SA_0000001688,EE6F72A,SA_0000001688,2001,YEAR,515,CLASSIFICATION,PUBLISHED,Alcohol consumption (age 15+),Developing regions,TOTAL,,,
EE6F72ASA_0000001688,SA_0000001688,EE6F72A,SA_0000001688,2001,YEAR,516,COUNTRY,PUBLISHED,Alcohol consumption (age 15+),Namibia,TOTAL,,,
EE6F72ASA_0000001688,SA_0000001688,EE6F72A,SA_0000001688,2001,YEAR,548,COUNTRY,PUBLISHED,Alcohol consumption (age 15+),Vanuatu,TOTAL,,,
EE6F72ASA_0000001688,SA_0000001688,EE6F72A,SA_0000001688,2001,YEAR,554,COUNTRY,PUBLISHED,Alcohol consumption (age 15+),New Zealand,TOTAL,,,
EE6F72ASA_0000001688,SA_0000001688,EE6F72A,SA_0000001688,2001,YEAR,558,COUNTRY,PUBLISHED,Alcohol consumption (age 15+),Nicaragua,TOTAL,,,
EE6F72ASA_0000001688,SA_0000001688,EE6F72A,SA_0000001688,2001,YEAR,562,COUNTRY,PUBLISHED,Alcohol consumption (age 15+),Niger,TOTAL,,,
EE6F72ASA_0000001688,SA_0000001688,EE6F72A,SA_0000001688,2001,YEAR,566,COUNTRY,PUBLISHED,Alcohol consumption (age 15+),Nigeria,TOTAL,,,
EE6F72ASA_0000001688,SA_0000001688,EE6F72A,SA_0000001688,2001,YEAR,570,COUNTRY,PUBLISHED,Alcohol consumption (age 15+),Niue,TOTAL,,,
EE6F72ASA_0000001688,SA_0000001688,EE6F72A,SA_0000001688,2001,YEAR,586,COUNTRY,PUBLISHED,Alcohol consumption (age 15+),Pakistan,TOTAL,,,
EE6F72ASA_0000001688,SA_0000001688,EE6F72A,SA_0000001688,2001,YEAR,591,COUNTRY,PUBLISHED,Alcohol consumption (age 15+),Panama,TOTAL,,,
EE6F72ASA_0000001688,SA_0000001688,EE6F72A,SA_0000001688,2001,YEAR,598,COUNTRY,PUBLISHED,Alcohol consumption (age 15+),Papua New Guinea,TOTAL,,,
EE6F72ASA_0000001688,SA_0000001688,EE6F72A,SA_0000001688,2001,YEAR,600,COUNTRY,PUBLISHED,Alcohol consumption (age 15+),Paraguay,TOTAL,,,
EE6F72ASA_0000001688,SA_0000001688,EE6F72A,SA_0000001688,2001,YEAR,578,COUNTRY,PUBLISHED,Alcohol consumption (age 15+),Norway,TOTAL,,,
EE6F72ASA_0000001688,SA_0000001688,EE6F72A,SA_0000001688,2001,YEAR,583,COUNTRY,PUBLISHED,Alcohol consumption (age 15+),Micronesia (Federated States of),TOTAL,,,
EE6F72ASA_0000001688,SA_0000001688,EE6F72A,SA_0000001688,2001,YEAR,616,COUNTRY,PUBLISHED,Alcohol consumption (age 15+),Poland,TOTAL,,,
EE6F72ASA_0000001688,SA_0000001688,EE6F72A,SA_0000001688,2001,YEAR,643,COUNTRY,PUBLISHED,Alcohol consumption (age 15+),Russian Federation,TOTAL,,,
EE6F72ASA_0000001688,SA_0000001688,EE6F72A,SA_0000001688,2001,YEAR,646,COUNTRY,PUBLISHED,Alcohol consumption (age 15+),Rwanda,TOTAL,,,
EE6F72ASA_0000001688,SA_0000001688,EE6F72A,SA_0000001688,2001,YEAR,659,COUNTRY,PUBLISHED,Alcohol consumption (age 15+),Saint Kitts and Nevis,TOTAL,,,
EE6F72ASA_0000001688,SA_0000001688,EE6F72A,SA_0000001688,2001,YEAR,662,COUNTRY,PUBLISHED,Alcohol consumption (age 15+),Saint Lucia,TOTAL,,,
EE6F72ASA_0000001688,SA_0000001688,EE6F72A,SA_0000001688,2001,YEAR,620,COUNTRY,PUBLISHED,Alcohol consumption (age 15+),Portugal,TOTAL,,,
EE6F72ASA_0000001688,SA_0000001688,EE6F72A,SA_0000001688,2001,YEAR,624,COUNTRY,PUBLISHED,Alcohol consumption (age 15+),Guinea-Bissau,TOTAL,,,
EE6F72ASA_0000001688,SA_0000001688,EE6F72A,SA_0000001688,2001,YEAR,626,COUNTRY,PUBLISHED,Alcohol consumption (age 15+),Timor-Leste,TOTAL,,,
EE6F72ASA_0000001688,SA_0000001688,EE6F72A,SA_0000001688,2001,YEAR,604,COUNTRY,PUBLISHED,Alcohol consumption (age 15+),Peru,TOTAL,,,
EE6F72ASA_0000001688,SA_0000001688,EE6F72A,SA_0000001688,2001,YEAR,608,COUNTRY,PUBLISHED,Alcohol consumption (age 15+),Philippines,TOTAL,,,
EE6F72ASA_0000001688,SA_0000001688,EE6F72A,SA_0000001688,2001,YEAR,634,COUNTRY,PUBLISHED,Alcohol consumption (age 15+),Qatar,TOTAL,,,
EE6F72ASA_0000001688,SA_0000001688,EE6F72A,SA_0000001688,2001,YEAR,642,COUNTRY,PUBLISHED,Alcohol consumption (age 15+),Romania,TOTAL,,,
EE6F72ASA_0000001688,SA_0000001688,EE6F72A,SA_0000001688,2001,YEAR,670,COUNTRY,PUBLISHED,Alcohol consumption (age 15+),Saint Vincent and the Grenadines,TOTAL,,,
EE6F72ASA_0000001688,SA_0000001688,EE6F72A,SA_0000001688,2001,YEAR,678,COUNTRY,PUBLISHED,Alcohol consumption (age 15+),Sao Tome and Principe,TOTAL,,,
EE6F72ASA_0000001688,SA_0000001688,EE6F72A,SA_0000001688,2001,YEAR,686,COUNTRY,PUBLISHED,Alcohol consumption (age 15+),Senegal,TOTAL,,,
EE6F72ASA_0000001688,SA_0000001688,EE6F72A,SA_0000001688,2001,YEAR,688,COUNTRY,PUBLISHED,Alcohol consumption (age 15+),Serbia,TOTAL,,,
EE6F72ASA_0000001688,SA_0000001688,EE6F72A,SA_0000001688,2001,YEAR,690,COUNTRY,PUBLISHED,Alcohol consumption (age 15+),Seychelles,TOTAL,,,
EE6F72ASA_0000001688,SA_0000001688,EE6F72A,SA_0000001688,2001,YEAR,694,COUNTRY,PUBLISHED,Alcohol consumption (age 15+),Sierra Leone,TOTAL,,,
EE6F72ASA_0000001688,SA_0000001688,EE6F72A,SA_0000001688,2001,YEAR,704,COUNTRY,PUBLISHED,Alcohol consumption (age 15+),Viet Nam,TOTAL,,,
EE6F72ASA_0000001688,SA_0000001688,EE6F72A,SA_0000001688,2001,YEAR,705,COUNTRY,PUBLISHED,Alcohol consumption (age 15+),Slovenia,TOTAL,,,
EE6F72ASA_0000001688,SA_0000001688,EE6F72A,SA_0000001688,2004,YEAR,328,COUNTRY,PUBLISHED,Alcohol consumption (age 15+),Guyana,TOTAL,,,
EE6F72ASA_0000001688,SA_0000001688,EE6F72A,SA_0000001688,2004,YEAR,332,COUNTRY,PUBLISHED,Alcohol consumption (age 15+),Haiti,TOTAL,,,
EE6F72ASA_0000001688,SA_0000001688,EE6F72A,SA_0000001688,2001,YEAR,702,COUNTRY,PUBLISHED,Alcohol consumption (age 15+),Singapore,TOTAL,,,
EE6F72ASA_0000001688,SA_0000001688,EE6F72A,SA_0000001688,2001,YEAR,703,COUNTRY,PUBLISHED,Alcohol consumption (age 15+),Slovakia,TOTAL,,,
EE6F72ASA_0000001688,SA_0000001688,EE6F72A,SA_0000001688,2004,YEAR,352,COUNTRY,PUBLISHED,Alcohol consumption (age 15+),Iceland,TOTAL,,,
EE6F72ASA_0000001688,SA_0000001688,EE6F72A,SA_0000001688,2004,YEAR,356,COUNTRY,PUBLISHED,Alcohol consumption (age 15+),India,TOTAL,,,
EE6F72ASA_0000001688,SA_0000001688,EE6F72A,SA_0000001688,2004,YEAR,360,COUNTRY,PUBLISHED,Alcohol consumption (age 15+),Indonesia,TOTAL,,,
EE6F72ASA_0000001688,SA_0000001688,EE6F72A,SA_0000001688,2004,YEAR,364,COUNTRY,PUBLISHED,Alcohol consumption (age 15+),Iran (Islamic Republic of),TOTAL,,,
EE6F72ASA_0000001688,SA_0000001688,EE6F72A,SA_0000001688,2004,YEAR,340,COUNTRY,PUBLISHED,Alcohol consumption (age 15+),Honduras,TOTAL,,,
EE6F72ASA_0000001688,SA_0000001688,EE6F72A,SA_0000001688,2004,YEAR,348,COUNTRY,PUBLISHED,Alcohol consumption (age 15+),Hungary,TOTAL,,,
EE6F72ASA_0000001688,SA_0000001688,EE6F72A,SA_0000001688,2004,YEAR,376,COUNTRY,PUBLISHED,Alcohol consumption (age 15+),Israel,TOTAL,,,
EE6F72ASA_0000001688,SA_0000001688,EE6F72A,SA_0000001688,2004,YEAR,380,COUNTRY,PUBLISHED,Alcohol consumption (age 15+),Italy,TOTAL,,,
EE6F72ASA_0000001688,SA_0000001688,EE6F72A,SA_0000001688,2004,YEAR,384,COUNTRY,PUBLISHED,Alcohol consumption (age 15+),Côte d'Ivoire,TOTAL,,,
EE6F72ASA_0000001688,SA_0000001688,EE6F72A,SA_0000001688,2004,YEAR,388,COUNTRY,PUBLISHED,Alcohol consumption (age 15+),Jamaica,TOTAL,,,
EE6F72ASA_0000001688,SA_0000001688,EE6F72A,SA_0000001688,2004,YEAR,368,COUNTRY,PUBLISHED,Alcohol consumption (age 15+),Iraq,TOTAL,,,
EE6F72ASA_0000001688,SA_0000001688,EE6F72A,SA_0000001688,2004,YEAR,372,COUNTRY,PUBLISHED,Alcohol consumption (age 15+),Ireland,TOTAL,,,
EE6F72ASA_0000001688,SA_0000001688,EE6F72A,SA_0000001688,2004,YEAR,400,COUNTRY,PUBLISHED,Alcohol consumption (age 15+),Jordan,TOTAL,,,
EE6F72ASA_0000001688,SA_0000001688,EE6F72A,SA_0000001688,2004,YEAR,404,COUNTRY,PUBLISHED,Alcohol consumption (age 15+),Kenya,TOTAL,,,
EE6F72ASA_0000001688,SA_0000001688,EE6F72A,SA_0000001688,2004,YEAR,408,COUNTRY,PUBLISHED,Alcohol consumption (age 15+),Democratic People's Republic of Korea,TOTAL,,,
EE6F72ASA_0000001688,SA_0000001688,EE6F72A,SA_0000001688,2004,YEAR,410,COUNTRY,PUBLISHED,Alcohol consumption (age 15+),Republic of Korea,TOTAL,,,
EE6F72ASA_0000001688,SA_0000001688,EE6F72A,SA_0000001688,2004,YEAR,392,COUNTRY,PUBLISHED,Alcohol consumption (age 15+),Japan,TOTAL,,,
EE6F72ASA_0000001688,SA_0000001688,EE6F72A,SA_0000001688,2004,YEAR,398,COUNTRY,PUBLISHED,Alcohol consumption (age 15+),Kazakhstan,TOTAL,,,
EE6F72ASA_0000001688,SA_0000001688,EE6F72A,SA_0000001688,2004,YEAR,418,COUNTRY,PUBLISHED,Alcohol consumption (age 15+),Lao People's Democratic Republic,TOTAL,,,
EE6F72ASA_0000001688,SA_0000001688,EE6F72A,SA_0000001688,2004,YEAR,419,REGION,PUBLISHED,Alcohol consumption (age 15+),Latin America and the Caribbean,TOTAL,,,
EE6F72ASA_0000001688,SA_0000001688,EE6F72A,SA_0000001688,2004,YEAR,422,COUNTRY,PUBLISHED,Alcohol consumption (age 15+),Lebanon,TOTAL,,,
EE6F72ASA_0000001688,SA_0000001688,EE6F72A,SA_0000001688,2004,YEAR,426,COUNTRY,PUBLISHED,Alcohol consumption (age 15+),Lesotho,TOTAL,,,
EE6F72ASA_0000001688,SA_0000001688,EE6F72A,SA_0000001688,2004,YEAR,414,COUNTRY,PUBLISHED,Alcohol consumption (age 15+),Kuwait,TOTAL,,,
EE6F72ASA_0000001688,SA_0000001688,EE6F72A,SA_0000001688,2004,YEAR,417,COUNTRY,PUBLISHED,Alcohol consumption (age 15+),Kyrgyzstan,TOTAL,,,
EE6F72ASA_0000001688,SA_0000001688,EE6F72A,SA_0000001688,2004,YEAR,432,CLASSIFICATION,PUBLISHED,Alcohol consumption (age 15+),Landlocked developing countries,TOTAL,,,
EE6F72ASA_0000001688,SA_0000001688,EE6F72A,SA_0000001688,2004,YEAR,434,COUNTRY,PUBLISHED,Alcohol consumption (age 15+),Libya,TOTAL,,,
EE6F72ASA_0000001688,SA_0000001688,EE6F72A,SA_0000001688,2004,YEAR,440,COUNTRY,PUBLISHED,Alcohol consumption (age 15+),Lithuania,TOTAL,,,
EE6F72ASA_0000001688,SA_0000001688,EE6F72A,SA_0000001688,2004,YEAR,442,COUNTRY,PUBLISHED,Alcohol consumption (age 15+),Luxembourg,TOTAL,,,
EE6F72ASA_0000001688,SA_0000001688,EE6F72A,SA_0000001688,2004,YEAR,428,COUNTRY,PUBLISHED,Alcohol consumption (age 15+),Latvia,TOTAL,,,
EE6F72ASA_0000001688,SA_0000001688,EE6F72A,SA_0000001688,2004,YEAR,430,COUNTRY,PUBLISHED,Alcohol consumption (age 15+),Liberia,TOTAL,,,
EE6F72ASA_0000001688,SA_0000001688,EE6F72A,SA_0000001688,2004,YEAR,458,COUNTRY,PUBLISHED,Alcohol consumption (age 15+),Malaysia,TOTAL,,,
EE6F72ASA_0000001688,SA_0000001688,EE6F72A,SA_0000001688,2004,YEAR,462,COUNTRY,PUBLISHED,Alcohol consumption (age 15+),Maldives,TOTAL,,,
EE6F72ASA_0000001688,SA_0000001688,EE6F72A,SA_0000001688,2004,YEAR,466,COUNTRY,PUBLISHED,Alcohol consumption (age 15+),Mali,TOTAL,,,
EE6F72ASA_0000001688,SA_0000001688,EE6F72A,SA_0000001688,2004,YEAR,470,COUNTRY,PUBLISHED,Alcohol consumption (age 15+),Malta,TOTAL,,,
EE6F72ASA_0000001688,SA_0000001688,EE6F72A,SA_0000001688,2004,YEAR,450,COUNTRY,PUBLISHED,Alcohol consumption (age 15+),Madagascar,TOTAL,,,
EE6F72ASA_0000001688,SA_0000001688,EE6F72A,SA_0000001688,2004,YEAR,454,COUNTRY,PUBLISHED,Alcohol consumption (age 15+),Malawi,TOTAL,,,
EE6F72ASA_0000001688,SA_0000001688,EE6F72A,SA_0000001688,2004,YEAR,484,COUNTRY,PUBLISHED,Alcohol consumption (age 15+),Mexico,TOTAL,,,
EE6F72ASA_0000001688,SA_0000001688,EE6F72A,SA_0000001688,2004,YEAR,496,COUNTRY,PUBLISHED,Alcohol consumption (age 15+),Mongolia,TOTAL,,,
EE6F72ASA_0000001688,SA_0000001688,EE6F72A,SA_0000001688,2004,YEAR,498,COUNTRY,PUBLISHED,Alcohol consumption (age 15+),Republic of Moldova,TOTAL,,,
EE6F72ASA_0000001688,SA_0000001688,EE6F72A,SA_0000001688,2004,YEAR,499,COUNTRY,PUBLISHED,Alcohol consumption (age 15+),Montenegro,TOTAL,,,
EE6F72ASA_0000001688,SA_0000001688,EE6F72A,SA_0000001688,2004,YEAR,478,COUNTRY,PUBLISHED,Alcohol consumption (age 15+),Mauritania,TOTAL,,,
EE6F72ASA_0000001688,SA_0000001688,EE6F72A,SA_0000001688,2004,YEAR,480,COUNTRY,PUBLISHED,Alcohol consumption (age 15+),Mauritius,TOTAL,,,
EE6F72ASA_0000001688,SA_0000001688,EE6F72A,SA_0000001688,2004,YEAR,512,COUNTRY,PUBLISHED,Alcohol consumption (age 15+),Oman,TOTAL,,,
EE6F72ASA_0000001688,SA_0000001688,EE6F72A,SA_0000001688,2004,YEAR,513,REGION,PUBLISHED,Alcohol consumption (age 15+),Europe and Northern America,TOTAL,,,
EE6F72ASA_0000001688,SA_0000001688,EE6F72A,SA_0000001688,2004,YEAR,514,CLASSIFICATION,PUBLISHED,Alcohol consumption (age 15+),"Developed regions (Europe, Cyprus, Israel, Northern America, Japan, Australia & New Zealand)",TOTAL,,,
EE6F72ASA_0000001688,SA_0000001688,EE6F72A,SA_0000001688,2004,YEAR,515,CLASSIFICATION,PUBLISHED,Alcohol consumption (age 15+),Developing regions,TOTAL,,,
EE6F72ASA_0000001688,SA_0000001688,EE6F72A,SA_0000001688,2004,YEAR,504,COUNTRY,PUBLISHED,Alcohol consumption (age 15+),Morocco,TOTAL,,,
EE6F72ASA_0000001688,SA_0000001688,EE6F72A,SA_0000001688,2004,YEAR,508,COUNTRY,PUBLISHED,Alcohol consumption (age 15+),Mozambique,TOTAL,,,
EE6F72ASA_0000001688,SA_0000001688,EE6F72A,SA_0000001688,2004,YEAR,524,COUNTRY,PUBLISHED,Alcohol consumption (age 15+),Nepal,TOTAL,,,
EE6F72ASA_0000001688,SA_0000001688,EE6F72A,SA_0000001688,2004,YEAR,528,COUNTRY,PUBLISHED,Alcohol consumption (age 15+),Netherlands (Kingdom of the),TOTAL,,,
EE6F72ASA_0000001688,SA_0000001688,EE6F72A,SA_0000001688,2004,YEAR,543,REGION,PUBLISHED,Alcohol consumption (age 15+),Oceania (exc. Australia and New Zealand),TOTAL,,,
EE6F72ASA_0000001688,SA_0000001688,EE6F72A,SA_0000001688,2004,YEAR,548,COUNTRY,PUBLISHED,Alcohol consumption (age 15+),Vanuatu,TOTAL,,,
EE6F72ASA_0000001688,SA_0000001688,EE6F72A,SA_0000001688,2004,YEAR,516,COUNTRY,PUBLISHED,Alcohol consumption (age 15+),Namibia,TOTAL,,,
EE6F72ASA_0000001688,SA_0000001688,EE6F72A,SA_0000001688,2004,YEAR,520,COUNTRY,PUBLISHED,Alcohol consumption (age 15+),Nauru,TOTAL,,,
EE6F72ASA_0000001688,SA_0000001688,EE6F72A,SA_0000001688,2004,YEAR,562,COUNTRY,PUBLISHED,Alcohol consumption (age 15+),Niger,TOTAL,,,
EE6F72ASA_0000001688,SA_0000001688,EE6F72A,SA_0000001688,2004,YEAR,566,COUNTRY,PUBLISHED,Alcohol consumption (age 15+),Nigeria,TOTAL,,,
EE6F72ASA_0000001688,SA_0000001688,EE6F72A,SA_0000001688,2004,YEAR,570,COUNTRY,PUBLISHED,Alcohol consumption (age 15+),Niue,TOTAL,,,
EE6F72ASA_0000001688,SA_0000001688,EE6F72A,SA_0000001688,2004,YEAR,578,COUNTRY,PUBLISHED,Alcohol consumption (age 15+),Norway,TOTAL,,,
EE6F72ASA_0000001688,SA_0000001688,EE6F72A,SA_0000001688,2004,YEAR,554,COUNTRY,PUBLISHED,Alcohol consumption (age 15+),New Zealand,TOTAL,,,
EE6F72ASA_0000001688,SA_0000001688,EE6F72A,SA_0000001688,2004,YEAR,558,COUNTRY,PUBLISHED,Alcohol consumption (age 15+),Nicaragua,TOTAL,,,
EE6F72ASA_0000001688,SA_0000001688,EE6F72A,SA_0000001688,2004,YEAR,591,COUNTRY,PUBLISHED,Alcohol consumption (age 15+),Panama,TOTAL,,,
EE6F72ASA_0000001688,SA_0000001688,EE6F72A,SA_0000001688,2004,YEAR,598,COUNTRY,PUBLISHED,Alcohol consumption (age 15+),Papua New Guinea,TOTAL,,,
EE6F72ASA_0000001688,SA_0000001688,EE6F72A,SA_0000001688,2004,YEAR,600,COUNTRY,PUBLISHED,Alcohol consumption (age 15+),Paraguay,TOTAL,,,
EE6F72ASA_0000001688,SA_0000001688,EE6F72A,SA_0000001688,2004,YEAR,604,COUNTRY,PUBLISHED,Alcohol consumption (age 15+),Peru,TOTAL,,,
EE6F72ASA_0000001688,SA_0000001688,EE6F72A,SA_0000001688,2004,YEAR,583,COUNTRY,PUBLISHED,Alcohol consumption (age 15+),Micronesia (Federated States of),TOTAL,,,
EE6F72ASA_0000001688,SA_0000001688,EE6F72A,SA_0000001688,2004,YEAR,586,COUNTRY,PUBLISHED,Alcohol consumption (age 15+),Pakistan,TOTAL,,,
EE6F72ASA_0000001688,SA_0000001688,EE6F72A,SA_0000001688,2004,YEAR,620,COUNTRY,PUBLISHED,Alcohol consumption (age 15+),Portugal,TOTAL,,,
EE6F72ASA_0000001688,SA_0000001688,EE6F72A,SA_0000001688,2004,YEAR,624,COUNTRY,PUBLISHED,Alcohol consumption (age 15+),Guinea-Bissau,TOTAL,,,
EE6F72ASA_0000001688,SA_0000001688,EE6F72A,SA_0000001688,2004,YEAR,626,COUNTRY,PUBLISHED,Alcohol consumption (age 15+),Timor-Leste,TOTAL,,,
EE6F72ASA_0000001688,SA_0000001688,EE6F72A,SA_0000001688,2004,YEAR,634,COUNTRY,PUBLISHED,Alcohol consumption (age 15+),Qatar,TOTAL,,,
EE6F72ASA_0000001688,SA_0000001688,EE6F72A,SA_0000001688,2004,YEAR,608,COUNTRY,PUBLISHED,Alcohol consumption (age 15+),Philippines,TOTAL,,,
EE6F72ASA_0000001688,SA_0000001688,EE6F72A,SA_0000001688,2004,YEAR,616,COUNTRY,PUBLISHED,Alcohol consumption (age 15+),Poland,TOTAL,,,
EE6F72ASA_0000001688,SA_0000001688,EE6F72A,SA_0000001688,2004,YEAR,646,COUNTRY,PUBLISHED,Alcohol consumption (age 15+),Rwanda,TOTAL,,,
EE6F72ASA_0000001688,SA_0000001688,EE6F72A,SA_0000001688,2004,YEAR,688,COUNTRY,PUBLISHED,Alcohol consumption (age 15+),Serbia,TOTAL,,,
EE6F72ASA_0000001688,SA_0000001688,EE6F72A,SA_0000001688,2004,YEAR,690,COUNTRY,PUBLISHED,Alcohol consumption (age 15+),Seychelles,TOTAL,,,
EE6F72ASA_0000001688,SA_0000001688,EE6F72A,SA_0000001688,2004,YEAR,694,COUNTRY,PUBLISHED,Alcohol consumption (age 15+),Sierra Leone,TOTAL,,,
EE6F72ASA_0000001688,SA_0000001688,EE6F72A,SA_0000001688,2004,YEAR,702,COUNTRY,PUBLISHED,Alcohol consumption (age 15+),Singapore,TOTAL,,,
EE6F72ASA_0000001688,SA_0000001688,EE6F72A,SA_0000001688,2004,YEAR,659,COUNTRY,PUBLISHED,Alcohol consumption (age 15+),Saint Kitts and Nevis,TOTAL,,,
EE6F72ASA_0000001688,SA_0000001688,EE6F72A,SA_0000001688,2004,YEAR,662,COUNTRY,PUBLISHED,Alcohol consumption (age 15+),Saint Lucia,TOTAL,,,
EE6F72ASA_0000001688,SA_0000001688,EE6F72A,SA_0000001688,2004,YEAR,670,COUNTRY,PUBLISHED,Alcohol consumption (age 15+),Saint Vincent and the Grenadines,TOTAL,,,
EE6F72ASA_0000001688,SA_0000001688,EE6F72A,SA_0000001688,2004,YEAR,642,COUNTRY,PUBLISHED,Alcohol consumption (age 15+),Romania,TOTAL,,,
EE6F72ASA_0000001688,SA_0000001688,EE6F72A,SA_0000001688,2004,YEAR,643,COUNTRY,PUBLISHED,Alcohol consumption (age 15+),Russian Federation,TOTAL,,,
EE6F72ASA_0000001688,SA_0000001688,EE6F72A,SA_0000001688,2004,YEAR,678,COUNTRY,PUBLISHED,Alcohol consumption (age 15+),Sao Tome and Principe,TOTAL,,,
EE6F72ASA_0000001688,SA_0000001688,EE6F72A,SA_0000001688,2004,YEAR,686,COUNTRY,PUBLISHED,Alcohol consumption (age 15+),Senegal,TOTAL,,,
EE6F72ASA_0000001688,SA_0000001688,EE6F72A,SA_0000001688,2004,YEAR,703,COUNTRY,PUBLISHED,Alcohol consumption (age 15+),Slovakia,TOTAL,,,
EE6F72ASA_0000001688,SA_0000001688,EE6F72A,SA_0000001688,2004,YEAR,704,COUNTRY,PUBLISHED,Alcohol consumption (age 15+),Viet Nam,TOTAL,,,
EE6F72ASA_0000001688,SA_0000001688,EE6F72A,SA_0000001688,2007,YEAR,018,REGION,PUBLISHED,Alcohol consumption (age 15+),Southern Africa,TOTAL,,,
EE6F72ASA_0000001688,SA_0000001688,EE6F72A,SA_0000001688,2007,YEAR,019,REGION,PUBLISHED,Alcohol consumption (age 15+),Americas,TOTAL,,,
EE6F72ASA_0000001688,SA_0000001688,EE6F72A,SA_0000001688,2007,YEAR,020,COUNTRY,PUBLISHED,Alcohol consumption (age 15+),Andorra,TOTAL,,,
EE6F72ASA_0000001688,SA_0000001688,EE6F72A,SA_0000001688,2007,YEAR,021,REGION,PUBLISHED,Alcohol consumption (age 15+),Northern America,TOTAL,,,
EE6F72ASA_0000001688,SA_0000001688,EE6F72A,SA_0000001688,2007,YEAR,029,REGION,PUBLISHED,Alcohol consumption (age 15+),Caribbean,TOTAL,,,
EE6F72ASA_0000001688,SA_0000001688,EE6F72A,SA_0000001688,2007,YEAR,030,REGION,PUBLISHED,Alcohol consumption (age 15+),Eastern Asia,TOTAL,,,
EE6F72ASA_0000001688,SA_0000001688,EE6F72A,SA_0000001688,2007,YEAR,031,COUNTRY,PUBLISHED,Alcohol consumption (age 15+),Azerbaijan,TOTAL,,,
EE6F72ASA_0000001688,SA_0000001688,EE6F72A,SA_0000001688,2007,YEAR,032,COUNTRY,PUBLISHED,Alcohol consumption (age 15+),Argentina,TOTAL,,,
EE6F72ASA_0000001688,SA_0000001688,EE6F72A,SA_0000001688,2007,YEAR,024,COUNTRY,PUBLISHED,Alcohol consumption (age 15+),Angola,TOTAL,,,
EE6F72ASA_0000001688,SA_0000001688,EE6F72A,SA_0000001688,2007,YEAR,028,COUNTRY,PUBLISHED,Alcohol consumption (age 15+),Antigua and Barbuda,TOTAL,,,
EE6F72ASA_0000001688,SA_0000001688,EE6F72A,SA_0000001688,2007,YEAR,036,COUNTRY,PUBLISHED,Alcohol consumption (age 15+),Australia,TOTAL,,,
EE6F72ASA_0000001688,SA_0000001688,EE6F72A,SA_0000001688,2007,YEAR,039,REGION,PUBLISHED,Alcohol consumption (age 15+),Southern Europe,TOTAL,,,
EE6F72ASA_0000001688,SA_0000001688,EE6F72A,SA_0000001688,2007,YEAR,040,COUNTRY,PUBLISHED,Alcohol consumption (age 15+),Austria,TOTAL,,,
EE6F72ASA_0000001688,SA_0000001688,EE6F72A,SA_0000001688,2007,YEAR,044,COUNTRY,PUBLISHED,Alcohol consumption (age 15+),Bahamas,TOTAL,,,
EE6F72ASA_0000001688,SA_0000001688,EE6F72A,SA_0000001688,2007,YEAR,034,REGION,PUBLISHED,Alcohol consumption (age 15+),Southern Asia,TOTAL,,,
EE6F72ASA_0000001688,SA_0000001688,EE6F72A,SA_0000001688,2007,YEAR,035,REGION,PUBLISHED,Alcohol consumption (age 15+),South-eastern Asia,TOTAL,,,
EE6F72ASA_0000001688,SA_0000001688,EE6F72A,SA_0000001688,2007,YEAR,051,COUNTRY,PUBLISHED,Alcohol consumption (age 15+),Armenia,TOTAL,,,
EE6F72ASA_0000001688,SA_0000001688,EE6F72A,SA_0000001688,2007,YEAR,052,COUNTRY,PUBLISHED,Alcohol consumption (age 15+),Barbados,TOTAL,,,
EE6F72ASA_0000001688,SA_0000001688,EE6F72A,SA_0000001688,2007,YEAR,053,REGION,PUBLISHED,Alcohol consumption (age 15+),Australia and New Zealand,TOTAL,,,
EE6F72ASA_0000001688,SA_0000001688,EE6F72A,SA_0000001688,2007,YEAR,054,REGION,PUBLISHED,Alcohol consumption (age 15+),Melanesia,TOTAL,,,
EE6F72ASA_0000001688,SA_0000001688,EE6F72A,SA_0000001688,2007,YEAR,048,COUNTRY,PUBLISHED,Alcohol consumption (age 15+),Bahrain,TOTAL,,,
EE6F72ASA_0000001688,SA_0000001688,EE6F72A,SA_0000001688,2007,YEAR,050,COUNTRY,PUBLISHED,Alcohol consumption (age 15+),Bangladesh,TOTAL,,,
EE6F72ASA_0000001688,SA_0000001688,EE6F72A,SA_0000001688,2007,YEAR,061,REGION,PUBLISHED,Alcohol consumption (age 15+),Polynesia,TOTAL,,,
EE6F72ASA_0000001688,SA_0000001688,EE6F72A,SA_0000001688,2007,YEAR,062,REGION,PUBLISHED,Alcohol consumption (age 15+),Central and Southern Asia,TOTAL,,,
EE6F72ASA_0000001688,SA_0000001688,EE6F72A,SA_0000001688,2007,YEAR,064,COUNTRY,PUBLISHED,Alcohol consumption (age 15+),Bhutan,TOTAL,,,
EE6F72ASA_0000001688,SA_0000001688,EE6F72A,SA_0000001688,2007,YEAR,068,COUNTRY,PUBLISHED,Alcohol consumption (age 15+),Bolivia (Plurinational State of),TOTAL,,,
EE6F72ASA_0000001688,SA_0000001688,EE6F72A,SA_0000001688,2007,YEAR,056,COUNTRY,PUBLISHED,Alcohol consumption (age 15+),Belgium,TOTAL,,,
EE6F72ASA_0000001688,SA_0000001688,EE6F72A,SA_0000001688,2007,YEAR,057,REGION,PUBLISHED,Alcohol consumption (age 15+),Micronesia,TOTAL,,,
EE6F72ASA_0000001688,SA_0000001688,EE6F72A,SA_0000001688,2007,YEAR,076,COUNTRY,PUBLISHED,Alcohol consumption (age 15+),Brazil,TOTAL,,,
EE6F72ASA_0000001688,SA_0000001688,EE6F72A,SA_0000001688,2007,YEAR,084,COUNTRY,PUBLISHED,Alcohol consumption (age 15+),Belize,TOTAL,,,
EE6F72ASA_0000001688,SA_0000001688,EE6F72A,SA_0000001688,2007,YEAR,090,COUNTRY,PUBLISHED,Alcohol consumption (age 15+),Solomon Islands,TOTAL,,,
EE6F72ASA_0000001688,SA_0000001688,EE6F72A,SA_0000001688,2007,YEAR,096,COUNTRY,PUBLISHED,Alcohol consumption (age 15+),Brunei Darussalam,TOTAL,,,
EE6F72ASA_0000001688,SA_0000001688,EE6F72A,SA_0000001688,2007,YEAR,070,COUNTRY,PUBLISHED,Alcohol consumption (age 15+),Bosnia and Herzegovina,TOTAL,,,
EE6F72ASA_0000001688,SA_0000001688,EE6F72A,SA_0000001688,2007,YEAR,072,COUNTRY,PUBLISHED,Alcohol consumption (age 15+),Botswana,TOTAL,,,
EE6F72ASA_0000001688,SA_0000001688,EE6F72A,SA_0000001688,2007,YEAR,108,COUNTRY,PUBLISHED,Alcohol consumption (age 15+),Burundi,TOTAL,,,
EE6F72ASA_0000001688,SA_0000001688,EE6F72A,SA_0000001688,2007,YEAR,112,COUNTRY,PUBLISHED,Alcohol consumption (age 15+),Belarus,TOTAL,,,
EE6F72ASA_0000001688,SA_0000001688,EE6F72A,SA_0000001688,2007,YEAR,116,COUNTRY,PUBLISHED,Alcohol consumption (age 15+),Cambodia,TOTAL,,,
EE6F72ASA_0000001688,SA_0000001688,EE6F72A,SA_0000001688,2007,YEAR,120,COUNTRY,PUBLISHED,Alcohol consumption (age 15+),Cameroon,TOTAL,,,
EE6F72ASA_0000001688,SA_0000001688,EE6F72A,SA_0000001688,2007,YEAR,100,COUNTRY,PUBLISHED,Alcohol consumption (age 15+),Bulgaria,TOTAL,,,
EE6F72ASA_0000001688,SA_0000001688,EE6F72A,SA_0000001688,2007,YEAR,104,COUNTRY,PUBLISHED,Alcohol consumption (age 15+),Myanmar,TOTAL,,,
EE6F72ASA_0000001688,SA_0000001688,EE6F72A,SA_0000001688,2007,YEAR,140,COUNTRY,PUBLISHED,Alcohol consumption (age 15+),Central African Republic,TOTAL,,,
EE6F72ASA_0000001688,SA_0000001688,EE6F72A,SA_0000001688,2007,YEAR,142,REGION,PUBLISHED,Alcohol consumption (age 15+),Asia,TOTAL,,,
EE6F72ASA_0000001688,SA_0000001688,EE6F72A,SA_0000001688,2007,YEAR,143,REGION,PUBLISHED,Alcohol consumption (age 15+),Central Asia,TOTAL,,,
EE6F72ASA_0000001688,SA_0000001688,EE6F72A,SA_0000001688,2007,YEAR,144,COUNTRY,PUBLISHED,Alcohol consumption (age 15+),Sri Lanka,TOTAL,,,
EE6F72ASA_0000001688,SA_0000001688,EE6F72A,SA_0000001688,2007,YEAR,124,COUNTRY,PUBLISHED,Alcohol consumption (age 15+),Canada,TOTAL,,,
EE6F72ASA_0000001688,SA_0000001688,EE6F72A,SA_0000001688,2007,YEAR,132,COUNTRY,PUBLISHED,Alcohol consumption (age 15+),Cabo Verde,TOTAL,,,
EE6F72ASA_0000001688,SA_0000001688,EE6F72A,SA_0000001688,2007,YEAR,150,REGION,PUBLISHED,Alcohol consumption (age 15+),Europe,TOTAL,,,
EE6F72ASA_0000001688,SA_0000001688,EE6F72A,SA_0000001688,2007,YEAR,151,REGION,PUBLISHED,Alcohol consumption (age 15+),Eastern Europe,TOTAL,,,
EE6F72ASA_0000001688,SA_0000001688,EE6F72A,SA_0000001688,2007,YEAR,152,COUNTRY,PUBLISHED,Alcohol consumption (age 15+),Chile,TOTAL,,,
EE6F72ASA_0000001688,SA_0000001688,EE6F72A,SA_0000001688,2007,YEAR,154,REGION,PUBLISHED,Alcohol consumption (age 15+),Northern Europe,TOTAL,,,
EE6F72ASA_0000001688,SA_0000001688,EE6F72A,SA_0000001688,2007,YEAR,145,REGION,PUBLISHED,Alcohol consumption (age 15+),Western Asia,TOTAL,,,
EE6F72ASA_0000001688,SA_0000001688,EE6F72A,SA_0000001688,2007,YEAR,148,COUNTRY,PUBLISHED,Alcohol consumption (age 15+),Chad,TOTAL,,,
EE6F72ASA_0000001688,SA_0000001688,EE6F72A,SA_0000001688,2007,YEAR,170,COUNTRY,PUBLISHED,Alcohol consumption (age 15+),Colombia,TOTAL,,,
EE6F72ASA_0000001688,SA_0000001688,EE6F72A,SA_0000001688,2007,YEAR,174,COUNTRY,PUBLISHED,Alcohol consumption (age 15+),Comoros,TOTAL,,,
EE6F72ASA_0000001688,SA_0000001688,EE6F72A,SA_0000001688,2007,YEAR,178,COUNTRY,PUBLISHED,Alcohol consumption (age 15+),Congo,TOTAL,,,
EE6F72ASA_0000001688,SA_0000001688,EE6F72A,SA_0000001688,2007,YEAR,180,COUNTRY,PUBLISHED,Alcohol consumption (age 15+),Democratic Republic of the Congo,TOTAL,,,
EE6F72ASA_0000001688,SA_0000001688,EE6F72A,SA_0000001688,2007,YEAR,155,REGION,PUBLISHED,Alcohol consumption (age 15+),Western Europe,TOTAL,,,
EE6F72ASA_0000001688,SA_0000001688,EE6F72A,SA_0000001688,2007,YEAR,156,COUNTRY,PUBLISHED,Alcohol consumption (age 15+),China,TOTAL,,,
EE6F72ASA_0000001688,SA_0000001688,EE6F72A,SA_0000001688,2007,YEAR,192,COUNTRY,PUBLISHED,Alcohol consumption (age 15+),Cuba,TOTAL,,,
EE6F72ASA_0000001688,SA_0000001688,EE6F72A,SA_0000001688,2007,YEAR,196,COUNTRY,PUBLISHED,Alcohol consumption (age 15+),Cyprus,TOTAL,,,
EE6F72ASA_0000001688,SA_0000001688,EE6F72A,SA_0000001688,2007,YEAR,199,CLASSIFICATION,PUBLISHED,Alcohol consumption (age 15+),Least developed countries,TOTAL,,,
EE6F72ASA_0000001688,SA_0000001688,EE6F72A,SA_0000001688,2007,YEAR,202,REGION,PUBLISHED,Alcohol consumption (age 15+),Sub-Saharan Africa,TOTAL,,,
EE6F72ASA_0000001688,SA_0000001688,EE6F72A,SA_0000001688,2007,YEAR,188,COUNTRY,PUBLISHED,Alcohol consumption (age 15+),Costa Rica,TOTAL,,,
EE6F72ASA_0000001688,SA_0000001688,EE6F72A,SA_0000001688,2007,YEAR,191,COUNTRY,PUBLISHED,Alcohol consumption (age 15+),Croatia,TOTAL,,,
EE6F72ASA_0000001688,SA_0000001688,EE6F72A,SA_0000001688,2007,YEAR,208,COUNTRY,PUBLISHED,Alcohol consumption (age 15+),Denmark,TOTAL,,,
EE6F72ASA_0000001688,SA_0000001688,EE6F72A,SA_0000001688,2007,YEAR,212,COUNTRY,PUBLISHED,Alcohol consumption (age 15+),Dominica,TOTAL,,,
EE6F72ASA_0000001688,SA_0000001688,EE6F72A,SA_0000001688,2007,YEAR,214,COUNTRY,PUBLISHED,Alcohol consumption (age 15+),Dominican Republic,TOTAL,,,
EE6F72ASA_0000001688,SA_0000001688,EE6F72A,SA_0000001688,2007,YEAR,218,COUNTRY,PUBLISHED,Alcohol consumption (age 15+),Ecuador,TOTAL,,,
EE6F72ASA_0000001688,SA_0000001688,EE6F72A,SA_0000001688,2007,YEAR,203,COUNTRY,PUBLISHED,Alcohol consumption (age 15+),Czechia,TOTAL,,,
EE6F72ASA_0000001688,SA_0000001688,EE6F72A,SA_0000001688,2007,YEAR,204,COUNTRY,PUBLISHED,Alcohol consumption (age 15+),Benin,TOTAL,,,
EE6F72ASA_0000001688,SA_0000001688,EE6F72A,SA_0000001688,2007,YEAR,231,COUNTRY,PUBLISHED,Alcohol consumption (age 15+),Ethiopia,TOTAL,,,
EE6F72ASA_0000001688,SA_0000001688,EE6F72A,SA_0000001688,2007,YEAR,232,COUNTRY,PUBLISHED,Alcohol consumption (age 15+),Eritrea,TOTAL,,,
EE6F72ASA_0000001688,SA_0000001688,EE6F72A,SA_0000001688,2007,YEAR,233,COUNTRY,PUBLISHED,Alcohol consumption (age 15+),Estonia,TOTAL,,,
EE6F72ASA_0000001688,SA_0000001688,EE6F72A,SA_0000001688,2007,YEAR,242,COUNTRY,PUBLISHED,Alcohol consumption (age 15+),Fiji,TOTAL,,,
EE6F72ASA_0000001688,SA_0000001688,EE6F72A,SA_0000001688,2007,YEAR,222,COUNTRY,PUBLISHED,Alcohol consumption (age 15+),El Salvador,TOTAL,,,
EE6F72ASA_0000001688,SA_0000001688,EE6F72A,SA_0000001688,2007,YEAR,226,COUNTRY,PUBLISHED,Alcohol consumption (age 15+),Equatorial Guinea,TOTAL,,,
EE6F72ASA_0000001688,SA_0000001688,EE6F72A,SA_0000001688,2007,YEAR,262,COUNTRY,PUBLISHED,Alcohol consumption (age 15+),Djibouti,TOTAL,,,
EE6F72ASA_0000001688,SA_0000001688,EE6F72A,SA_0000001688,2007,YEAR,266,COUNTRY,PUBLISHED,Alcohol consumption (age 15+),Gabon,TOTAL,,,
EE6F72ASA_0000001688,SA_0000001688,EE6F72A,SA_0000001688,2007,YEAR,268,COUNTRY,PUBLISHED,Alcohol consumption (age 15+),Georgia,TOTAL,,,
EE6F72ASA_0000001688,SA_0000001688,EE6F72A,SA_0000001688,2007,YEAR,270,COUNTRY,PUBLISHED,Alcohol consumption (age 15+),Gambia,TOTAL,,,
EE6F72ASA_0000001688,SA_0000001688,EE6F72A,SA_0000001688,2007,YEAR,246,COUNTRY,PUBLISHED,Alcohol consumption (age 15+),Finland,TOTAL,,,
EE6F72ASA_0000001688,SA_0000001688,EE6F72A,SA_0000001688,2007,YEAR,250,COUNTRY,PUBLISHED,Alcohol consumption (age 15+),France,TOTAL,,,
EE6F72ASA_0000001688,SA_0000001688,EE6F72A,SA_0000001688,2007,YEAR,296,COUNTRY,PUBLISHED,Alcohol consumption (age 15+),Kiribati,TOTAL,,,
EE6F72ASA_0000001688,SA_0000001688,EE6F72A,SA_0000001688,2007,YEAR,300,COUNTRY,PUBLISHED,Alcohol consumption (age 15+),Greece,TOTAL,,,
EE6F72ASA_0000001688,SA_0000001688,EE6F72A,SA_0000001688,2007,YEAR,308,COUNTRY,PUBLISHED,Alcohol consumption (age 15+),Grenada,TOTAL,,,
EE6F72ASA_0000001688,SA_0000001688,EE6F72A,SA_0000001688,2007,YEAR,320,COUNTRY,PUBLISHED,Alcohol consumption (age 15+),Guatemala,TOTAL,,,
EE6F72ASA_0000001688,SA_0000001688,EE6F72A,SA_0000001688,2007,YEAR,276,COUNTRY,PUBLISHED,Alcohol consumption (age 15+),Germany,TOTAL,,,
EE6F72ASA_0000001688,SA_0000001688,EE6F72A,SA_0000001688,2007,YEAR,288,COUNTRY,PUBLISHED,Alcohol consumption (age 15+),Ghana,TOTAL,,,
EE6F72ASA_0000001688,SA_0000001688,EE6F72A,SA_0000001688,2010,YEAR,019,REGION,PUBLISHED,Alcohol consumption (age 15+),Americas,TOTAL,,,
EE6F72ASA_0000001688,SA_0000001688,EE6F72A,SA_0000001688,2010,YEAR,020,COUNTRY,PUBLISHED,Alcohol consumption (age 15+),Andorra,TOTAL,,,
EE6F72ASA_0000001688,SA_0000001688,EE6F72A,SA_0000001688,2010,YEAR,021,REGION,PUBLISHED,Alcohol consumption (age 15+),Northern America,TOTAL,,,
EE6F72ASA_0000001688,SA_0000001688,EE6F72A,SA_0000001688,2010,YEAR,024,COUNTRY,PUBLISHED,Alcohol consumption (age 15+),Angola,TOTAL,,,
EE6F72ASA_0000001688,SA_0000001688,EE6F72A,SA_0000001688,2010,YEAR,017,REGION,PUBLISHED,Alcohol consumption (age 15+),Middle Africa,TOTAL,,,
EE6F72ASA_0000001688,SA_0000001688,EE6F72A,SA_0000001688,2010,YEAR,018,REGION,PUBLISHED,Alcohol consumption (age 15+),Southern Africa,TOTAL,,,
EE6F72ASA_0000001688,SA_0000001688,EE6F72A,SA_0000001688,2010,YEAR,030,REGION,PUBLISHED,Alcohol consumption (age 15+),Eastern Asia,TOTAL,,,
EE6F72ASA_0000001688,SA_0000001688,EE6F72A,SA_0000001688,2010,YEAR,031,COUNTRY,PUBLISHED,Alcohol consumption (age 15+),Azerbaijan,TOTAL,,,
EE6F72ASA_0000001688,SA_0000001688,EE6F72A,SA_0000001688,2010,YEAR,032,COUNTRY,PUBLISHED,Alcohol consumption (age 15+),Argentina,TOTAL,,,
EE6F72ASA_0000001688,SA_0000001688,EE6F72A,SA_0000001688,2010,YEAR,034,REGION,PUBLISHED,Alcohol consumption (age 15+),Southern Asia,TOTAL,,,
EE6F72ASA_0000001688,SA_0000001688,EE6F72A,SA_0000001688,2010,YEAR,028,COUNTRY,PUBLISHED,Alcohol consumption (age 15+),Antigua and Barbuda,TOTAL,,,
EE6F72ASA_0000001688,SA_0000001688,EE6F72A,SA_0000001688,2010,YEAR,029,REGION,PUBLISHED,Alcohol consumption (age 15+),Caribbean,TOTAL,,,
EE6F72ASA_0000001688,SA_0000001688,EE6F72A,SA_0000001688,2010,YEAR,039,REGION,PUBLISHED,Alcohol consumption (age 15+),Southern Europe,TOTAL,,,
EE6F72ASA_0000001688,SA_0000001688,EE6F72A,SA_0000001688,2010,YEAR,040,COUNTRY,PUBLISHED,Alcohol consumption (age 15+),Austria,TOTAL,,,
EE6F72ASA_0000001688,SA_0000001688,EE6F72A,SA_0000001688,2010,YEAR,044,COUNTRY,PUBLISHED,Alcohol consumption (age 15+),Bahamas,TOTAL,,,
EE6F72ASA_0000001688,SA_0000001688,EE6F72A,SA_0000001688,2010,YEAR,048,COUNTRY,PUBLISHED,Alcohol consumption (age 15+),Bahrain,TOTAL,,,
EE6F72ASA_0000001688,SA_0000001688,EE6F72A,SA_0000001688,2010,YEAR,035,REGION,PUBLISHED,Alcohol consumption (age 15+),South-eastern Asia,TOTAL,,,
EE6F72ASA_0000001688,SA_0000001688,EE6F72A,SA_0000001688,2010,YEAR,036,COUNTRY,PUBLISHED,Alcohol consumption (age 15+),Australia,TOTAL,,,
EE6F72ASA_0000001688,SA_0000001688,EE6F72A,SA_0000001688,2010,YEAR,052,COUNTRY,PUBLISHED,Alcohol consumption (age 15+),Barbados,TOTAL,,,
EE6F72ASA_0000001688,SA_0000001688,EE6F72A,SA_0000001688,2010,YEAR,053,REGION,PUBLISHED,Alcohol consumption (age 15+),Australia and New Zealand,TOTAL,,,
EE6F72ASA_0000001688,SA_0000001688,EE6F72A,SA_0000001688,2010,YEAR,054,REGION,PUBLISHED,Alcohol consumption (age 15+),Melanesia,TOTAL,,,
EE6F72ASA_0000001688,SA_0000001688,EE6F72A,SA_0000001688,2010,YEAR,056,COUNTRY,PUBLISHED,Alcohol consumption (age 15+),Belgium,TOTAL,,,
EE6F72ASA_0000001688,SA_0000001688,EE6F72A,SA_0000001688,2010,YEAR,050,COUNTRY,PUBLISHED,Alcohol consumption (age 15+),Bangladesh,TOTAL,,,
EE6F72ASA_0000001688,SA_0000001688,EE6F72A,SA_0000001688,2010,YEAR,051,COUNTRY,PUBLISHED,Alcohol consumption (age 15+),Armenia,TOTAL,,,
EE6F72ASA_0000001688,SA_0000001688,EE6F72A,SA_0000001688,2010,YEAR,062,REGION,PUBLISHED,Alcohol consumption (age 15+),Central and Southern Asia,TOTAL,,,
EE6F72ASA_0000001688,SA_0000001688,EE6F72A,SA_0000001688,2010,YEAR,064,COUNTRY,PUBLISHED,Alcohol consumption (age 15+),Bhutan,TOTAL,,,
EE6F72ASA_0000001688,SA_0000001688,EE6F72A,SA_0000001688,2010,YEAR,068,COUNTRY,PUBLISHED,Alcohol consumption (age 15+),Bolivia (Plurinational State of),TOTAL,,,
EE6F72ASA_0000001688,SA_0000001688,EE6F72A,SA_0000001688,2010,YEAR,070,COUNTRY,PUBLISHED,Alcohol consumption (age 15+),Bosnia and Herzegovina,TOTAL,,,
EE6F72ASA_0000001688,SA_0000001688,EE6F72A,SA_0000001688,2010,YEAR,057,REGION,PUBLISHED,Alcohol consumption (age 15+),Micronesia,TOTAL,,,
EE6F72ASA_0000001688,SA_0000001688,EE6F72A,SA_0000001688,2010,YEAR,061,REGION,PUBLISHED,Alcohol consumption (age 15+),Polynesia,TOTAL,,,
EE6F72ASA_0000001688,SA_0000001688,EE6F72A,SA_0000001688,2010,YEAR,084,COUNTRY,PUBLISHED,Alcohol consumption (age 15+),Belize,TOTAL,,,
EE6F72ASA_0000001688,SA_0000001688,EE6F72A,SA_0000001688,2010,YEAR,090,COUNTRY,PUBLISHED,Alcohol consumption (age 15+),Solomon Islands,TOTAL,,,
EE6F72ASA_0000001688,SA_0000001688,EE6F72A,SA_0000001688,2010,YEAR,096,COUNTRY,PUBLISHED,Alcohol consumption (age 15+),Brunei Darussalam,TOTAL,,,
EE6F72ASA_0000001688,SA_0000001688,EE6F72A,SA_0000001688,2010,YEAR,100,COUNTRY,PUBLISHED,Alcohol consumption (age 15+),Bulgaria,TOTAL,,,
EE6F72ASA_0000001688,SA_0000001688,EE6F72A,SA_0000001688,2010,YEAR,072,COUNTRY,PUBLISHED,Alcohol consumption (age 15+),Botswana,TOTAL,,,
EE6F72ASA_0000001688,SA_0000001688,EE6F72A,SA_0000001688,2010,YEAR,076,COUNTRY,PUBLISHED,Alcohol consumption (age 15+),Brazil,TOTAL,,,
EE6F72ASA_0000001688,SA_0000001688,EE6F72A,SA_0000001688,2010,YEAR,112,COUNTRY,PUBLISHED,Alcohol consumption (age 15+),Belarus,TOTAL,,,
EE6F72ASA_0000001688,SA_0000001688,EE6F72A,SA_0000001688,2010,YEAR,116,COUNTRY,PUBLISHED,Alcohol consumption (age 15+),Cambodia,TOTAL,,,
EE6F72ASA_0000001688,SA_0000001688,EE6F72A,SA_0000001688,2010,YEAR,120,COUNTRY,PUBLISHED,Alcohol consumption (age 15+),Cameroon,TOTAL,,,
EE6F72ASA_0000001688,SA_0000001688,EE6F72A,SA_0000001688,2010,YEAR,124,COUNTRY,PUBLISHED,Alcohol consumption (age 15+),Canada,TOTAL,,,
EE6F72ASA_0000001688,SA_0000001688,EE6F72A,SA_0000001688,2010,YEAR,104,COUNTRY,PUBLISHED,Alcohol consumption (age 15+),Myanmar,TOTAL,,,
EE6F72ASA_0000001688,SA_0000001688,EE6F72A,SA_0000001688,2010,YEAR,108,COUNTRY,PUBLISHED,Alcohol consumption (age 15+),Burundi,TOTAL,,,
EE6F72ASA_0000001688,SA_0000001688,EE6F72A,SA_0000001688,2010,YEAR,142,REGION,PUBLISHED,Alcohol consumption (age 15+),Asia,TOTAL,,,
EE6F72ASA_0000001688,SA_0000001688,EE6F72A,SA_0000001688,2010,YEAR,143,REGION,PUBLISHED,Alcohol consumption (age 15+),Central Asia,TOTAL,,,
EE6F72ASA_0000001688,SA_0000001688,EE6F72A,SA_0000001688,2010,YEAR,144,COUNTRY,PUBLISHED,Alcohol consumption (age 15+),Sri Lanka,TOTAL,,,
EE6F72ASA_0000001688,SA_0000001688,EE6F72A,SA_0000001688,2010,YEAR,145,REGION,PUBLISHED,Alcohol consumption (age 15+),Western Asia,TOTAL,,,
EE6F72ASA_0000001688,SA_0000001688,EE6F72A,SA_0000001688,2010,YEAR,132,COUNTRY,PUBLISHED,Alcohol consumption (age 15+),Cabo Verde,TOTAL,,,
EE6F72ASA_0000001688,SA_0000001688,EE6F72A,SA_0000001688,2010,YEAR,140,COUNTRY,PUBLISHED,Alcohol consumption (age 15+),Central African Republic,TOTAL,,,
EE6F72ASA_0000001688,SA_0000001688,EE6F72A,SA_0000001688,2010,YEAR,151,REGION,PUBLISHED,Alcohol consumption (age 15+),Eastern Europe,TOTAL,,,
EE6F72ASA_0000001688,SA_0000001688,EE6F72A,SA_0000001688,2010,YEAR,152,COUNTRY,PUBLISHED,Alcohol consumption (age 15+),Chile,TOTAL,,,
EE6F72ASA_0000001688,SA_0000001688,EE6F72A,SA_0000001688,2010,YEAR,154,REGION,PUBLISHED,Alcohol consumption (age 15+),Northern Europe,TOTAL,,,
EE6F72ASA_0000001688,SA_0000001688,EE6F72A,SA_0000001688,2010,YEAR,155,REGION,PUBLISHED,Alcohol consumption (age 15+),Western Europe,TOTAL,,,
EE6F72ASA_0000001688,SA_0000001688,EE6F72A,SA_0000001688,2010,YEAR,148,COUNTRY,PUBLISHED,Alcohol consumption (age 15+),Chad,TOTAL,,,
EE6F72ASA_0000001688,SA_0000001688,EE6F72A,SA_0000001688,2010,YEAR,150,REGION,PUBLISHED,Alcohol consumption (age 15+),Europe,TOTAL,,,
EE6F72ASA_0000001688,SA_0000001688,EE6F72A,SA_0000001688,2010,YEAR,174,COUNTRY,PUBLISHED,Alcohol consumption (age 15+),Comoros,TOTAL,,,
EE6F72ASA_0000001688,SA_0000001688,EE6F72A,SA_0000001688,2010,YEAR,178,COUNTRY,PUBLISHED,Alcohol consumption (age 15+),Congo,TOTAL,,,
EE6F72ASA_0000001688,SA_0000001688,EE6F72A,SA_0000001688,2010,YEAR,180,COUNTRY,PUBLISHED,Alcohol consumption (age 15+),Democratic Republic of the Congo,TOTAL,,,
EE6F72ASA_0000001688,SA_0000001688,EE6F72A,SA_0000001688,2010,YEAR,188,COUNTRY,PUBLISHED,Alcohol consumption (age 15+),Costa Rica,TOTAL,,,
EE6F72ASA_0000001688,SA_0000001688,EE6F72A,SA_0000001688,2010,YEAR,156,COUNTRY,PUBLISHED,Alcohol consumption (age 15+),China,TOTAL,,,
EE6F72ASA_0000001688,SA_0000001688,EE6F72A,SA_0000001688,2010,YEAR,170,COUNTRY,PUBLISHED,Alcohol consumption (age 15+),Colombia,TOTAL,,,
EE6F72ASA_0000001688,SA_0000001688,EE6F72A,SA_0000001688,2010,YEAR,196,COUNTRY,PUBLISHED,Alcohol consumption (age 15+),Cyprus,TOTAL,,,
EE6F72ASA_0000001688,SA_0000001688,EE6F72A,SA_0000001688,2010,YEAR,199,CLASSIFICATION,PUBLISHED,Alcohol consumption (age 15+),Least developed countries,TOTAL,,,
EE6F72ASA_0000001688,SA_0000001688,EE6F72A,SA_0000001688,2010,YEAR,202,REGION,PUBLISHED,Alcohol consumption (age 15+),Sub-Saharan Africa,TOTAL,,,
EE6F72ASA_0000001688,SA_0000001688,EE6F72A,SA_0000001688,2010,YEAR,203,COUNTRY,PUBLISHED,Alcohol consumption (age 15+),Czechia,TOTAL,,,
EE6F72ASA_0000001688,SA_0000001688,EE6F72A,SA_0000001688,2010,YEAR,191,COUNTRY,PUBLISHED,Alcohol consumption (age 15+),Croatia,TOTAL,,,
EE6F72ASA_0000001688,SA_0000001688,EE6F72A,SA_0000001688,2010,YEAR,192,COUNTRY,PUBLISHED,Alcohol consumption (age 15+),Cuba,TOTAL,,,
EE6F72ASA_0000001688,SA_0000001688,EE6F72A,SA_0000001688,2010,YEAR,212,COUNTRY,PUBLISHED,Alcohol consumption (age 15+),Dominica,TOTAL,,,
EE6F72ASA_0000001688,SA_0000001688,EE6F72A,SA_0000001688,2010,YEAR,214,COUNTRY,PUBLISHED,Alcohol consumption (age 15+),Dominican Republic,TOTAL,,,
EE6F72ASA_0000001688,SA_0000001688,EE6F72A,SA_0000001688,2010,YEAR,218,COUNTRY,PUBLISHED,Alcohol consumption (age 15+),Ecuador,TOTAL,,,
EE6F72ASA_0000001688,SA_0000001688,EE6F72A,SA_0000001688,2010,YEAR,222,COUNTRY,PUBLISHED,Alcohol consumption (age 15+),El Salvador,TOTAL,,,
EE6F72ASA_0000001688,SA_0000001688,EE6F72A,SA_0000001688,2010,YEAR,204,COUNTRY,PUBLISHED,Alcohol consumption (age 15+),Benin,TOTAL,,,
EE6F72ASA_0000001688,SA_0000001688,EE6F72A,SA_0000001688,2010,YEAR,208,COUNTRY,PUBLISHED,Alcohol consumption (age 15+),Denmark,TOTAL,,,
EE6F72ASA_0000001688,SA_0000001688,EE6F72A,SA_0000001688,2010,YEAR,232,COUNTRY,PUBLISHED,Alcohol consumption (age 15+),Eritrea,TOTAL,,,
EE6F72ASA_0000001688,SA_0000001688,EE6F72A,SA_0000001688,2010,YEAR,233,COUNTRY,PUBLISHED,Alcohol consumption (age 15+),Estonia,TOTAL,,,
EE6F72ASA_0000001688,SA_0000001688,EE6F72A,SA_0000001688,2010,YEAR,242,COUNTRY,PUBLISHED,Alcohol consumption (age 15+),Fiji,TOTAL,,,
EE6F72ASA_0000001688,SA_0000001688,EE6F72A,SA_0000001688,2010,YEAR,246,COUNTRY,PUBLISHED,Alcohol consumption (age 15+),Finland,TOTAL,,,
EE6F72ASA_0000001688,SA_0000001688,EE6F72A,SA_0000001688,2010,YEAR,226,COUNTRY,PUBLISHED,Alcohol consumption (age 15+),Equatorial Guinea,TOTAL,,,
EE6F72ASA_0000001688,SA_0000001688,EE6F72A,SA_0000001688,2010,YEAR,231,COUNTRY,PUBLISHED,Alcohol consumption (age 15+),Ethiopia,TOTAL,,,
EE6F72ASA_0000001688,SA_0000001688,EE6F72A,SA_0000001688,2010,YEAR,266,COUNTRY,PUBLISHED,Alcohol consumption (age 15+),Gabon,TOTAL,,,
EE6F72ASA_0000001688,SA_0000001688,EE6F72A,SA_0000001688,2010,YEAR,268,COUNTRY,PUBLISHED,Alcohol consumption (age 15+),Georgia,TOTAL,,,
EE6F72ASA_0000001688,SA_0000001688,EE6F72A,SA_0000001688,2010,YEAR,270,COUNTRY,PUBLISHED,Alcohol consumption (age 15+),Gambia,TOTAL,,,
EE6F72ASA_0000001688,SA_0000001688,EE6F72A,SA_0000001688,2010,YEAR,276,COUNTRY,PUBLISHED,Alcohol consumption (age 15+),Germany,TOTAL,,,
EE6F72ASA_0000001688,SA_0000001688,EE6F72A,SA_0000001688,2010,YEAR,250,COUNTRY,PUBLISHED,Alcohol consumption (age 15+),France,TOTAL,,,
EE6F72ASA_0000001688,SA_0000001688,EE6F72A,SA_0000001688,2010,YEAR,262,COUNTRY,PUBLISHED,Alcohol consumption (age 15+),Djibouti,TOTAL,,,
EE6F72ASA_0000001688,SA_0000001688,EE6F72A,SA_0000001688,2010,YEAR,300,COUNTRY,PUBLISHED,Alcohol consumption (age 15+),Greece,TOTAL,,,
EE6F72ASA_0000001688,SA_0000001688,EE6F72A,SA_0000001688,2010,YEAR,308,COUNTRY,PUBLISHED,Alcohol consumption (age 15+),Grenada,TOTAL,,,
EE6F72ASA_0000001688,SA_0000001688,EE6F72A,SA_0000001688,2001,YEAR,020,COUNTRY,PUBLISHED,Alcohol consumption (age 15+),Andorra,TOTAL,,,
EE6F72ASA_0000001688,SA_0000001688,EE6F72A,SA_0000001688,2001,YEAR,021,REGION,PUBLISHED,Alcohol consumption (age 15+),Northern America,TOTAL,,,
EE6F72ASA_0000001688,SA_0000001688,EE6F72A,SA_0000001688,2010,YEAR,288,COUNTRY,PUBLISHED,Alcohol consumption (age 15+),Ghana,TOTAL,,,
EE6F72ASA_0000001688,SA_0000001688,EE6F72A,SA_0000001688,2010,YEAR,296,COUNTRY,PUBLISHED,Alcohol consumption (age 15+),Kiribati,TOTAL,,,
EE6F72ASA_0000001688,SA_0000001688,EE6F72A,SA_0000001688,2001,YEAR,029,REGION,PUBLISHED,Alcohol consumption (age 15+),Caribbean,TOTAL,,,
EE6F72ASA_0000001688,SA_0000001688,EE6F72A,SA_0000001688,2001,YEAR,030,REGION,PUBLISHED,Alcohol consumption (age 15+),Eastern Asia,TOTAL,,,
EE6F72ASA_0000001688,SA_0000001688,EE6F72A,SA_0000001688,2001,YEAR,031,COUNTRY,PUBLISHED,Alcohol consumption (age 15+),Azerbaijan,TOTAL,,,
EE6F72ASA_0000001688,SA_0000001688,EE6F72A,SA_0000001688,2001,YEAR,032,COUNTRY,PUBLISHED,Alcohol consumption (age 15+),Argentina,TOTAL,,,
EE6F72ASA_0000001688,SA_0000001688,EE6F72A,SA_0000001688,2001,YEAR,024,COUNTRY,PUBLISHED,Alcohol consumption (age 15+),Angola,TOTAL,,,
EE6F72ASA_0000001688,SA_0000001688,EE6F72A,SA_0000001688,2001,YEAR,028,COUNTRY,PUBLISHED,Alcohol consumption (age 15+),Antigua and Barbuda,TOTAL,,,
EE6F72ASA_0000001688,SA_0000001688,EE6F72A,SA_0000001688,2001,YEAR,036,COUNTRY,PUBLISHED,Alcohol consumption (age 15+),Australia,TOTAL,,,
EE6F72ASA_0000001688,SA_0000001688,EE6F72A,SA_0000001688,2001,YEAR,039,REGION,PUBLISHED,Alcohol consumption (age 15+),Southern Europe,TOTAL,,,
EE6F72ASA_0000001688,SA_0000001688,EE6F72A,SA_0000001688,2001,YEAR,040,COUNTRY,PUBLISHED,Alcohol consumption (age 15+),Austria,TOTAL,,,
EE6F72ASA_0000001688,SA_0000001688,EE6F72A,SA_0000001688,2001,YEAR,044,COUNTRY,PUBLISHED,Alcohol consumption (age 15+),Bahamas,TOTAL,,,
EE6F72ASA_0000001688,SA_0000001688,EE6F72A,SA_0000001688,2001,YEAR,034,REGION,PUBLISHED,Alcohol consumption (age 15+),Southern Asia,TOTAL,,,
EE6F72ASA_0000001688,SA_0000001688,EE6F72A,SA_0000001688,2001,YEAR,035,REGION,PUBLISHED,Alcohol consumption (age 15+),South-eastern Asia,TOTAL,,,
EE6F72ASA_0000001688,SA_0000001688,EE6F72A,SA_0000001688,2001,YEAR,051,COUNTRY,PUBLISHED,Alcohol consumption (age 15+),Armenia,TOTAL,,,
EE6F72ASA_0000001688,SA_0000001688,EE6F72A,SA_0000001688,2001,YEAR,052,COUNTRY,PUBLISHED,Alcohol consumption (age 15+),Barbados,TOTAL,,,
EE6F72ASA_0000001688,SA_0000001688,EE6F72A,SA_0000001688,2001,YEAR,053,REGION,PUBLISHED,Alcohol consumption (age 15+),Australia and New Zealand,TOTAL,,,
EE6F72ASA_0000001688,SA_0000001688,EE6F72A,SA_0000001688,2001,YEAR,054,REGION,PUBLISHED,Alcohol consumption (age 15+),Melanesia,TOTAL,,,
EE6F72ASA_0000001688,SA_0000001688,EE6F72A,SA_0000001688,2001,YEAR,048,COUNTRY,PUBLISHED,Alcohol consumption (age 15+),Bahrain,TOTAL,,,
EE6F72ASA_0000001688,SA_0000001688,EE6F72A,SA_0000001688,2001,YEAR,050,COUNTRY,PUBLISHED,Alcohol consumption (age 15+),Bangladesh,TOTAL,,,
EE6F72ASA_0000001688,SA_0000001688,EE6F72A,SA_0000001688,2001,YEAR,061,REGION,PUBLISHED,Alcohol consumption (age 15+),Polynesia,TOTAL,,,
EE6F72ASA_0000001688,SA_0000001688,EE6F72A,SA_0000001688,2001,YEAR,062,REGION,PUBLISHED,Alcohol consumption (age 15+),Central and Southern Asia,TOTAL,,,
EE6F72ASA_0000001688,SA_0000001688,EE6F72A,SA_0000001688,2001,YEAR,064,COUNTRY,PUBLISHED,Alcohol consumption (age 15+),Bhutan,TOTAL,,,
EE6F72ASA_0000001688,SA_0000001688,EE6F72A,SA_0000001688,2001,YEAR,068,COUNTRY,PUBLISHED,Alcohol consumption (age 15+),Bolivia (Plurinational State of),TOTAL,,,
EE6F72ASA_0000001688,SA_0000001688,EE6F72A,SA_0000001688,2001,YEAR,056,COUNTRY,PUBLISHED,Alcohol consumption (age 15+),Belgium,TOTAL,,,
EE6F72ASA_0000001688,SA_0000001688,EE6F72A,SA_0000001688,2001,YEAR,057,REGION,PUBLISHED,Alcohol consumption (age 15+),Micronesia,TOTAL,,,
EE6F72ASA_0000001688,SA_0000001688,EE6F72A,SA_0000001688,2001,YEAR,076,COUNTRY,PUBLISHED,Alcohol consumption (age 15+),Brazil,TOTAL,,,
EE6F72ASA_0000001688,SA_0000001688,EE6F72A,SA_0000001688,2001,YEAR,084,COUNTRY,PUBLISHED,Alcohol consumption (age 15+),Belize,TOTAL,,,
EE6F72ASA_0000001688,SA_0000001688,EE6F72A,SA_0000001688,2001,YEAR,090,COUNTRY,PUBLISHED,Alcohol consumption (age 15+),Solomon Islands,TOTAL,,,
EE6F72ASA_0000001688,SA_0000001688,EE6F72A,SA_0000001688,2001,YEAR,096,COUNTRY,PUBLISHED,Alcohol consumption (age 15+),Brunei Darussalam,TOTAL,,,
EE6F72ASA_0000001688,SA_0000001688,EE6F72A,SA_0000001688,2001,YEAR,070,COUNTRY,PUBLISHED,Alcohol consumption (age 15+),Bosnia and Herzegovina,TOTAL,,,
EE6F72ASA_0000001688,SA_0000001688,EE6F72A,SA_0000001688,2001,YEAR,072,COUNTRY,PUBLISHED,Alcohol consumption (age 15+),Botswana,TOTAL,,,
EE6F72ASA_0000001688,SA_0000001688,EE6F72A,SA_0000001688,2001,YEAR,108,COUNTRY,PUBLISHED,Alcohol consumption (age 15+),Burundi,TOTAL,,,
EE6F72ASA_0000001688,SA_0000001688,EE6F72A,SA_0000001688,2001,YEAR,112,COUNTRY,PUBLISHED,Alcohol consumption (age 15+),Belarus,TOTAL,,,
EE6F72ASA_0000001688,SA_0000001688,EE6F72A,SA_0000001688,2001,YEAR,116,COUNTRY,PUBLISHED,Alcohol consumption (age 15+),Cambodia,TOTAL,,,
EE6F72ASA_0000001688,SA_0000001688,EE6F72A,SA_0000001688,2001,YEAR,120,COUNTRY,PUBLISHED,Alcohol consumption (age 15+),Cameroon,TOTAL,,,
EE6F72ASA_0000001688,SA_0000001688,EE6F72A,SA_0000001688,2001,YEAR,100,COUNTRY,PUBLISHED,Alcohol consumption (age 15+),Bulgaria,TOTAL,,,
EE6F72ASA_0000001688,SA_0000001688,EE6F72A,SA_0000001688,2001,YEAR,104,COUNTRY,PUBLISHED,Alcohol consumption (age 15+),Myanmar,TOTAL,,,
EE6F72ASA_0000001688,SA_0000001688,EE6F72A,SA_0000001688,2001,YEAR,140,COUNTRY,PUBLISHED,Alcohol consumption (age 15+),Central African Republic,TOTAL,,,
EE6F72ASA_0000001688,SA_0000001688,EE6F72A,SA_0000001688,2001,YEAR,142,REGION,PUBLISHED,Alcohol consumption (age 15+),Asia,TOTAL,,,
EE6F72ASA_0000001688,SA_0000001688,EE6F72A,SA_0000001688,2001,YEAR,143,REGION,PUBLISHED,Alcohol consumption (age 15+),Central Asia,TOTAL,,,
EE6F72ASA_0000001688,SA_0000001688,EE6F72A,SA_0000001688,2001,YEAR,144,COUNTRY,PUBLISHED,Alcohol consumption (age 15+),Sri Lanka,TOTAL,,,
EE6F72ASA_0000001688,SA_0000001688,EE6F72A,SA_0000001688,2001,YEAR,124,COUNTRY,PUBLISHED,Alcohol consumption (age 15+),Canada,TOTAL,,,
EE6F72ASA_0000001688,SA_0000001688,EE6F72A,SA_0000001688,2001,YEAR,132,COUNTRY,PUBLISHED,Alcohol consumption (age 15+),Cabo Verde,TOTAL,,,
EE6F72ASA_0000001688,SA_0000001688,EE6F72A,SA_0000001688,2001,YEAR,150,REGION,PUBLISHED,Alcohol consumption (age 15+),Europe,TOTAL,,,
EE6F72ASA_0000001688,SA_0000001688,EE6F72A,SA_0000001688,2001,YEAR,151,REGION,PUBLISHED,Alcohol consumption (age 15+),Eastern Europe,TOTAL,,,
EE6F72ASA_0000001688,SA_0000001688,EE6F72A,SA_0000001688,2001,YEAR,152,COUNTRY,PUBLISHED,Alcohol consumption (age 15+),Chile,TOTAL,,,
EE6F72ASA_0000001688,SA_0000001688,EE6F72A,SA_0000001688,2001,YEAR,154,REGION,PUBLISHED,Alcohol consumption (age 15+),Northern Europe,TOTAL,,,
EE6F72ASA_0000001688,SA_0000001688,EE6F72A,SA_0000001688,2001,YEAR,145,REGION,PUBLISHED,Alcohol consumption (age 15+),Western Asia,TOTAL,,,
EE6F72ASA_0000001688,SA_0000001688,EE6F72A,SA_0000001688,2001,YEAR,148,COUNTRY,PUBLISHED,Alcohol consumption (age 15+),Chad,TOTAL,,,
EE6F72ASA_0000001688,SA_0000001688,EE6F72A,SA_0000001688,2001,YEAR,170,COUNTRY,PUBLISHED,Alcohol consumption (age 15+),Colombia,TOTAL,,,
EE6F72ASA_0000001688,SA_0000001688,EE6F72A,SA_0000001688,2001,YEAR,174,COUNTRY,PUBLISHED,Alcohol consumption (age 15+),Comoros,TOTAL,,,
EE6F72ASA_0000001688,SA_0000001688,EE6F72A,SA_0000001688,2001,YEAR,178,COUNTRY,PUBLISHED,Alcohol consumption (age 15+),Congo,TOTAL,,,
EE6F72ASA_0000001688,SA_0000001688,EE6F72A,SA_0000001688,2001,YEAR,180,COUNTRY,PUBLISHED,Alcohol consumption (age 15+),Democratic Republic of the Congo,TOTAL,,,
EE6F72ASA_0000001688,SA_0000001688,EE6F72A,SA_0000001688,2001,YEAR,155,REGION,PUBLISHED,Alcohol consumption (age 15+),Western Europe,TOTAL,,,
EE6F72ASA_0000001688,SA_0000001688,EE6F72A,SA_0000001688,2001,YEAR,156,COUNTRY,PUBLISHED,Alcohol consumption (age 15+),China,TOTAL,,,
EE6F72ASA_0000001688,SA_0000001688,EE6F72A,SA_0000001688,2001,YEAR,192,COUNTRY,PUBLISHED,Alcohol consumption (age 15+),Cuba,TOTAL,,,
EE6F72ASA_0000001688,SA_0000001688,EE6F72A,SA_0000001688,2001,YEAR,196,COUNTRY,PUBLISHED,Alcohol consumption (age 15+),Cyprus,TOTAL,,,
EE6F72ASA_0000001688,SA_0000001688,EE6F72A,SA_0000001688,2001,YEAR,199,CLASSIFICATION,PUBLISHED,Alcohol consumption (age 15+),Least developed countries,TOTAL,,,
EE6F72ASA_0000001688,SA_0000001688,EE6F72A,SA_0000001688,2001,YEAR,202,REGION,PUBLISHED,Alcohol consumption (age 15+),Sub-Saharan Africa,TOTAL,,,
EE6F72ASA_0000001688,SA_0000001688,EE6F72A,SA_0000001688,2001,YEAR,188,COUNTRY,PUBLISHED,Alcohol consumption (age 15+),Costa Rica,TOTAL,,,
EE6F72ASA_0000001688,SA_0000001688,EE6F72A,SA_0000001688,2001,YEAR,191,COUNTRY,PUBLISHED,Alcohol consumption (age 15+),Croatia,TOTAL,,,
EE6F72ASA_0000001688,SA_0000001688,EE6F72A,SA_0000001688,2001,YEAR,208,COUNTRY,PUBLISHED,Alcohol consumption (age 15+),Denmark,TOTAL,,,
EE6F72ASA_0000001688,SA_0000001688,EE6F72A,SA_0000001688,2001,YEAR,212,COUNTRY,PUBLISHED,Alcohol consumption (age 15+),Dominica,TOTAL,,,
EE6F72ASA_0000001688,SA_0000001688,EE6F72A,SA_0000001688,2001,YEAR,214,COUNTRY,PUBLISHED,Alcohol consumption (age 15+),Dominican Republic,TOTAL,,,
EE6F72ASA_0000001688,SA_0000001688,EE6F72A,SA_0000001688,2001,YEAR,218,COUNTRY,PUBLISHED,Alcohol consumption (age 15+),Ecuador,TOTAL,,,
EE6F72ASA_0000001688,SA_0000001688,EE6F72A,SA_0000001688,2001,YEAR,203,COUNTRY,PUBLISHED,Alcohol consumption (age 15+),Czechia,TOTAL,,,
EE6F72ASA_0000001688,SA_0000001688,EE6F72A,SA_0000001688,2001,YEAR,204,COUNTRY,PUBLISHED,Alcohol consumption (age 15+),Benin,TOTAL,,,
EE6F72ASA_0000001688,SA_0000001688,EE6F72A,SA_0000001688,2001,YEAR,231,COUNTRY,PUBLISHED,Alcohol consumption (age 15+),Ethiopia,TOTAL,,,
EE6F72ASA_0000001688,SA_0000001688,EE6F72A,SA_0000001688,2001,YEAR,232,COUNTRY,PUBLISHED,Alcohol consumption (age 15+),Eritrea,TOTAL,,,
EE6F72ASA_0000001688,SA_0000001688,EE6F72A,SA_0000001688,2001,YEAR,233,COUNTRY,PUBLISHED,Alcohol consumption (age 15+),Estonia,TOTAL,,,
EE6F72ASA_0000001688,SA_0000001688,EE6F72A,SA_0000001688,2001,YEAR,242,COUNTRY,PUBLISHED,Alcohol consumption (age 15+),Fiji,TOTAL,,,
EE6F72ASA_0000001688,SA_0000001688,EE6F72A,SA_0000001688,2001,YEAR,222,COUNTRY,PUBLISHED,Alcohol consumption (age 15+),El Salvador,TOTAL,,,
EE6F72ASA_0000001688,SA_0000001688,EE6F72A,SA_0000001688,2001,YEAR,226,COUNTRY,PUBLISHED,Alcohol consumption (age 15+),Equatorial Guinea,TOTAL,,,
EE6F72ASA_0000001688,SA_0000001688,EE6F72A,SA_0000001688,2001,YEAR,262,COUNTRY,PUBLISHED,Alcohol consumption (age 15+),Djibouti,TOTAL,,,
EE6F72ASA_0000001688,SA_0000001688,EE6F72A,SA_0000001688,2001,YEAR,266,COUNTRY,PUBLISHED,Alcohol consumption (age 15+),Gabon,TOTAL,,,
EE6F72ASA_0000001688,SA_0000001688,EE6F72A,SA_0000001688,2001,YEAR,268,COUNTRY,PUBLISHED,Alcohol consumption (age 15+),Georgia,TOTAL,,,
EE6F72ASA_0000001688,SA_0000001688,EE6F72A,SA_0000001688,2001,YEAR,270,COUNTRY,PUBLISHED,Alcohol consumption (age 15+),Gambia,TOTAL,,,
EE6F72ASA_0000001688,SA_0000001688,EE6F72A,SA_0000001688,2001,YEAR,246,COUNTRY,PUBLISHED,Alcohol consumption (age 15+),Finland,TOTAL,,,
EE6F72ASA_0000001688,SA_0000001688,EE6F72A,SA_0000001688,2001,YEAR,250,COUNTRY,PUBLISHED,Alcohol consumption (age 15+),France,TOTAL,,,
EE6F72ASA_0000001688,SA_0000001688,EE6F72A,SA_0000001688,2001,YEAR,296,COUNTRY,PUBLISHED,Alcohol consumption (age 15+),Kiribati,TOTAL,,,
EE6F72ASA_0000001688,SA_0000001688,EE6F72A,SA_0000001688,2001,YEAR,300,COUNTRY,PUBLISHED,Alcohol consumption (age 15+),Greece,TOTAL,,,
EE6F72ASA_0000001688,SA_0000001688,EE6F72A,SA_0000001688,2001,YEAR,308,COUNTRY,PUBLISHED,Alcohol consumption (age 15+),Grenada,TOTAL,,,
EE6F72ASA_0000001688,SA_0000001688,EE6F72A,SA_0000001688,2001,YEAR,320,COUNTRY,PUBLISHED,Alcohol consumption (age 15+),Guatemala,TOTAL,,,
EE6F72ASA_0000001688,SA_0000001688,EE6F72A,SA_0000001688,2001,YEAR,276,COUNTRY,PUBLISHED,Alcohol consumption (age 15+),Germany,TOTAL,,,
EE6F72ASA_0000001688,SA_0000001688,EE6F72A,SA_0000001688,2001,YEAR,288,COUNTRY,PUBLISHED,Alcohol consumption (age 15+),Ghana,TOTAL,,,
EE6F72ASA_0000001688,SA_0000001688,EE6F72A,SA_0000001688,2004,YEAR,019,REGION,PUBLISHED,Alcohol consumption (age 15+),Americas,TOTAL,,,
EE6F72ASA_0000001688,SA_0000001688,EE6F72A,SA_0000001688,2004,YEAR,020,COUNTRY,PUBLISHED,Alcohol consumption (age 15+),Andorra,TOTAL,,,
EE6F72ASA_0000001688,SA_0000001688,EE6F72A,SA_0000001688,2004,YEAR,021,REGION,PUBLISHED,Alcohol consumption (age 15+),Northern America,TOTAL,,,
EE6F72ASA_0000001688,SA_0000001688,EE6F72A,SA_0000001688,2004,YEAR,024,COUNTRY,PUBLISHED,Alcohol consumption (age 15+),Angola,TOTAL,,,
EE6F72ASA_0000001688,SA_0000001688,EE6F72A,SA_0000001688,2001,YEAR,324,COUNTRY,PUBLISHED,Alcohol consumption (age 15+),Guinea,TOTAL,,,
EE6F72ASA_0000001688,SA_0000001688,EE6F72A,SA_0000001688,2001,YEAR,328,COUNTRY,PUBLISHED,Alcohol consumption (age 15+),Guyana,TOTAL,,,
EE6F72ASA_0000001688,SA_0000001688,EE6F72A,SA_0000001688,2004,YEAR,030,REGION,PUBLISHED,Alcohol consumption (age 15+),Eastern Asia,TOTAL,,,
EE6F72ASA_0000001688,SA_0000001688,EE6F72A,SA_0000001688,2004,YEAR,031,COUNTRY,PUBLISHED,Alcohol consumption (age 15+),Azerbaijan,TOTAL,,,
EE6F72ASA_0000001688,SA_0000001688,EE6F72A,SA_0000001688,2004,YEAR,032,COUNTRY,PUBLISHED,Alcohol consumption (age 15+),Argentina,TOTAL,,,
EE6F72ASA_0000001688,SA_0000001688,EE6F72A,SA_0000001688,2004,YEAR,034,REGION,PUBLISHED,Alcohol consumption (age 15+),Southern Asia,TOTAL,,,
EE6F72ASA_0000001688,SA_0000001688,EE6F72A,SA_0000001688,2004,YEAR,028,COUNTRY,PUBLISHED,Alcohol consumption (age 15+),Antigua and Barbuda,TOTAL,,,
EE6F72ASA_0000001688,SA_0000001688,EE6F72A,SA_0000001688,2004,YEAR,029,REGION,PUBLISHED,Alcohol consumption (age 15+),Caribbean,TOTAL,,,
EE6F72ASA_0000001688,SA_0000001688,EE6F72A,SA_0000001688,2004,YEAR,039,REGION,PUBLISHED,Alcohol consumption (age 15+),Southern Europe,TOTAL,,,
EE6F72ASA_0000001688,SA_0000001688,EE6F72A,SA_0000001688,2004,YEAR,040,COUNTRY,PUBLISHED,Alcohol consumption (age 15+),Austria,TOTAL,,,
EE6F72ASA_0000001688,SA_0000001688,EE6F72A,SA_0000001688,2004,YEAR,044,COUNTRY,PUBLISHED,Alcohol consumption (age 15+),Bahamas,TOTAL,,,
EE6F72ASA_0000001688,SA_0000001688,EE6F72A,SA_0000001688,2004,YEAR,048,COUNTRY,PUBLISHED,Alcohol consumption (age 15+),Bahrain,TOTAL,,,
EE6F72ASA_0000001688,SA_0000001688,EE6F72A,SA_0000001688,2004,YEAR,035,REGION,PUBLISHED,Alcohol consumption (age 15+),South-eastern Asia,TOTAL,,,
EE6F72ASA_0000001688,SA_0000001688,EE6F72A,SA_0000001688,2004,YEAR,036,COUNTRY,PUBLISHED,Alcohol consumption (age 15+),Australia,TOTAL,,,
EE6F72ASA_0000001688,SA_0000001688,EE6F72A,SA_0000001688,2004,YEAR,052,COUNTRY,PUBLISHED,Alcohol consumption (age 15+),Barbados,TOTAL,,,
EE6F72ASA_0000001688,SA_0000001688,EE6F72A,SA_0000001688,2004,YEAR,053,REGION,PUBLISHED,Alcohol consumption (age 15+),Australia and New Zealand,TOTAL,,,
EE6F72ASA_0000001688,SA_0000001688,EE6F72A,SA_0000001688,2004,YEAR,054,REGION,PUBLISHED,Alcohol consumption (age 15+),Melanesia,TOTAL,,,
EE6F72ASA_0000001688,SA_0000001688,EE6F72A,SA_0000001688,2004,YEAR,056,COUNTRY,PUBLISHED,Alcohol consumption (age 15+),Belgium,TOTAL,,,
EE6F72ASA_0000001688,SA_0000001688,EE6F72A,SA_0000001688,2004,YEAR,050,COUNTRY,PUBLISHED,Alcohol consumption (age 15+),Bangladesh,TOTAL,,,
EE6F72ASA_0000001688,SA_0000001688,EE6F72A,SA_0000001688,2004,YEAR,051,COUNTRY,PUBLISHED,Alcohol consumption (age 15+),Armenia,TOTAL,,,
EE6F72ASA_0000001688,SA_0000001688,EE6F72A,SA_0000001688,2004,YEAR,062,REGION,PUBLISHED,Alcohol consumption (age 15+),Central and Southern Asia,TOTAL,,,
EE6F72ASA_0000001688,SA_0000001688,EE6F72A,SA_0000001688,2004,YEAR,064,COUNTRY,PUBLISHED,Alcohol consumption (age 15+),Bhutan,TOTAL,,,
EE6F72ASA_0000001688,SA_0000001688,EE6F72A,SA_0000001688,2004,YEAR,068,COUNTRY,PUBLISHED,Alcohol consumption (age 15+),Bolivia (Plurinational State of),TOTAL,,,
EE6F72ASA_0000001688,SA_0000001688,EE6F72A,SA_0000001688,2004,YEAR,070,COUNTRY,PUBLISHED,Alcohol consumption (age 15+),Bosnia and Herzegovina,TOTAL,,,
EE6F72ASA_0000001688,SA_0000001688,EE6F72A,SA_0000001688,2004,YEAR,057,REGION,PUBLISHED,Alcohol consumption (age 15+),Micronesia,TOTAL,,,
EE6F72ASA_0000001688,SA_0000001688,EE6F72A,SA_0000001688,2004,YEAR,061,REGION,PUBLISHED,Alcohol consumption (age 15+),Polynesia,TOTAL,,,
EE6F72ASA_0000001688,SA_0000001688,EE6F72A,SA_0000001688,2004,YEAR,084,COUNTRY,PUBLISHED,Alcohol consumption (age 15+),Belize,TOTAL,,,
EE6F72ASA_0000001688,SA_0000001688,EE6F72A,SA_0000001688,2004,YEAR,090,COUNTRY,PUBLISHED,Alcohol consumption (age 15+),Solomon Islands,TOTAL,,,
EE6F72ASA_0000001688,SA_0000001688,EE6F72A,SA_0000001688,2004,YEAR,096,COUNTRY,PUBLISHED,Alcohol consumption (age 15+),Brunei Darussalam,TOTAL,,,
EE6F72ASA_0000001688,SA_0000001688,EE6F72A,SA_0000001688,2004,YEAR,100,COUNTRY,PUBLISHED,Alcohol consumption (age 15+),Bulgaria,TOTAL,,,
EE6F72ASA_0000001688,SA_0000001688,EE6F72A,SA_0000001688,2004,YEAR,072,COUNTRY,PUBLISHED,Alcohol consumption (age 15+),Botswana,TOTAL,,,
EE6F72ASA_0000001688,SA_0000001688,EE6F72A,SA_0000001688,2004,YEAR,076,COUNTRY,PUBLISHED,Alcohol consumption (age 15+),Brazil,TOTAL,,,
EE6F72ASA_0000001688,SA_0000001688,EE6F72A,SA_0000001688,2004,YEAR,112,COUNTRY,PUBLISHED,Alcohol consumption (age 15+),Belarus,TOTAL,,,
EE6F72ASA_0000001688,SA_0000001688,EE6F72A,SA_0000001688,2004,YEAR,116,COUNTRY,PUBLISHED,Alcohol consumption (age 15+),Cambodia,TOTAL,,,
EE6F72ASA_0000001688,SA_0000001688,EE6F72A,SA_0000001688,2004,YEAR,120,COUNTRY,PUBLISHED,Alcohol consumption (age 15+),Cameroon,TOTAL,,,
EE6F72ASA_0000001688,SA_0000001688,EE6F72A,SA_0000001688,2004,YEAR,124,COUNTRY,PUBLISHED,Alcohol consumption (age 15+),Canada,TOTAL,,,
EE6F72ASA_0000001688,SA_0000001688,EE6F72A,SA_0000001688,2004,YEAR,104,COUNTRY,PUBLISHED,Alcohol consumption (age 15+),Myanmar,TOTAL,,,
EE6F72ASA_0000001688,SA_0000001688,EE6F72A,SA_0000001688,2004,YEAR,108,COUNTRY,PUBLISHED,Alcohol consumption (age 15+),Burundi,TOTAL,,,
EE6F72ASA_0000001688,SA_0000001688,EE6F72A,SA_0000001688,2004,YEAR,142,REGION,PUBLISHED,Alcohol consumption (age 15+),Asia,TOTAL,,,
EE6F72ASA_0000001688,SA_0000001688,EE6F72A,SA_0000001688,2004,YEAR,143,REGION,PUBLISHED,Alcohol consumption (age 15+),Central Asia,TOTAL,,,
EE6F72ASA_0000001688,SA_0000001688,EE6F72A,SA_0000001688,2004,YEAR,144,COUNTRY,PUBLISHED,Alcohol consumption (age 15+),Sri Lanka,TOTAL,,,
EE6F72ASA_0000001688,SA_0000001688,EE6F72A,SA_0000001688,2004,YEAR,145,REGION,PUBLISHED,Alcohol consumption (age 15+),Western Asia,TOTAL,,,
EE6F72ASA_0000001688,SA_0000001688,EE6F72A,SA_0000001688,2004,YEAR,132,COUNTRY,PUBLISHED,Alcohol consumption (age 15+),Cabo Verde,TOTAL,,,
EE6F72ASA_0000001688,SA_0000001688,EE6F72A,SA_0000001688,2004,YEAR,140,COUNTRY,PUBLISHED,Alcohol consumption (age 15+),Central African Republic,TOTAL,,,
EE6F72ASA_0000001688,SA_0000001688,EE6F72A,SA_0000001688,2004,YEAR,151,REGION,PUBLISHED,Alcohol consumption (age 15+),Eastern Europe,TOTAL,,,
EE6F72ASA_0000001688,SA_0000001688,EE6F72A,SA_0000001688,2004,YEAR,152,COUNTRY,PUBLISHED,Alcohol consumption (age 15+),Chile,TOTAL,,,
EE6F72ASA_0000001688,SA_0000001688,EE6F72A,SA_0000001688,2004,YEAR,154,REGION,PUBLISHED,Alcohol consumption (age 15+),Northern Europe,TOTAL,,,
EE6F72ASA_0000001688,SA_0000001688,EE6F72A,SA_0000001688,2004,YEAR,155,REGION,PUBLISHED,Alcohol consumption (age 15+),Western Europe,TOTAL,,,
EE6F72ASA_0000001688,SA_0000001688,EE6F72A,SA_0000001688,2004,YEAR,148,COUNTRY,PUBLISHED,Alcohol consumption (age 15+),Chad,TOTAL,,,
EE6F72ASA_0000001688,SA_0000001688,EE6F72A,SA_0000001688,2004,YEAR,150,REGION,PUBLISHED,Alcohol consumption (age 15+),Europe,TOTAL,,,
EE6F72ASA_0000001688,SA_0000001688,EE6F72A,SA_0000001688,2004,YEAR,174,COUNTRY,PUBLISHED,Alcohol consumption (age 15+),Comoros,TOTAL,,,
EE6F72ASA_0000001688,SA_0000001688,EE6F72A,SA_0000001688,2004,YEAR,178,COUNTRY,PUBLISHED,Alcohol consumption (age 15+),Congo,TOTAL,,,
EE6F72ASA_0000001688,SA_0000001688,EE6F72A,SA_0000001688,2004,YEAR,180,COUNTRY,PUBLISHED,Alcohol consumption (age 15+),Democratic Republic of the Congo,TOTAL,,,
EE6F72ASA_0000001688,SA_0000001688,EE6F72A,SA_0000001688,2004,YEAR,188,COUNTRY,PUBLISHED,Alcohol consumption (age 15+),Costa Rica,TOTAL,,,
EE6F72ASA_0000001688,SA_0000001688,EE6F72A,SA_0000001688,2004,YEAR,156,COUNTRY,PUBLISHED,Alcohol consumption (age 15+),China,TOTAL,,,
EE6F72ASA_0000001688,SA_0000001688,EE6F72A,SA_0000001688,2004,YEAR,170,COUNTRY,PUBLISHED,Alcohol consumption (age 15+),Colombia,TOTAL,,,
EE6F72ASA_0000001688,SA_0000001688,EE6F72A,SA_0000001688,2004,YEAR,196,COUNTRY,PUBLISHED,Alcohol consumption (age 15+),Cyprus,TOTAL,,,
EE6F72ASA_0000001688,SA_0000001688,EE6F72A,SA_0000001688,2004,YEAR,199,CLASSIFICATION,PUBLISHED,Alcohol consumption (age 15+),Least developed countries,TOTAL,,,
EE6F72ASA_0000001688,SA_0000001688,EE6F72A,SA_0000001688,2004,YEAR,202,REGION,PUBLISHED,Alcohol consumption (age 15+),Sub-Saharan Africa,TOTAL,,,
EE6F72ASA_0000001688,SA_0000001688,EE6F72A,SA_0000001688,2004,YEAR,203,COUNTRY,PUBLISHED,Alcohol consumption (age 15+),Czechia,TOTAL,,,
EE6F72ASA_0000001688,SA_0000001688,EE6F72A,SA_0000001688,2004,YEAR,191,COUNTRY,PUBLISHED,Alcohol consumption (age 15+),Croatia,TOTAL,,,
EE6F72ASA_0000001688,SA_0000001688,EE6F72A,SA_0000001688,2004,YEAR,192,COUNTRY,PUBLISHED,Alcohol consumption (age 15+),Cuba,TOTAL,,,
EE6F72ASA_0000001688,SA_0000001688,EE6F72A,SA_0000001688,2004,YEAR,212,COUNTRY,PUBLISHED,Alcohol consumption (age 15+),Dominica,TOTAL,,,
EE6F72ASA_0000001688,SA_0000001688,EE6F72A,SA_0000001688,2004,YEAR,214,COUNTRY,PUBLISHED,Alcohol consumption (age 15+),Dominican Republic,TOTAL,,,
EE6F72ASA_0000001688,SA_0000001688,EE6F72A,SA_0000001688,2004,YEAR,218,COUNTRY,PUBLISHED,Alcohol consumption (age 15+),Ecuador,TOTAL,,,
EE6F72ASA_0000001688,SA_0000001688,EE6F72A,SA_0000001688,2004,YEAR,222,COUNTRY,PUBLISHED,Alcohol consumption (age 15+),El Salvador,TOTAL,,,
EE6F72ASA_0000001688,SA_0000001688,EE6F72A,SA_0000001688,2004,YEAR,204,COUNTRY,PUBLISHED,Alcohol consumption (age 15+),Benin,TOTAL,,,
EE6F72ASA_0000001688,SA_0000001688,EE6F72A,SA_0000001688,2004,YEAR,208,COUNTRY,PUBLISHED,Alcohol consumption (age 15+),Denmark,TOTAL,,,
EE6F72ASA_0000001688,SA_0000001688,EE6F72A,SA_0000001688,2004,YEAR,232,COUNTRY,PUBLISHED,Alcohol consumption (age 15+),Eritrea,TOTAL,,,
EE6F72ASA_0000001688,SA_0000001688,EE6F72A,SA_0000001688,2004,YEAR,233,COUNTRY,PUBLISHED,Alcohol consumption (age 15+),Estonia,TOTAL,,,
EE6F72ASA_0000001688,SA_0000001688,EE6F72A,SA_0000001688,2004,YEAR,242,COUNTRY,PUBLISHED,Alcohol consumption (age 15+),Fiji,TOTAL,,,
EE6F72ASA_0000001688,SA_0000001688,EE6F72A,SA_0000001688,2004,YEAR,246,COUNTRY,PUBLISHED,Alcohol consumption (age 15+),Finland,TOTAL,,,
EE6F72ASA_0000001688,SA_0000001688,EE6F72A,SA_0000001688,2004,YEAR,226,COUNTRY,PUBLISHED,Alcohol consumption (age 15+),Equatorial Guinea,TOTAL,,,
EE6F72ASA_0000001688,SA_0000001688,EE6F72A,SA_0000001688,2004,YEAR,231,COUNTRY,PUBLISHED,Alcohol consumption (age 15+),Ethiopia,TOTAL,,,
EE6F72ASA_0000001688,SA_0000001688,EE6F72A,SA_0000001688,2004,YEAR,266,COUNTRY,PUBLISHED,Alcohol consumption (age 15+),Gabon,TOTAL,,,
EE6F72ASA_0000001688,SA_0000001688,EE6F72A,SA_0000001688,2004,YEAR,268,COUNTRY,PUBLISHED,Alcohol consumption (age 15+),Georgia,TOTAL,,,
EE6F72ASA_0000001688,SA_0000001688,EE6F72A,SA_0000001688,2004,YEAR,270,COUNTRY,PUBLISHED,Alcohol consumption (age 15+),Gambia,TOTAL,,,
EE6F72ASA_0000001688,SA_0000001688,EE6F72A,SA_0000001688,2004,YEAR,276,COUNTRY,PUBLISHED,Alcohol consumption (age 15+),Germany,TOTAL,,,
EE6F72ASA_0000001688,SA_0000001688,EE6F72A,SA_0000001688,2004,YEAR,250,COUNTRY,PUBLISHED,Alcohol consumption (age 15+),France,TOTAL,,,
EE6F72ASA_0000001688,SA_0000001688,EE6F72A,SA_0000001688,2004,YEAR,262,COUNTRY,PUBLISHED,Alcohol consumption (age 15+),Djibouti,TOTAL,,,
EE6F72ASA_0000001688,SA_0000001688,EE6F72A,SA_0000001688,2004,YEAR,300,COUNTRY,PUBLISHED,Alcohol consumption (age 15+),Greece,TOTAL,,,
EE6F72ASA_0000001688,SA_0000001688,EE6F72A,SA_0000001688,2004,YEAR,308,COUNTRY,PUBLISHED,Alcohol consumption (age 15+),Grenada,TOTAL,,,
EE6F72ASA_0000001688,SA_0000001688,EE6F72A,SA_0000001688,2004,YEAR,320,COUNTRY,PUBLISHED,Alcohol consumption (age 15+),Guatemala,TOTAL,,,
EE6F72ASA_0000001688,SA_0000001688,EE6F72A,SA_0000001688,2004,YEAR,324,COUNTRY,PUBLISHED,Alcohol consumption (age 15+),Guinea,TOTAL,,,
EE6F72ASA_0000001688,SA_0000001688,EE6F72A,SA_0000001688,2004,YEAR,288,COUNTRY,PUBLISHED,Alcohol consumption (age 15+),Ghana,TOTAL,,,
EE6F72ASA_0000001688,SA_0000001688,EE6F72A,SA_0000001688,2004,YEAR,296,COUNTRY,PUBLISHED,Alcohol consumption (age 15+),Kiribati,TOTAL,,,
EE6F72ASA_0000001688,SA_0000001688,EE6F72A,SA_0000001688,2006,YEAR,570,COUNTRY,PUBLISHED,Alcohol consumption (age 15+),Niue,TOTAL,,,
EE6F72ASA_0000001688,SA_0000001688,EE6F72A,SA_0000001688,2006,YEAR,578,COUNTRY,PUBLISHED,Alcohol consumption (age 15+),Norway,TOTAL,,,
EE6F72ASA_0000001688,SA_0000001688,EE6F72A,SA_0000001688,2006,YEAR,583,COUNTRY,PUBLISHED,Alcohol consumption (age 15+),Micronesia (Federated States of),TOTAL,,,
EE6F72ASA_0000001688,SA_0000001688,EE6F72A,SA_0000001688,2006,YEAR,586,COUNTRY,PUBLISHED,Alcohol consumption (age 15+),Pakistan,TOTAL,,,
EE6F72ASA_0000001688,SA_0000001688,EE6F72A,SA_0000001688,2006,YEAR,562,COUNTRY,PUBLISHED,Alcohol consumption (age 15+),Niger,TOTAL,,,
EE6F72ASA_0000001688,SA_0000001688,EE6F72A,SA_0000001688,2006,YEAR,566,COUNTRY,PUBLISHED,Alcohol consumption (age 15+),Nigeria,TOTAL,,,
EE6F72ASA_0000001688,SA_0000001688,EE6F72A,SA_0000001688,2006,YEAR,600,COUNTRY,PUBLISHED,Alcohol consumption (age 15+),Paraguay,TOTAL,,,
EE6F72ASA_0000001688,SA_0000001688,EE6F72A,SA_0000001688,2006,YEAR,604,COUNTRY,PUBLISHED,Alcohol consumption (age 15+),Peru,TOTAL,,,
EE6F72ASA_0000001688,SA_0000001688,EE6F72A,SA_0000001688,2006,YEAR,608,COUNTRY,PUBLISHED,Alcohol consumption (age 15+),Philippines,TOTAL,,,
EE6F72ASA_0000001688,SA_0000001688,EE6F72A,SA_0000001688,2006,YEAR,616,COUNTRY,PUBLISHED,Alcohol consumption (age 15+),Poland,TOTAL,,,
EE6F72ASA_0000001688,SA_0000001688,EE6F72A,SA_0000001688,2006,YEAR,591,COUNTRY,PUBLISHED,Alcohol consumption (age 15+),Panama,TOTAL,,,
EE6F72ASA_0000001688,SA_0000001688,EE6F72A,SA_0000001688,2006,YEAR,598,COUNTRY,PUBLISHED,Alcohol consumption (age 15+),Papua New Guinea,TOTAL,,,
EE6F72ASA_0000001688,SA_0000001688,EE6F72A,SA_0000001688,2006,YEAR,626,COUNTRY,PUBLISHED,Alcohol consumption (age 15+),Timor-Leste,TOTAL,,,
EE6F72ASA_0000001688,SA_0000001688,EE6F72A,SA_0000001688,2006,YEAR,634,COUNTRY,PUBLISHED,Alcohol consumption (age 15+),Qatar,TOTAL,,,
EE6F72ASA_0000001688,SA_0000001688,EE6F72A,SA_0000001688,2006,YEAR,642,COUNTRY,PUBLISHED,Alcohol consumption (age 15+),Romania,TOTAL,,,
EE6F72ASA_0000001688,SA_0000001688,EE6F72A,SA_0000001688,2006,YEAR,643,COUNTRY,PUBLISHED,Alcohol consumption (age 15+),Russian Federation,TOTAL,,,
EE6F72ASA_0000001688,SA_0000001688,EE6F72A,SA_0000001688,2006,YEAR,620,COUNTRY,PUBLISHED,Alcohol consumption (age 15+),Portugal,TOTAL,,,
EE6F72ASA_0000001688,SA_0000001688,EE6F72A,SA_0000001688,2006,YEAR,624,COUNTRY,PUBLISHED,Alcohol consumption (age 15+),Guinea-Bissau,TOTAL,,,
EE6F72ASA_0000001688,SA_0000001688,EE6F72A,SA_0000001688,2006,YEAR,662,COUNTRY,PUBLISHED,Alcohol consumption (age 15+),Saint Lucia,TOTAL,,,
EE6F72ASA_0000001688,SA_0000001688,EE6F72A,SA_0000001688,2006,YEAR,694,COUNTRY,PUBLISHED,Alcohol consumption (age 15+),Sierra Leone,TOTAL,,,
EE6F72ASA_0000001688,SA_0000001688,EE6F72A,SA_0000001688,2006,YEAR,702,COUNTRY,PUBLISHED,Alcohol consumption (age 15+),Singapore,TOTAL,,,
EE6F72ASA_0000001688,SA_0000001688,EE6F72A,SA_0000001688,2006,YEAR,703,COUNTRY,PUBLISHED,Alcohol consumption (age 15+),Slovakia,TOTAL,,,
EE6F72ASA_0000001688,SA_0000001688,EE6F72A,SA_0000001688,2006,YEAR,704,COUNTRY,PUBLISHED,Alcohol consumption (age 15+),Viet Nam,TOTAL,,,
EE6F72ASA_0000001688,SA_0000001688,EE6F72A,SA_0000001688,2006,YEAR,670,COUNTRY,PUBLISHED,Alcohol consumption (age 15+),Saint Vincent and the Grenadines,TOTAL,,,
EE6F72ASA_0000001688,SA_0000001688,EE6F72A,SA_0000001688,2006,YEAR,678,COUNTRY,PUBLISHED,Alcohol consumption (age 15+),Sao Tome and Principe,TOTAL,,,
EE6F72ASA_0000001688,SA_0000001688,EE6F72A,SA_0000001688,2006,YEAR,686,COUNTRY,PUBLISHED,Alcohol consumption (age 15+),Senegal,TOTAL,,,
EE6F72ASA_0000001688,SA_0000001688,EE6F72A,SA_0000001688,2006,YEAR,646,COUNTRY,PUBLISHED,Alcohol consumption (age 15+),Rwanda,TOTAL,,,
EE6F72ASA_0000001688,SA_0000001688,EE6F72A,SA_0000001688,2006,YEAR,659,COUNTRY,PUBLISHED,Alcohol consumption (age 15+),Saint Kitts and Nevis,TOTAL,,,
EE6F72ASA_0000001688,SA_0000001688,EE6F72A,SA_0000001688,2006,YEAR,688,COUNTRY,PUBLISHED,Alcohol consumption (age 15+),Serbia,TOTAL,,,
EE6F72ASA_0000001688,SA_0000001688,EE6F72A,SA_0000001688,2006,YEAR,690,COUNTRY,PUBLISHED,Alcohol consumption (age 15+),Seychelles,TOTAL,,,
EE6F72ASA_0000001688,SA_0000001688,EE6F72A,SA_0000001688,2006,YEAR,705,COUNTRY,PUBLISHED,Alcohol consumption (age 15+),Slovenia,TOTAL,,,
EE6F72ASA_0000001688,SA_0000001688,EE6F72A,SA_0000001688,2006,YEAR,706,COUNTRY,PUBLISHED,Alcohol consumption (age 15+),Somalia,TOTAL,,,
EE6F72ASA_0000001688,SA_0000001688,EE6F72A,SA_0000001688,2006,YEAR,710,COUNTRY,PUBLISHED,Alcohol consumption (age 15+),South Africa,TOTAL,,,
EE6F72ASA_0000001688,SA_0000001688,EE6F72A,SA_0000001688,2006,YEAR,716,COUNTRY,PUBLISHED,Alcohol consumption (age 15+),Zimbabwe,TOTAL,,,
EE6F72ASA_0000001688,SA_0000001688,EE6F72A,SA_0000001688,2006,YEAR,722,CLASSIFICATION,PUBLISHED,Alcohol consumption (age 15+),Small Island Developing States,TOTAL,,,
EE6F72ASA_0000001688,SA_0000001688,EE6F72A,SA_0000001688,2006,YEAR,724,COUNTRY,PUBLISHED,Alcohol consumption (age 15+),Spain,TOTAL,,,
EE6F72ASA_0000001688,SA_0000001688,EE6F72A,SA_0000001688,2006,YEAR,740,COUNTRY,PUBLISHED,Alcohol consumption (age 15+),Suriname,TOTAL,,,
EE6F72ASA_0000001688,SA_0000001688,EE6F72A,SA_0000001688,2006,YEAR,747,REGION,PUBLISHED,Alcohol consumption (age 15+),Northern Africa and Western Asia,TOTAL,,,
EE6F72ASA_0000001688,SA_0000001688,EE6F72A,SA_0000001688,2006,YEAR,748,COUNTRY,PUBLISHED,Alcohol consumption (age 15+),Eswatini,TOTAL,,,
EE6F72ASA_0000001688,SA_0000001688,EE6F72A,SA_0000001688,2006,YEAR,752,COUNTRY,PUBLISHED,Alcohol consumption (age 15+),Sweden,TOTAL,,,
EE6F72ASA_0000001688,SA_0000001688,EE6F72A,SA_0000001688,2006,YEAR,728,COUNTRY,PUBLISHED,Alcohol consumption (age 15+),South Sudan,TOTAL,,,
EE6F72ASA_0000001688,SA_0000001688,EE6F72A,SA_0000001688,2006,YEAR,729,COUNTRY,PUBLISHED,Alcohol consumption (age 15+),Sudan,TOTAL,,,
EE6F72ASA_0000001688,SA_0000001688,EE6F72A,SA_0000001688,2006,YEAR,760,COUNTRY,PUBLISHED,Alcohol consumption (age 15+),Syrian Arab Republic,TOTAL,,,
EE6F72ASA_0000001688,SA_0000001688,EE6F72A,SA_0000001688,2006,YEAR,762,COUNTRY,PUBLISHED,Alcohol consumption (age 15+),Tajikistan,TOTAL,,,
EE6F72ASA_0000001688,SA_0000001688,EE6F72A,SA_0000001688,2006,YEAR,764,COUNTRY,PUBLISHED,Alcohol consumption (age 15+),Thailand,TOTAL,,,
EE6F72ASA_0000001688,SA_0000001688,EE6F72A,SA_0000001688,2006,YEAR,768,COUNTRY,PUBLISHED,Alcohol consumption (age 15+),Togo,TOTAL,,,
EE6F72ASA_0000001688,SA_0000001688,EE6F72A,SA_0000001688,2006,YEAR,753,REGION,PUBLISHED,Alcohol consumption (age 15+),Eastern and South-Eastern Asia,TOTAL,,,
EE6F72ASA_0000001688,SA_0000001688,EE6F72A,SA_0000001688,2006,YEAR,756,COUNTRY,PUBLISHED,Alcohol consumption (age 15+),Switzerland,TOTAL,,,
EE6F72ASA_0000001688,SA_0000001688,EE6F72A,SA_0000001688,2006,YEAR,780,COUNTRY,PUBLISHED,Alcohol consumption (age 15+),Trinidad and Tobago,TOTAL,,,
EE6F72ASA_0000001688,SA_0000001688,EE6F72A,SA_0000001688,2006,YEAR,784,COUNTRY,PUBLISHED,Alcohol consumption (age 15+),United Arab Emirates,TOTAL,,,
EE6F72ASA_0000001688,SA_0000001688,EE6F72A,SA_0000001688,2006,YEAR,788,COUNTRY,PUBLISHED,Alcohol consumption (age 15+),Tunisia,TOTAL,,,
EE6F72ASA_0000001688,SA_0000001688,EE6F72A,SA_0000001688,2006,YEAR,792,COUNTRY,PUBLISHED,Alcohol consumption (age 15+),Türkiye,TOTAL,,,
EE6F72ASA_0000001688,SA_0000001688,EE6F72A,SA_0000001688,2006,YEAR,776,COUNTRY,PUBLISHED,Alcohol consumption (age 15+),Tonga,TOTAL,,,
EE6F72ASA_0000001688,SA_0000001688,EE6F72A,SA_0000001688,2006,YEAR,777,REGION,PUBLISHED,Alcohol consumption (age 15+),,TOTAL,,,
EE6F72ASA_0000001688,SA_0000001688,EE6F72A,SA_0000001688,2006,YEAR,800,COUNTRY,PUBLISHED,Alcohol consumption (age 15+),Uganda,TOTAL,,,
EE6F72ASA_0000001688,SA_0000001688,EE6F72A,SA_0000001688,2006,YEAR,804,COUNTRY,PUBLISHED,Alcohol consumption (age 15+),Ukraine,TOTAL,,,
EE6F72ASA_0000001688,SA_0000001688,EE6F72A,SA_0000001688,2006,YEAR,807,COUNTRY,PUBLISHED,Alcohol consumption (age 15+),North Macedonia,TOTAL,,,
EE6F72ASA_0000001688,SA_0000001688,EE6F72A,SA_0000001688,2006,YEAR,818,COUNTRY,PUBLISHED,Alcohol consumption (age 15+),Egypt,TOTAL,,,
EE6F72ASA_0000001688,SA_0000001688,EE6F72A,SA_0000001688,2006,YEAR,795,COUNTRY,PUBLISHED,Alcohol consumption (age 15+),Turkmenistan,TOTAL,,,
EE6F72ASA_0000001688,SA_0000001688,EE6F72A,SA_0000001688,2006,YEAR,798,COUNTRY,PUBLISHED,Alcohol consumption (age 15+),Tuvalu,TOTAL,,,
EE6F72ASA_0000001688,SA_0000001688,EE6F72A,SA_0000001688,2006,YEAR,840,COUNTRY,PUBLISHED,Alcohol consumption (age 15+),United States of America,TOTAL,,,
EE6F72ASA_0000001688,SA_0000001688,EE6F72A,SA_0000001688,2006,YEAR,854,COUNTRY,PUBLISHED,Alcohol consumption (age 15+),Burkina Faso,TOTAL,,,
EE6F72ASA_0000001688,SA_0000001688,EE6F72A,SA_0000001688,2006,YEAR,858,COUNTRY,PUBLISHED,Alcohol consumption (age 15+),Uruguay,TOTAL,,,
EE6F72ASA_0000001688,SA_0000001688,EE6F72A,SA_0000001688,2006,YEAR,860,COUNTRY,PUBLISHED,Alcohol consumption (age 15+),Uzbekistan,TOTAL,,,
EE6F72ASA_0000001688,SA_0000001688,EE6F72A,SA_0000001688,2006,YEAR,826,COUNTRY,PUBLISHED,Alcohol consumption (age 15+),United Kingdom of Great Britain and Northern Ireland,TOTAL,,,
EE6F72ASA_0000001688,SA_0000001688,EE6F72A,SA_0000001688,2006,YEAR,834,COUNTRY,PUBLISHED,Alcohol consumption (age 15+),United Republic of Tanzania,TOTAL,,,
EE6F72ASA_0000001688,SA_0000001688,EE6F72A,SA_0000001688,2006,YEAR,887,COUNTRY,PUBLISHED,Alcohol consumption (age 15+),Yemen,TOTAL,,,
EE6F72ASA_0000001688,SA_0000001688,EE6F72A,SA_0000001688,2006,YEAR,894,COUNTRY,PUBLISHED,Alcohol consumption (age 15+),Zambia,TOTAL,,,
EE6F72ASA_0000001688,SA_0000001688,EE6F72A,SA_0000001688,2006,YEAR,953,WHOREGION,PUBLISHED,Alcohol consumption (age 15+),Africa,TOTAL,,,
EE6F72ASA_0000001688,SA_0000001688,EE6F72A,SA_0000001688,2006,YEAR,954,WHOREGION,PUBLISHED,Alcohol consumption (age 15+),Americas,TOTAL,,,
EE6F72ASA_0000001688,SA_0000001688,EE6F72A,SA_0000001688,2006,YEAR,862,COUNTRY,PUBLISHED,Alcohol consumption (age 15+),Venezuela (Bolivarian Republic of),TOTAL,,,
EE6F72ASA_0000001688,SA_0000001688,EE6F72A,SA_0000001688,2006,YEAR,882,COUNTRY,PUBLISHED,Alcohol consumption (age 15+),Samoa,TOTAL,,,
EE6F72ASA_0000001688,SA_0000001688,EE6F72A,SA_0000001688,2006,YEAR,957,WHOREGION,PUBLISHED,Alcohol consumption (age 15+),Eastern Mediterranean,TOTAL,,,
EE6F72ASA_0000001688,SA_0000001688,EE6F72A,SA_0000001688,2006,YEAR,958,WHOREGION,PUBLISHED,Alcohol consumption (age 15+),Western Pacific,TOTAL,,,
EE6F72ASA_0000001688,SA_0000001688,EE6F72A,SA_0000001688,2007,YEAR,001,GLOBAL,PUBLISHED,Alcohol consumption (age 15+),World,TOTAL,,,
EE6F72ASA_0000001688,SA_0000001688,EE6F72A,SA_0000001688,2007,YEAR,002,REGION,PUBLISHED,Alcohol consumption (age 15+),Africa,TOTAL,,,
EE6F72ASA_0000001688,SA_0000001688,EE6F72A,SA_0000001688,2006,YEAR,955,WHOREGION,PUBLISHED,Alcohol consumption (age 15+),South-East Asia,TOTAL,,,
EE6F72ASA_0000001688,SA_0000001688,EE6F72A,SA_0000001688,2006,YEAR,956,WHOREGION,PUBLISHED,Alcohol consumption (age 15+),Europe,TOTAL,,,
EE6F72ASA_0000001688,SA_0000001688,EE6F72A,SA_0000001688,2007,YEAR,008,COUNTRY,PUBLISHED,Alcohol consumption (age 15+),Albania,TOTAL,,,
EE6F72ASA_0000001688,SA_0000001688,EE6F72A,SA_0000001688,2007,YEAR,009,REGION,PUBLISHED,Alcohol consumption (age 15+),Oceania,TOTAL,,,
EE6F72ASA_0000001688,SA_0000001688,EE6F72A,SA_0000001688,2007,YEAR,011,REGION,PUBLISHED,Alcohol consumption (age 15+),Western Africa,TOTAL,,,
EE6F72ASA_0000001688,SA_0000001688,EE6F72A,SA_0000001688,2007,YEAR,012,COUNTRY,PUBLISHED,Alcohol consumption (age 15+),Algeria,TOTAL,,,
EE6F72ASA_0000001688,SA_0000001688,EE6F72A,SA_0000001688,2007,YEAR,004,COUNTRY,PUBLISHED,Alcohol consumption (age 15+),Afghanistan,TOTAL,,,
EE6F72ASA_0000001688,SA_0000001688,EE6F72A,SA_0000001688,2007,YEAR,005,REGION,PUBLISHED,Alcohol consumption (age 15+),South America,TOTAL,,,
EE6F72ASA_0000001688,SA_0000001688,EE6F72A,SA_0000001688,2007,YEAR,015,REGION,PUBLISHED,Alcohol consumption (age 15+),Northern Africa,TOTAL,,,
EE6F72ASA_0000001688,SA_0000001688,EE6F72A,SA_0000001688,2007,YEAR,017,REGION,PUBLISHED,Alcohol consumption (age 15+),Middle Africa,TOTAL,,,
EE6F72ASA_0000001688,SA_0000001688,EE6F72A,SA_0000001688,2009,YEAR,558,COUNTRY,PUBLISHED,Alcohol consumption (age 15+),Nicaragua,TOTAL,,,
EE6F72ASA_0000001688,SA_0000001688,EE6F72A,SA_0000001688,2009,YEAR,562,COUNTRY,PUBLISHED,Alcohol consumption (age 15+),Niger,TOTAL,,,
EE6F72ASA_0000001688,SA_0000001688,EE6F72A,SA_0000001688,2007,YEAR,013,REGION,PUBLISHED,Alcohol consumption (age 15+),Central America,TOTAL,,,
EE6F72ASA_0000001688,SA_0000001688,EE6F72A,SA_0000001688,2007,YEAR,014,REGION,PUBLISHED,Alcohol consumption (age 15+),Eastern Africa,TOTAL,,,
EE6F72ASA_0000001688,SA_0000001688,EE6F72A,SA_0000001688,2009,YEAR,578,COUNTRY,PUBLISHED,Alcohol consumption (age 15+),Norway,TOTAL,,,
EE6F72ASA_0000001688,SA_0000001688,EE6F72A,SA_0000001688,2009,YEAR,583,COUNTRY,PUBLISHED,Alcohol consumption (age 15+),Micronesia (Federated States of),TOTAL,,,
EE6F72ASA_0000001688,SA_0000001688,EE6F72A,SA_0000001688,2009,YEAR,586,COUNTRY,PUBLISHED,Alcohol consumption (age 15+),Pakistan,TOTAL,,,
EE6F72ASA_0000001688,SA_0000001688,EE6F72A,SA_0000001688,2009,YEAR,591,COUNTRY,PUBLISHED,Alcohol consumption (age 15+),Panama,TOTAL,,,
EE6F72ASA_0000001688,SA_0000001688,EE6F72A,SA_0000001688,2009,YEAR,566,COUNTRY,PUBLISHED,Alcohol consumption (age 15+),Nigeria,TOTAL,,,
EE6F72ASA_0000001688,SA_0000001688,EE6F72A,SA_0000001688,2009,YEAR,570,COUNTRY,PUBLISHED,Alcohol consumption (age 15+),Niue,TOTAL,,,
EE6F72ASA_0000001688,SA_0000001688,EE6F72A,SA_0000001688,2009,YEAR,604,COUNTRY,PUBLISHED,Alcohol consumption (age 15+),Peru,TOTAL,,,
EE6F72ASA_0000001688,SA_0000001688,EE6F72A,SA_0000001688,2009,YEAR,608,COUNTRY,PUBLISHED,Alcohol consumption (age 15+),Philippines,TOTAL,,,
EE6F72ASA_0000001688,SA_0000001688,EE6F72A,SA_0000001688,2009,YEAR,616,COUNTRY,PUBLISHED,Alcohol consumption (age 15+),Poland,TOTAL,,,
EE6F72ASA_0000001688,SA_0000001688,EE6F72A,SA_0000001688,2009,YEAR,620,COUNTRY,PUBLISHED,Alcohol consumption (age 15+),Portugal,TOTAL,,,
EE6F72ASA_0000001688,SA_0000001688,EE6F72A,SA_0000001688,2009,YEAR,598,COUNTRY,PUBLISHED,Alcohol consumption (age 15+),Papua New Guinea,TOTAL,,,
EE6F72ASA_0000001688,SA_0000001688,EE6F72A,SA_0000001688,2009,YEAR,600,COUNTRY,PUBLISHED,Alcohol consumption (age 15+),Paraguay,TOTAL,,,
EE6F72ASA_0000001688,SA_0000001688,EE6F72A,SA_0000001688,2009,YEAR,634,COUNTRY,PUBLISHED,Alcohol consumption (age 15+),Qatar,TOTAL,,,
EE6F72ASA_0000001688,SA_0000001688,EE6F72A,SA_0000001688,2009,YEAR,642,COUNTRY,PUBLISHED,Alcohol consumption (age 15+),Romania,TOTAL,,,
EE6F72ASA_0000001688,SA_0000001688,EE6F72A,SA_0000001688,2009,YEAR,643,COUNTRY,PUBLISHED,Alcohol consumption (age 15+),Russian Federation,TOTAL,,,
EE6F72ASA_0000001688,SA_0000001688,EE6F72A,SA_0000001688,2009,YEAR,646,COUNTRY,PUBLISHED,Alcohol consumption (age 15+),Rwanda,TOTAL,,,
EE6F72ASA_0000001688,SA_0000001688,EE6F72A,SA_0000001688,2009,YEAR,624,COUNTRY,PUBLISHED,Alcohol consumption (age 15+),Guinea-Bissau,TOTAL,,,
EE6F72ASA_0000001688,SA_0000001688,EE6F72A,SA_0000001688,2009,YEAR,626,COUNTRY,PUBLISHED,Alcohol consumption (age 15+),Timor-Leste,TOTAL,,,
EE6F72ASA_0000001688,SA_0000001688,EE6F72A,SA_0000001688,2009,YEAR,670,COUNTRY,PUBLISHED,Alcohol consumption (age 15+),Saint Vincent and the Grenadines,TOTAL,,,
EE6F72ASA_0000001688,SA_0000001688,EE6F72A,SA_0000001688,2009,YEAR,678,COUNTRY,PUBLISHED,Alcohol consumption (age 15+),Sao Tome and Principe,TOTAL,,,
EE6F72ASA_0000001688,SA_0000001688,EE6F72A,SA_0000001688,2009,YEAR,686,COUNTRY,PUBLISHED,Alcohol consumption (age 15+),Senegal,TOTAL,,,
EE6F72ASA_0000001688,SA_0000001688,EE6F72A,SA_0000001688,2009,YEAR,688,COUNTRY,PUBLISHED,Alcohol consumption (age 15+),Serbia,TOTAL,,,
EE6F72ASA_0000001688,SA_0000001688,EE6F72A,SA_0000001688,2009,YEAR,659,COUNTRY,PUBLISHED,Alcohol consumption (age 15+),Saint Kitts and Nevis,TOTAL,,,
EE6F72ASA_0000001688,SA_0000001688,EE6F72A,SA_0000001688,2009,YEAR,662,COUNTRY,PUBLISHED,Alcohol consumption (age 15+),Saint Lucia,TOTAL,,,
EE6F72ASA_0000001688,SA_0000001688,EE6F72A,SA_0000001688,2009,YEAR,702,COUNTRY,PUBLISHED,Alcohol consumption (age 15+),Singapore,TOTAL,,,
EE6F72ASA_0000001688,SA_0000001688,EE6F72A,SA_0000001688,2009,YEAR,703,COUNTRY,PUBLISHED,Alcohol consumption (age 15+),Slovakia,TOTAL,,,
EE6F72ASA_0000001688,SA_0000001688,EE6F72A,SA_0000001688,2009,YEAR,704,COUNTRY,PUBLISHED,Alcohol consumption (age 15+),Viet Nam,TOTAL,,,
EE6F72ASA_0000001688,SA_0000001688,EE6F72A,SA_0000001688,2009,YEAR,705,COUNTRY,PUBLISHED,Alcohol consumption (age 15+),Slovenia,TOTAL,,,
EE6F72ASA_0000001688,SA_0000001688,EE6F72A,SA_0000001688,2009,YEAR,690,COUNTRY,PUBLISHED,Alcohol consumption (age 15+),Seychelles,TOTAL,,,
EE6F72ASA_0000001688,SA_0000001688,EE6F72A,SA_0000001688,2009,YEAR,694,COUNTRY,PUBLISHED,Alcohol consumption (age 15+),Sierra Leone,TOTAL,,,
EE6F72ASA_0000001688,SA_0000001688,EE6F72A,SA_0000001688,2009,YEAR,716,COUNTRY,PUBLISHED,Alcohol consumption (age 15+),Zimbabwe,TOTAL,,,
EE6F72ASA_0000001688,SA_0000001688,EE6F72A,SA_0000001688,2009,YEAR,722,CLASSIFICATION,PUBLISHED,Alcohol consumption (age 15+),Small Island Developing States,TOTAL,,,
EE6F72ASA_0000001688,SA_0000001688,EE6F72A,SA_0000001688,2009,YEAR,724,COUNTRY,PUBLISHED,Alcohol consumption (age 15+),Spain,TOTAL,,,
EE6F72ASA_0000001688,SA_0000001688,EE6F72A,SA_0000001688,2009,YEAR,728,COUNTRY,PUBLISHED,Alcohol consumption (age 15+),South Sudan,TOTAL,,,
EE6F72ASA_0000001688,SA_0000001688,EE6F72A,SA_0000001688,2009,YEAR,706,COUNTRY,PUBLISHED,Alcohol consumption (age 15+),Somalia,TOTAL,,,
EE6F72ASA_0000001688,SA_0000001688,EE6F72A,SA_0000001688,2009,YEAR,710,COUNTRY,PUBLISHED,Alcohol consumption (age 15+),South Africa,TOTAL,,,
EE6F72ASA_0000001688,SA_0000001688,EE6F72A,SA_0000001688,2009,YEAR,747,REGION,PUBLISHED,Alcohol consumption (age 15+),Northern Africa and Western Asia,TOTAL,,,
EE6F72ASA_0000001688,SA_0000001688,EE6F72A,SA_0000001688,2009,YEAR,748,COUNTRY,PUBLISHED,Alcohol consumption (age 15+),Eswatini,TOTAL,,,
EE6F72ASA_0000001688,SA_0000001688,EE6F72A,SA_0000001688,2009,YEAR,752,COUNTRY,PUBLISHED,Alcohol consumption (age 15+),Sweden,TOTAL,,,
EE6F72ASA_0000001688,SA_0000001688,EE6F72A,SA_0000001688,2009,YEAR,753,REGION,PUBLISHED,Alcohol consumption (age 15+),Eastern and South-Eastern Asia,TOTAL,,,
EE6F72ASA_0000001688,SA_0000001688,EE6F72A,SA_0000001688,2009,YEAR,729,COUNTRY,PUBLISHED,Alcohol consumption (age 15+),Sudan,TOTAL,,,
EE6F72ASA_0000001688,SA_0000001688,EE6F72A,SA_0000001688,2009,YEAR,740,COUNTRY,PUBLISHED,Alcohol consumption (age 15+),Suriname,TOTAL,,,
EE6F72ASA_0000001688,SA_0000001688,EE6F72A,SA_0000001688,2009,YEAR,762,COUNTRY,PUBLISHED,Alcohol consumption (age 15+),Tajikistan,TOTAL,,,
EE6F72ASA_0000001688,SA_0000001688,EE6F72A,SA_0000001688,2009,YEAR,764,COUNTRY,PUBLISHED,Alcohol consumption (age 15+),Thailand,TOTAL,,,
EE6F72ASA_0000001688,SA_0000001688,EE6F72A,SA_0000001688,2009,YEAR,768,COUNTRY,PUBLISHED,Alcohol consumption (age 15+),Togo,TOTAL,,,
EE6F72ASA_0000001688,SA_0000001688,EE6F72A,SA_0000001688,2009,YEAR,776,COUNTRY,PUBLISHED,Alcohol consumption (age 15+),Tonga,TOTAL,,,
EE6F72ASA_0000001688,SA_0000001688,EE6F72A,SA_0000001688,2009,YEAR,756,COUNTRY,PUBLISHED,Alcohol consumption (age 15+),Switzerland,TOTAL,,,
EE6F72ASA_0000001688,SA_0000001688,EE6F72A,SA_0000001688,2009,YEAR,760,COUNTRY,PUBLISHED,Alcohol consumption (age 15+),Syrian Arab Republic,TOTAL,,,
EE6F72ASA_0000001688,SA_0000001688,EE6F72A,SA_0000001688,2009,YEAR,784,COUNTRY,PUBLISHED,Alcohol consumption (age 15+),United Arab Emirates,TOTAL,,,
EE6F72ASA_0000001688,SA_0000001688,EE6F72A,SA_0000001688,2009,YEAR,788,COUNTRY,PUBLISHED,Alcohol consumption (age 15+),Tunisia,TOTAL,,,
EE6F72ASA_0000001688,SA_0000001688,EE6F72A,SA_0000001688,2009,YEAR,792,COUNTRY,PUBLISHED,Alcohol consumption (age 15+),Türkiye,TOTAL,,,
EE6F72ASA_0000001688,SA_0000001688,EE6F72A,SA_0000001688,2009,YEAR,795,COUNTRY,PUBLISHED,Alcohol consumption (age 15+),Turkmenistan,TOTAL,,,
EE6F72ASA_0000001688,SA_0000001688,EE6F72A,SA_0000001688,2009,YEAR,777,REGION,PUBLISHED,Alcohol consumption (age 15+),,TOTAL,,,
EE6F72ASA_0000001688,SA_0000001688,EE6F72A,SA_0000001688,2009,YEAR,780,COUNTRY,PUBLISHED,Alcohol consumption (age 15+),Trinidad and Tobago,TOTAL,,,
EE6F72ASA_0000001688,SA_0000001688,EE6F72A,SA_0000001688,2009,YEAR,804,COUNTRY,PUBLISHED,Alcohol consumption (age 15+),Ukraine,TOTAL,,,
EE6F72ASA_0000001688,SA_0000001688,EE6F72A,SA_0000001688,2009,YEAR,807,COUNTRY,PUBLISHED,Alcohol consumption (age 15+),North Macedonia,TOTAL,,,
EE6F72ASA_0000001688,SA_0000001688,EE6F72A,SA_0000001688,2009,YEAR,818,COUNTRY,PUBLISHED,Alcohol consumption (age 15+),Egypt,TOTAL,,,
EE6F72ASA_0000001688,SA_0000001688,EE6F72A,SA_0000001688,2009,YEAR,826,COUNTRY,PUBLISHED,Alcohol consumption (age 15+),United Kingdom of Great Britain and Northern Ireland,TOTAL,,,
EE6F72ASA_0000001688,SA_0000001688,EE6F72A,SA_0000001688,2009,YEAR,798,COUNTRY,PUBLISHED,Alcohol consumption (age 15+),Tuvalu,TOTAL,,,
EE6F72ASA_0000001688,SA_0000001688,EE6F72A,SA_0000001688,2009,YEAR,800,COUNTRY,PUBLISHED,Alcohol consumption (age 15+),Uganda,TOTAL,,,
EE6F72ASA_0000001688,SA_0000001688,EE6F72A,SA_0000001688,2009,YEAR,854,COUNTRY,PUBLISHED,Alcohol consumption (age 15+),Burkina Faso,TOTAL,,,
EE6F72ASA_0000001688,SA_0000001688,EE6F72A,SA_0000001688,2009,YEAR,858,COUNTRY,PUBLISHED,Alcohol consumption (age 15+),Uruguay,TOTAL,,,
EE6F72ASA_0000001688,SA_0000001688,EE6F72A,SA_0000001688,2009,YEAR,860,COUNTRY,PUBLISHED,Alcohol consumption (age 15+),Uzbekistan,TOTAL,,,
EE6F72ASA_0000001688,SA_0000001688,EE6F72A,SA_0000001688,2009,YEAR,862,COUNTRY,PUBLISHED,Alcohol consumption (age 15+),Venezuela (Bolivarian Republic of),TOTAL,,,
EE6F72ASA_0000001688,SA_0000001688,EE6F72A,SA_0000001688,2009,YEAR,834,COUNTRY,PUBLISHED,Alcohol consumption (age 15+),United Republic of Tanzania,TOTAL,,,
EE6F72ASA_0000001688,SA_0000001688,EE6F72A,SA_0000001688,2009,YEAR,840,COUNTRY,PUBLISHED,Alcohol consumption (age 15+),United States of America,TOTAL,,,
EE6F72ASA_0000001688,SA_0000001688,EE6F72A,SA_0000001688,2009,YEAR,894,COUNTRY,PUBLISHED,Alcohol consumption (age 15+),Zambia,TOTAL,,,
EE6F72ASA_0000001688,SA_0000001688,EE6F72A,SA_0000001688,2009,YEAR,953,WHOREGION,PUBLISHED,Alcohol consumption (age 15+),Africa,TOTAL,,,
EE6F72ASA_0000001688,SA_0000001688,EE6F72A,SA_0000001688,2009,YEAR,954,WHOREGION,PUBLISHED,Alcohol consumption (age 15+),Americas,TOTAL,,,
EE6F72ASA_0000001688,SA_0000001688,EE6F72A,SA_0000001688,2009,YEAR,955,WHOREGION,PUBLISHED,Alcohol consumption (age 15+),South-East Asia,TOTAL,,,
EE6F72ASA_0000001688,SA_0000001688,EE6F72A,SA_0000001688,2009,YEAR,882,COUNTRY,PUBLISHED,Alcohol consumption (age 15+),Samoa,TOTAL,,,
EE6F72ASA_0000001688,SA_0000001688,EE6F72A,SA_0000001688,2009,YEAR,887,COUNTRY,PUBLISHED,Alcohol consumption (age 15+),Yemen,TOTAL,,,
EE6F72ASA_0000001688,SA_0000001688,EE6F72A,SA_0000001688,2009,YEAR,958,WHOREGION,PUBLISHED,Alcohol consumption (age 15+),Western Pacific,TOTAL,,,
EE6F72ASA_0000001688,SA_0000001688,EE6F72A,SA_0000001688,2010,YEAR,009,REGION,PUBLISHED,Alcohol consumption (age 15+),Oceania,TOTAL,,,
EE6F72ASA_0000001688,SA_0000001688,EE6F72A,SA_0000001688,2010,YEAR,011,REGION,PUBLISHED,Alcohol consumption (age 15+),Western Africa,TOTAL,,,
EE6F72ASA_0000001688,SA_0000001688,EE6F72A,SA_0000001688,2010,YEAR,012,COUNTRY,PUBLISHED,Alcohol consumption (age 15+),Algeria,TOTAL,,,
EE6F72ASA_0000001688,SA_0000001688,EE6F72A,SA_0000001688,2010,YEAR,013,REGION,PUBLISHED,Alcohol consumption (age 15+),Central America,TOTAL,,,
EE6F72ASA_0000001688,SA_0000001688,EE6F72A,SA_0000001688,2010,YEAR,001,GLOBAL,PUBLISHED,Alcohol consumption (age 15+),World,TOTAL,,,
EE6F72ASA_0000001688,SA_0000001688,EE6F72A,SA_0000001688,2010,YEAR,002,REGION,PUBLISHED,Alcohol consumption (age 15+),Africa,TOTAL,,,
EE6F72ASA_0000001688,SA_0000001688,EE6F72A,SA_0000001688,2010,YEAR,004,COUNTRY,PUBLISHED,Alcohol consumption (age 15+),Afghanistan,TOTAL,,,
EE6F72ASA_0000001688,SA_0000001688,EE6F72A,SA_0000001688,2009,YEAR,956,WHOREGION,PUBLISHED,Alcohol consumption (age 15+),Europe,TOTAL,,,
EE6F72ASA_0000001688,SA_0000001688,EE6F72A,SA_0000001688,2009,YEAR,957,WHOREGION,PUBLISHED,Alcohol consumption (age 15+),Eastern Mediterranean,TOTAL,,,
EE6F72ASA_0000001688,SA_0000001688,EE6F72A,SA_0000001688,2010,YEAR,005,REGION,PUBLISHED,Alcohol consumption (age 15+),South America,TOTAL,,,
EE6F72ASA_0000001688,SA_0000001688,EE6F72A,SA_0000001688,2010,YEAR,008,COUNTRY,PUBLISHED,Alcohol consumption (age 15+),Albania,TOTAL,,,
EE6F72ASA_0000001688,SA_0000001688,EE6F72A,SA_0000001688,2010,YEAR,014,REGION,PUBLISHED,Alcohol consumption (age 15+),Eastern Africa,TOTAL,,,
EE6F72ASA_0000001688,SA_0000001688,EE6F72A,SA_0000001688,2010,YEAR,015,REGION,PUBLISHED,Alcohol consumption (age 15+),Northern Africa,TOTAL,,,
EE6F72ASA_0000001688,SA_0000001688,EE6F72A,SA_0000001688,2000,YEAR,570,COUNTRY,PUBLISHED,Alcohol consumption (age 15+),Niue,TOTAL,,,
EE6F72ASA_0000001688,SA_0000001688,EE6F72A,SA_0000001688,2000,YEAR,578,COUNTRY,PUBLISHED,Alcohol consumption (age 15+),Norway,TOTAL,,,
EE6F72ASA_0000001688,SA_0000001688,EE6F72A,SA_0000001688,2000,YEAR,583,COUNTRY,PUBLISHED,Alcohol consumption (age 15+),Micronesia (Federated States of),TOTAL,,,
EE6F72ASA_0000001688,SA_0000001688,EE6F72A,SA_0000001688,2000,YEAR,586,COUNTRY,PUBLISHED,Alcohol consumption (age 15+),Pakistan,TOTAL,,,
EE6F72ASA_0000001688,SA_0000001688,EE6F72A,SA_0000001688,2000,YEAR,600,COUNTRY,PUBLISHED,Alcohol consumption (age 15+),Paraguay,TOTAL,,,
EE6F72ASA_0000001688,SA_0000001688,EE6F72A,SA_0000001688,2000,YEAR,604,COUNTRY,PUBLISHED,Alcohol consumption (age 15+),Peru,TOTAL,,,
EE6F72ASA_0000001688,SA_0000001688,EE6F72A,SA_0000001688,2000,YEAR,608,COUNTRY,PUBLISHED,Alcohol consumption (age 15+),Philippines,TOTAL,,,
EE6F72ASA_0000001688,SA_0000001688,EE6F72A,SA_0000001688,2000,YEAR,616,COUNTRY,PUBLISHED,Alcohol consumption (age 15+),Poland,TOTAL,,,
EE6F72ASA_0000001688,SA_0000001688,EE6F72A,SA_0000001688,2000,YEAR,591,COUNTRY,PUBLISHED,Alcohol consumption (age 15+),Panama,TOTAL,,,
EE6F72ASA_0000001688,SA_0000001688,EE6F72A,SA_0000001688,2000,YEAR,598,COUNTRY,PUBLISHED,Alcohol consumption (age 15+),Papua New Guinea,TOTAL,,,
EE6F72ASA_0000001688,SA_0000001688,EE6F72A,SA_0000001688,2000,YEAR,626,COUNTRY,PUBLISHED,Alcohol consumption (age 15+),Timor-Leste,TOTAL,,,
EE6F72ASA_0000001688,SA_0000001688,EE6F72A,SA_0000001688,2000,YEAR,634,COUNTRY,PUBLISHED,Alcohol consumption (age 15+),Qatar,TOTAL,,,
EE6F72ASA_0000001688,SA_0000001688,EE6F72A,SA_0000001688,2000,YEAR,642,COUNTRY,PUBLISHED,Alcohol consumption (age 15+),Romania,TOTAL,,,
EE6F72ASA_0000001688,SA_0000001688,EE6F72A,SA_0000001688,2000,YEAR,643,COUNTRY,PUBLISHED,Alcohol consumption (age 15+),Russian Federation,TOTAL,,,
EE6F72ASA_0000001688,SA_0000001688,EE6F72A,SA_0000001688,2000,YEAR,620,COUNTRY,PUBLISHED,Alcohol consumption (age 15+),Portugal,TOTAL,,,
EE6F72ASA_0000001688,SA_0000001688,EE6F72A,SA_0000001688,2000,YEAR,624,COUNTRY,PUBLISHED,Alcohol consumption (age 15+),Guinea-Bissau,TOTAL,,,
EE6F72ASA_0000001688,SA_0000001688,EE6F72A,SA_0000001688,2000,YEAR,662,COUNTRY,PUBLISHED,Alcohol consumption (age 15+),Saint Lucia,TOTAL,,,
EE6F72ASA_0000001688,SA_0000001688,EE6F72A,SA_0000001688,2000,YEAR,670,COUNTRY,PUBLISHED,Alcohol consumption (age 15+),Saint Vincent and the Grenadines,TOTAL,,,
EE6F72ASA_0000001688,SA_0000001688,EE6F72A,SA_0000001688,2000,YEAR,678,COUNTRY,PUBLISHED,Alcohol consumption (age 15+),Sao Tome and Principe,TOTAL,,,
EE6F72ASA_0000001688,SA_0000001688,EE6F72A,SA_0000001688,2000,YEAR,686,COUNTRY,PUBLISHED,Alcohol consumption (age 15+),Senegal,TOTAL,,,
EE6F72ASA_0000001688,SA_0000001688,EE6F72A,SA_0000001688,2000,YEAR,646,COUNTRY,PUBLISHED,Alcohol consumption (age 15+),Rwanda,TOTAL,,,
EE6F72ASA_0000001688,SA_0000001688,EE6F72A,SA_0000001688,2000,YEAR,659,COUNTRY,PUBLISHED,Alcohol consumption (age 15+),Saint Kitts and Nevis,TOTAL,,,
EE6F72ASA_0000001688,SA_0000001688,EE6F72A,SA_0000001688,2000,YEAR,694,COUNTRY,PUBLISHED,Alcohol consumption (age 15+),Sierra Leone,TOTAL,,,
EE6F72ASA_0000001688,SA_0000001688,EE6F72A,SA_0000001688,2000,YEAR,702,COUNTRY,PUBLISHED,Alcohol consumption (age 15+),Singapore,TOTAL,,,
EE6F72ASA_0000001688,SA_0000001688,EE6F72A,SA_0000001688,2000,YEAR,703,COUNTRY,PUBLISHED,Alcohol consumption (age 15+),Slovakia,TOTAL,,,
EE6F72ASA_0000001688,SA_0000001688,EE6F72A,SA_0000001688,2000,YEAR,704,COUNTRY,PUBLISHED,Alcohol consumption (age 15+),Viet Nam,TOTAL,,,
EE6F72ASA_0000001688,SA_0000001688,EE6F72A,SA_0000001688,2000,YEAR,688,COUNTRY,PUBLISHED,Alcohol consumption (age 15+),Serbia,TOTAL,,,
EE6F72ASA_0000001688,SA_0000001688,EE6F72A,SA_0000001688,2000,YEAR,690,COUNTRY,PUBLISHED,Alcohol consumption (age 15+),Seychelles,TOTAL,,,
EE6F72ASA_0000001688,SA_0000001688,EE6F72A,SA_0000001688,2000,YEAR,710,COUNTRY,PUBLISHED,Alcohol consumption (age 15+),South Africa,TOTAL,,,
EE6F72ASA_0000001688,SA_0000001688,EE6F72A,SA_0000001688,2000,YEAR,716,COUNTRY,PUBLISHED,Alcohol consumption (age 15+),Zimbabwe,TOTAL,,,
EE6F72ASA_0000001688,SA_0000001688,EE6F72A,SA_0000001688,2000,YEAR,722,CLASSIFICATION,PUBLISHED,Alcohol consumption (age 15+),Small Island Developing States,TOTAL,,,
EE6F72ASA_0000001688,SA_0000001688,EE6F72A,SA_0000001688,2000,YEAR,724,COUNTRY,PUBLISHED,Alcohol consumption (age 15+),Spain,TOTAL,,,
EE6F72ASA_0000001688,SA_0000001688,EE6F72A,SA_0000001688,2000,YEAR,705,COUNTRY,PUBLISHED,Alcohol consumption (age 15+),Slovenia,TOTAL,,,
EE6F72ASA_0000001688,SA_0000001688,EE6F72A,SA_0000001688,2000,YEAR,706,COUNTRY,PUBLISHED,Alcohol consumption (age 15+),Somalia,TOTAL,,,
EE6F72ASA_0000001688,SA_0000001688,EE6F72A,SA_0000001688,2000,YEAR,740,COUNTRY,PUBLISHED,Alcohol consumption (age 15+),Suriname,TOTAL,,,
EE6F72ASA_0000001688,SA_0000001688,EE6F72A,SA_0000001688,2000,YEAR,760,COUNTRY,PUBLISHED,Alcohol consumption (age 15+),Syrian Arab Republic,TOTAL,,,
EE6F72ASA_0000001688,SA_0000001688,EE6F72A,SA_0000001688,2000,YEAR,762,COUNTRY,PUBLISHED,Alcohol consumption (age 15+),Tajikistan,TOTAL,,,
EE6F72ASA_0000001688,SA_0000001688,EE6F72A,SA_0000001688,2000,YEAR,764,COUNTRY,PUBLISHED,Alcohol consumption (age 15+),Thailand,TOTAL,,,
EE6F72ASA_0000001688,SA_0000001688,EE6F72A,SA_0000001688,2000,YEAR,768,COUNTRY,PUBLISHED,Alcohol consumption (age 15+),Togo,TOTAL,,,
EE6F72ASA_0000001688,SA_0000001688,EE6F72A,SA_0000001688,2000,YEAR,747,REGION,PUBLISHED,Alcohol consumption (age 15+),Northern Africa and Western Asia,TOTAL,,,
EE6F72ASA_0000001688,SA_0000001688,EE6F72A,SA_0000001688,2000,YEAR,748,COUNTRY,PUBLISHED,Alcohol consumption (age 15+),Eswatini,TOTAL,,,
EE6F72ASA_0000001688,SA_0000001688,EE6F72A,SA_0000001688,2000,YEAR,752,COUNTRY,PUBLISHED,Alcohol consumption (age 15+),Sweden,TOTAL,,,
EE6F72ASA_0000001688,SA_0000001688,EE6F72A,SA_0000001688,2000,YEAR,728,COUNTRY,PUBLISHED,Alcohol consumption (age 15+),South Sudan,TOTAL,,,
EE6F72ASA_0000001688,SA_0000001688,EE6F72A,SA_0000001688,2000,YEAR,729,COUNTRY,PUBLISHED,Alcohol consumption (age 15+),Sudan,TOTAL,,,
EE6F72ASA_0000001688,SA_0000001688,EE6F72A,SA_0000001688,2000,YEAR,753,REGION,PUBLISHED,Alcohol consumption (age 15+),Eastern and South-Eastern Asia,TOTAL,,,
EE6F72ASA_0000001688,SA_0000001688,EE6F72A,SA_0000001688,2000,YEAR,756,COUNTRY,PUBLISHED,Alcohol consumption (age 15+),Switzerland,TOTAL,,,
EE6F72ASA_0000001688,SA_0000001688,EE6F72A,SA_0000001688,2000,YEAR,776,COUNTRY,PUBLISHED,Alcohol consumption (age 15+),Tonga,TOTAL,,,
EE6F72ASA_0000001688,SA_0000001688,EE6F72A,SA_0000001688,2000,YEAR,777,REGION,PUBLISHED,Alcohol consumption (age 15+),,TOTAL,,,
EE6F72ASA_0000001688,SA_0000001688,EE6F72A,SA_0000001688,2000,YEAR,780,COUNTRY,PUBLISHED,Alcohol consumption (age 15+),Trinidad and Tobago,TOTAL,,,
EE6F72ASA_0000001688,SA_0000001688,EE6F72A,SA_0000001688,2000,YEAR,784,COUNTRY,PUBLISHED,Alcohol consumption (age 15+),United Arab Emirates,TOTAL,,,
EE6F72ASA_0000001688,SA_0000001688,EE6F72A,SA_0000001688,2000,YEAR,788,COUNTRY,PUBLISHED,Alcohol consumption (age 15+),Tunisia,TOTAL,,,
EE6F72ASA_0000001688,SA_0000001688,EE6F72A,SA_0000001688,2000,YEAR,792,COUNTRY,PUBLISHED,Alcohol consumption (age 15+),Türkiye,TOTAL,,,
EE6F72ASA_0000001688,SA_0000001688,EE6F72A,SA_0000001688,2000,YEAR,800,COUNTRY,PUBLISHED,Alcohol consumption (age 15+),Uganda,TOTAL,,,
EE6F72ASA_0000001688,SA_0000001688,EE6F72A,SA_0000001688,2000,YEAR,804,COUNTRY,PUBLISHED,Alcohol consumption (age 15+),Ukraine,TOTAL,,,
EE6F72ASA_0000001688,SA_0000001688,EE6F72A,SA_0000001688,2000,YEAR,807,COUNTRY,PUBLISHED,Alcohol consumption (age 15+),North Macedonia,TOTAL,,,
EE6F72ASA_0000001688,SA_0000001688,EE6F72A,SA_0000001688,2000,YEAR,818,COUNTRY,PUBLISHED,Alcohol consumption (age 15+),Egypt,TOTAL,,,
EE6F72ASA_0000001688,SA_0000001688,EE6F72A,SA_0000001688,2000,YEAR,795,COUNTRY,PUBLISHED,Alcohol consumption (age 15+),Turkmenistan,TOTAL,,,
EE6F72ASA_0000001688,SA_0000001688,EE6F72A,SA_0000001688,2000,YEAR,798,COUNTRY,PUBLISHED,Alcohol consumption (age 15+),Tuvalu,TOTAL,,,
EE6F72ASA_0000001688,SA_0000001688,EE6F72A,SA_0000001688,2000,YEAR,840,COUNTRY,PUBLISHED,Alcohol consumption (age 15+),United States of America,TOTAL,,,
EE6F72ASA_0000001688,SA_0000001688,EE6F72A,SA_0000001688,2000,YEAR,854,COUNTRY,PUBLISHED,Alcohol consumption (age 15+),Burkina Faso,TOTAL,,,
EE6F72ASA_0000001688,SA_0000001688,EE6F72A,SA_0000001688,2000,YEAR,858,COUNTRY,PUBLISHED,Alcohol consumption (age 15+),Uruguay,TOTAL,,,
EE6F72ASA_0000001688,SA_0000001688,EE6F72A,SA_0000001688,2000,YEAR,860,COUNTRY,PUBLISHED,Alcohol consumption (age 15+),Uzbekistan,TOTAL,,,
EE6F72ASA_0000001688,SA_0000001688,EE6F72A,SA_0000001688,2000,YEAR,826,COUNTRY,PUBLISHED,Alcohol consumption (age 15+),United Kingdom of Great Britain and Northern Ireland,TOTAL,,,
EE6F72ASA_0000001688,SA_0000001688,EE6F72A,SA_0000001688,2000,YEAR,834,COUNTRY,PUBLISHED,Alcohol consumption (age 15+),United Republic of Tanzania,TOTAL,,,
EE6F72ASA_0000001688,SA_0000001688,EE6F72A,SA_0000001688,2000,YEAR,887,COUNTRY,PUBLISHED,Alcohol consumption (age 15+),Yemen,TOTAL,,,
EE6F72ASA_0000001688,SA_0000001688,EE6F72A,SA_0000001688,2000,YEAR,894,COUNTRY,PUBLISHED,Alcohol consumption (age 15+),Zambia,TOTAL,,,
EE6F72ASA_0000001688,SA_0000001688,EE6F72A,SA_0000001688,2000,YEAR,953,WHOREGION,PUBLISHED,Alcohol consumption (age 15+),Africa,TOTAL,,,
EE6F72ASA_0000001688,SA_0000001688,EE6F72A,SA_0000001688,2000,YEAR,954,WHOREGION,PUBLISHED,Alcohol consumption (age 15+),Americas,TOTAL,,,
EE6F72ASA_0000001688,SA_0000001688,EE6F72A,SA_0000001688,2000,YEAR,862,COUNTRY,PUBLISHED,Alcohol consumption (age 15+),Venezuela (Bolivarian Republic of),TOTAL,,,
EE6F72ASA_0000001688,SA_0000001688,EE6F72A,SA_0000001688,2000,YEAR,882,COUNTRY,PUBLISHED,Alcohol consumption (age 15+),Samoa,TOTAL,,,
EE6F72ASA_0000001688,SA_0000001688,EE6F72A,SA_0000001688,2000,YEAR,957,WHOREGION,PUBLISHED,Alcohol consumption (age 15+),Eastern Mediterranean,TOTAL,,,
EE6F72ASA_0000001688,SA_0000001688,EE6F72A,SA_0000001688,2000,YEAR,958,WHOREGION,PUBLISHED,Alcohol consumption (age 15+),Western Pacific,TOTAL,,,
EE6F72ASA_0000001688,SA_0000001688,EE6F72A,SA_0000001688,2001,YEAR,001,GLOBAL,PUBLISHED,Alcohol consumption (age 15+),World,TOTAL,,,
EE6F72ASA_0000001688,SA_0000001688,EE6F72A,SA_0000001688,2001,YEAR,002,REGION,PUBLISHED,Alcohol consumption (age 15+),Africa,TOTAL,,,
EE6F72ASA_0000001688,SA_0000001688,EE6F72A,SA_0000001688,2000,YEAR,955,WHOREGION,PUBLISHED,Alcohol consumption (age 15+),South-East Asia,TOTAL,,,
EE6F72ASA_0000001688,SA_0000001688,EE6F72A,SA_0000001688,2000,YEAR,956,WHOREGION,PUBLISHED,Alcohol consumption (age 15+),Europe,TOTAL,,,
EE6F72ASA_0000001688,SA_0000001688,EE6F72A,SA_0000001688,2001,YEAR,008,COUNTRY,PUBLISHED,Alcohol consumption (age 15+),Albania,TOTAL,,,
EE6F72ASA_0000001688,SA_0000001688,EE6F72A,SA_0000001688,2001,YEAR,009,REGION,PUBLISHED,Alcohol consumption (age 15+),Oceania,TOTAL,,,
EE6F72ASA_0000001688,SA_0000001688,EE6F72A,SA_0000001688,2001,YEAR,011,REGION,PUBLISHED,Alcohol consumption (age 15+),Western Africa,TOTAL,,,
EE6F72ASA_0000001688,SA_0000001688,EE6F72A,SA_0000001688,2001,YEAR,012,COUNTRY,PUBLISHED,Alcohol consumption (age 15+),Algeria,TOTAL,,,
EE6F72ASA_0000001688,SA_0000001688,EE6F72A,SA_0000001688,2001,YEAR,004,COUNTRY,PUBLISHED,Alcohol consumption (age 15+),Afghanistan,TOTAL,,,
EE6F72ASA_0000001688,SA_0000001688,EE6F72A,SA_0000001688,2001,YEAR,005,REGION,PUBLISHED,Alcohol consumption (age 15+),South America,TOTAL,,,
EE6F72ASA_0000001688,SA_0000001688,EE6F72A,SA_0000001688,2001,YEAR,015,REGION,PUBLISHED,Alcohol consumption (age 15+),Northern Africa,TOTAL,,,
EE6F72ASA_0000001688,SA_0000001688,EE6F72A,SA_0000001688,2001,YEAR,017,REGION,PUBLISHED,Alcohol consumption (age 15+),Middle Africa,TOTAL,,,
EE6F72ASA_0000001688,SA_0000001688,EE6F72A,SA_0000001688,2001,YEAR,018,REGION,PUBLISHED,Alcohol consumption (age 15+),Southern Africa,TOTAL,,,
EE6F72ASA_0000001688,SA_0000001688,EE6F72A,SA_0000001688,2003,YEAR,586,COUNTRY,PUBLISHED,Alcohol consumption (age 15+),Pakistan,TOTAL,,,
EE6F72ASA_0000001688,SA_0000001688,EE6F72A,SA_0000001688,2003,YEAR,591,COUNTRY,PUBLISHED,Alcohol consumption (age 15+),Panama,TOTAL,,,
EE6F72ASA_0000001688,SA_0000001688,EE6F72A,SA_0000001688,2001,YEAR,019,REGION,PUBLISHED,Alcohol consumption (age 15+),Americas,TOTAL,,,
EE6F72ASA_0000001688,SA_0000001688,EE6F72A,SA_0000001688,2001,YEAR,013,REGION,PUBLISHED,Alcohol consumption (age 15+),Central America,TOTAL,,,
EE6F72ASA_0000001688,SA_0000001688,EE6F72A,SA_0000001688,2001,YEAR,014,REGION,PUBLISHED,Alcohol consumption (age 15+),Eastern Africa,TOTAL,,,
EE6F72ASA_0000001688,SA_0000001688,EE6F72A,SA_0000001688,2003,YEAR,578,COUNTRY,PUBLISHED,Alcohol consumption (age 15+),Norway,TOTAL,,,
EE6F72ASA_0000001688,SA_0000001688,EE6F72A,SA_0000001688,2003,YEAR,583,COUNTRY,PUBLISHED,Alcohol consumption (age 15+),Micronesia (Federated States of),TOTAL,,,
EE6F72ASA_0000001688,SA_0000001688,EE6F72A,SA_0000001688,2003,YEAR,566,COUNTRY,PUBLISHED,Alcohol consumption (age 15+),Nigeria,TOTAL,,,
EE6F72ASA_0000001688,SA_0000001688,EE6F72A,SA_0000001688,2003,YEAR,570,COUNTRY,PUBLISHED,Alcohol consumption (age 15+),Niue,TOTAL,,,
EE6F72ASA_0000001688,SA_0000001688,EE6F72A,SA_0000001688,2003,YEAR,616,COUNTRY,PUBLISHED,Alcohol consumption (age 15+),Poland,TOTAL,,,
EE6F72ASA_0000001688,SA_0000001688,EE6F72A,SA_0000001688,2003,YEAR,620,COUNTRY,PUBLISHED,Alcohol consumption (age 15+),Portugal,TOTAL,,,
EE6F72ASA_0000001688,SA_0000001688,EE6F72A,SA_0000001688,2003,YEAR,598,COUNTRY,PUBLISHED,Alcohol consumption (age 15+),Papua New Guinea,TOTAL,,,
EE6F72ASA_0000001688,SA_0000001688,EE6F72A,SA_0000001688,2003,YEAR,600,COUNTRY,PUBLISHED,Alcohol consumption (age 15+),Paraguay,TOTAL,,,
EE6F72ASA_0000001688,SA_0000001688,EE6F72A,SA_0000001688,2003,YEAR,604,COUNTRY,PUBLISHED,Alcohol consumption (age 15+),Peru,TOTAL,,,
EE6F72ASA_0000001688,SA_0000001688,EE6F72A,SA_0000001688,2003,YEAR,608,COUNTRY,PUBLISHED,Alcohol consumption (age 15+),Philippines,TOTAL,,,
EE6F72ASA_0000001688,SA_0000001688,EE6F72A,SA_0000001688,2003,YEAR,634,COUNTRY,PUBLISHED,Alcohol consumption (age 15+),Qatar,TOTAL,,,
EE6F72ASA_0000001688,SA_0000001688,EE6F72A,SA_0000001688,2003,YEAR,642,COUNTRY,PUBLISHED,Alcohol consumption (age 15+),Romania,TOTAL,,,
EE6F72ASA_0000001688,SA_0000001688,EE6F72A,SA_0000001688,2003,YEAR,643,COUNTRY,PUBLISHED,Alcohol consumption (age 15+),Russian Federation,TOTAL,,,
EE6F72ASA_0000001688,SA_0000001688,EE6F72A,SA_0000001688,2003,YEAR,646,COUNTRY,PUBLISHED,Alcohol consumption (age 15+),Rwanda,TOTAL,,,
EE6F72ASA_0000001688,SA_0000001688,EE6F72A,SA_0000001688,2003,YEAR,624,COUNTRY,PUBLISHED,Alcohol consumption (age 15+),Guinea-Bissau,TOTAL,,,
EE6F72ASA_0000001688,SA_0000001688,EE6F72A,SA_0000001688,2003,YEAR,626,COUNTRY,PUBLISHED,Alcohol consumption (age 15+),Timor-Leste,TOTAL,,,
EE6F72ASA_0000001688,SA_0000001688,EE6F72A,SA_0000001688,2003,YEAR,670,COUNTRY,PUBLISHED,Alcohol consumption (age 15+),Saint Vincent and the Grenadines,TOTAL,,,
EE6F72ASA_0000001688,SA_0000001688,EE6F72A,SA_0000001688,2003,YEAR,678,COUNTRY,PUBLISHED,Alcohol consumption (age 15+),Sao Tome and Principe,TOTAL,,,
EE6F72ASA_0000001688,SA_0000001688,EE6F72A,SA_0000001688,2003,YEAR,686,COUNTRY,PUBLISHED,Alcohol consumption (age 15+),Senegal,TOTAL,,,
EE6F72ASA_0000001688,SA_0000001688,EE6F72A,SA_0000001688,2003,YEAR,688,COUNTRY,PUBLISHED,Alcohol consumption (age 15+),Serbia,TOTAL,,,
EE6F72ASA_0000001688,SA_0000001688,EE6F72A,SA_0000001688,2003,YEAR,659,COUNTRY,PUBLISHED,Alcohol consumption (age 15+),Saint Kitts and Nevis,TOTAL,,,
EE6F72ASA_0000001688,SA_0000001688,EE6F72A,SA_0000001688,2003,YEAR,662,COUNTRY,PUBLISHED,Alcohol consumption (age 15+),Saint Lucia,TOTAL,,,
EE6F72ASA_0000001688,SA_0000001688,EE6F72A,SA_0000001688,2003,YEAR,702,COUNTRY,PUBLISHED,Alcohol consumption (age 15+),Singapore,TOTAL,,,
EE6F72ASA_0000001688,SA_0000001688,EE6F72A,SA_0000001688,2003,YEAR,703,COUNTRY,PUBLISHED,Alcohol consumption (age 15+),Slovakia,TOTAL,,,
EE6F72ASA_0000001688,SA_0000001688,EE6F72A,SA_0000001688,2003,YEAR,704,COUNTRY,PUBLISHED,Alcohol consumption (age 15+),Viet Nam,TOTAL,,,
EE6F72ASA_0000001688,SA_0000001688,EE6F72A,SA_0000001688,2003,YEAR,705,COUNTRY,PUBLISHED,Alcohol consumption (age 15+),Slovenia,TOTAL,,,
EE6F72ASA_0000001688,SA_0000001688,EE6F72A,SA_0000001688,2003,YEAR,690,COUNTRY,PUBLISHED,Alcohol consumption (age 15+),Seychelles,TOTAL,,,
EE6F72ASA_0000001688,SA_0000001688,EE6F72A,SA_0000001688,2003,YEAR,694,COUNTRY,PUBLISHED,Alcohol consumption (age 15+),Sierra Leone,TOTAL,,,
EE6F72ASA_0000001688,SA_0000001688,EE6F72A,SA_0000001688,2003,YEAR,716,COUNTRY,PUBLISHED,Alcohol consumption (age 15+),Zimbabwe,TOTAL,,,
EE6F72ASA_0000001688,SA_0000001688,EE6F72A,SA_0000001688,2003,YEAR,722,CLASSIFICATION,PUBLISHED,Alcohol consumption (age 15+),Small Island Developing States,TOTAL,,,
EE6F72ASA_0000001688,SA_0000001688,EE6F72A,SA_0000001688,2003,YEAR,724,COUNTRY,PUBLISHED,Alcohol consumption (age 15+),Spain,TOTAL,,,
EE6F72ASA_0000001688,SA_0000001688,EE6F72A,SA_0000001688,2003,YEAR,728,COUNTRY,PUBLISHED,Alcohol consumption (age 15+),South Sudan,TOTAL,,,
EE6F72ASA_0000001688,SA_0000001688,EE6F72A,SA_0000001688,2003,YEAR,706,COUNTRY,PUBLISHED,Alcohol consumption (age 15+),Somalia,TOTAL,,,
EE6F72ASA_0000001688,SA_0000001688,EE6F72A,SA_0000001688,2003,YEAR,710,COUNTRY,PUBLISHED,Alcohol consumption (age 15+),South Africa,TOTAL,,,
EE6F72ASA_0000001688,SA_0000001688,EE6F72A,SA_0000001688,2003,YEAR,747,REGION,PUBLISHED,Alcohol consumption (age 15+),Northern Africa and Western Asia,TOTAL,,,
EE6F72ASA_0000001688,SA_0000001688,EE6F72A,SA_0000001688,2003,YEAR,748,COUNTRY,PUBLISHED,Alcohol consumption (age 15+),Eswatini,TOTAL,,,
EE6F72ASA_0000001688,SA_0000001688,EE6F72A,SA_0000001688,2003,YEAR,752,COUNTRY,PUBLISHED,Alcohol consumption (age 15+),Sweden,TOTAL,,,
EE6F72ASA_0000001688,SA_0000001688,EE6F72A,SA_0000001688,2003,YEAR,753,REGION,PUBLISHED,Alcohol consumption (age 15+),Eastern and South-Eastern Asia,TOTAL,,,
EE6F72ASA_0000001688,SA_0000001688,EE6F72A,SA_0000001688,2003,YEAR,729,COUNTRY,PUBLISHED,Alcohol consumption (age 15+),Sudan,TOTAL,,,
EE6F72ASA_0000001688,SA_0000001688,EE6F72A,SA_0000001688,2003,YEAR,740,COUNTRY,PUBLISHED,Alcohol consumption (age 15+),Suriname,TOTAL,,,
EE6F72ASA_0000001688,SA_0000001688,EE6F72A,SA_0000001688,2003,YEAR,762,COUNTRY,PUBLISHED,Alcohol consumption (age 15+),Tajikistan,TOTAL,,,
EE6F72ASA_0000001688,SA_0000001688,EE6F72A,SA_0000001688,2003,YEAR,764,COUNTRY,PUBLISHED,Alcohol consumption (age 15+),Thailand,TOTAL,,,
EE6F72ASA_0000001688,SA_0000001688,EE6F72A,SA_0000001688,2003,YEAR,768,COUNTRY,PUBLISHED,Alcohol consumption (age 15+),Togo,TOTAL,,,
EE6F72ASA_0000001688,SA_0000001688,EE6F72A,SA_0000001688,2003,YEAR,776,COUNTRY,PUBLISHED,Alcohol consumption (age 15+),Tonga,TOTAL,,,
EE6F72ASA_0000001688,SA_0000001688,EE6F72A,SA_0000001688,2003,YEAR,756,COUNTRY,PUBLISHED,Alcohol consumption (age 15+),Switzerland,TOTAL,,,
EE6F72ASA_0000001688,SA_0000001688,EE6F72A,SA_0000001688,2003,YEAR,760,COUNTRY,PUBLISHED,Alcohol consumption (age 15+),Syrian Arab Republic,TOTAL,,,
EE6F72ASA_0000001688,SA_0000001688,EE6F72A,SA_0000001688,2003,YEAR,784,COUNTRY,PUBLISHED,Alcohol consumption (age 15+),United Arab Emirates,TOTAL,,,
EE6F72ASA_0000001688,SA_0000001688,EE6F72A,SA_0000001688,2003,YEAR,788,COUNTRY,PUBLISHED,Alcohol consumption (age 15+),Tunisia,TOTAL,,,
EE6F72ASA_0000001688,SA_0000001688,EE6F72A,SA_0000001688,2003,YEAR,792,COUNTRY,PUBLISHED,Alcohol consumption (age 15+),Türkiye,TOTAL,,,
EE6F72ASA_0000001688,SA_0000001688,EE6F72A,SA_0000001688,2003,YEAR,795,COUNTRY,PUBLISHED,Alcohol consumption (age 15+),Turkmenistan,TOTAL,,,
EE6F72ASA_0000001688,SA_0000001688,EE6F72A,SA_0000001688,2003,YEAR,777,REGION,PUBLISHED,Alcohol consumption (age 15+),,TOTAL,,,
EE6F72ASA_0000001688,SA_0000001688,EE6F72A,SA_0000001688,2003,YEAR,780,COUNTRY,PUBLISHED,Alcohol consumption (age 15+),Trinidad and Tobago,TOTAL,,,
EE6F72ASA_0000001688,SA_0000001688,EE6F72A,SA_0000001688,2003,YEAR,804,COUNTRY,PUBLISHED,Alcohol consumption (age 15+),Ukraine,TOTAL,,,
EE6F72ASA_0000001688,SA_0000001688,EE6F72A,SA_0000001688,2003,YEAR,807,COUNTRY,PUBLISHED,Alcohol consumption (age 15+),North Macedonia,TOTAL,,,
EE6F72ASA_0000001688,SA_0000001688,EE6F72A,SA_0000001688,2003,YEAR,818,COUNTRY,PUBLISHED,Alcohol consumption (age 15+),Egypt,TOTAL,,,
EE6F72ASA_0000001688,SA_0000001688,EE6F72A,SA_0000001688,2003,YEAR,826,COUNTRY,PUBLISHED,Alcohol consumption (age 15+),United Kingdom of Great Britain and Northern Ireland,TOTAL,,,
EE6F72ASA_0000001688,SA_0000001688,EE6F72A,SA_0000001688,2003,YEAR,798,COUNTRY,PUBLISHED,Alcohol consumption (age 15+),Tuvalu,TOTAL,,,
EE6F72ASA_0000001688,SA_0000001688,EE6F72A,SA_0000001688,2003,YEAR,800,COUNTRY,PUBLISHED,Alcohol consumption (age 15+),Uganda,TOTAL,,,
EE6F72ASA_0000001688,SA_0000001688,EE6F72A,SA_0000001688,2003,YEAR,854,COUNTRY,PUBLISHED,Alcohol consumption (age 15+),Burkina Faso,TOTAL,,,
EE6F72ASA_0000001688,SA_0000001688,EE6F72A,SA_0000001688,2003,YEAR,858,COUNTRY,PUBLISHED,Alcohol consumption (age 15+),Uruguay,TOTAL,,,
EE6F72ASA_0000001688,SA_0000001688,EE6F72A,SA_0000001688,2003,YEAR,860,COUNTRY,PUBLISHED,Alcohol consumption (age 15+),Uzbekistan,TOTAL,,,
EE6F72ASA_0000001688,SA_0000001688,EE6F72A,SA_0000001688,2003,YEAR,862,COUNTRY,PUBLISHED,Alcohol consumption (age 15+),Venezuela (Bolivarian Republic of),TOTAL,,,
EE6F72ASA_0000001688,SA_0000001688,EE6F72A,SA_0000001688,2003,YEAR,834,COUNTRY,PUBLISHED,Alcohol consumption (age 15+),United Republic of Tanzania,TOTAL,,,
EE6F72ASA_0000001688,SA_0000001688,EE6F72A,SA_0000001688,2003,YEAR,840,COUNTRY,PUBLISHED,Alcohol consumption (age 15+),United States of America,TOTAL,,,
EE6F72ASA_0000001688,SA_0000001688,EE6F72A,SA_0000001688,2003,YEAR,894,COUNTRY,PUBLISHED,Alcohol consumption (age 15+),Zambia,TOTAL,,,
EE6F72ASA_0000001688,SA_0000001688,EE6F72A,SA_0000001688,2003,YEAR,953,WHOREGION,PUBLISHED,Alcohol consumption (age 15+),Africa,TOTAL,,,
EE6F72ASA_0000001688,SA_0000001688,EE6F72A,SA_0000001688,2003,YEAR,954,WHOREGION,PUBLISHED,Alcohol consumption (age 15+),Americas,TOTAL,,,
EE6F72ASA_0000001688,SA_0000001688,EE6F72A,SA_0000001688,2003,YEAR,955,WHOREGION,PUBLISHED,Alcohol consumption (age 15+),South-East Asia,TOTAL,,,
EE6F72ASA_0000001688,SA_0000001688,EE6F72A,SA_0000001688,2003,YEAR,882,COUNTRY,PUBLISHED,Alcohol consumption (age 15+),Samoa,TOTAL,,,
EE6F72ASA_0000001688,SA_0000001688,EE6F72A,SA_0000001688,2003,YEAR,887,COUNTRY,PUBLISHED,Alcohol consumption (age 15+),Yemen,TOTAL,,,
EE6F72ASA_0000001688,SA_0000001688,EE6F72A,SA_0000001688,2003,YEAR,958,WHOREGION,PUBLISHED,Alcohol consumption (age 15+),Western Pacific,TOTAL,,,
EE6F72ASA_0000001688,SA_0000001688,EE6F72A,SA_0000001688,2004,YEAR,001,GLOBAL,PUBLISHED,Alcohol consumption (age 15+),World,TOTAL,,,
EE6F72ASA_0000001688,SA_0000001688,EE6F72A,SA_0000001688,2004,YEAR,002,REGION,PUBLISHED,Alcohol consumption (age 15+),Africa,TOTAL,,,
EE6F72ASA_0000001688,SA_0000001688,EE6F72A,SA_0000001688,2004,YEAR,004,COUNTRY,PUBLISHED,Alcohol consumption (age 15+),Afghanistan,TOTAL,,,
EE6F72ASA_0000001688,SA_0000001688,EE6F72A,SA_0000001688,2003,YEAR,956,WHOREGION,PUBLISHED,Alcohol consumption (age 15+),Europe,TOTAL,,,
EE6F72ASA_0000001688,SA_0000001688,EE6F72A,SA_0000001688,2003,YEAR,957,WHOREGION,PUBLISHED,Alcohol consumption (age 15+),Eastern Mediterranean,TOTAL,,,
EE6F72ASA_0000001688,SA_0000001688,EE6F72A,SA_0000001688,2004,YEAR,009,REGION,PUBLISHED,Alcohol consumption (age 15+),Oceania,TOTAL,,,
EE6F72ASA_0000001688,SA_0000001688,EE6F72A,SA_0000001688,2004,YEAR,011,REGION,PUBLISHED,Alcohol consumption (age 15+),Western Africa,TOTAL,,,
EE6F72ASA_0000001688,SA_0000001688,EE6F72A,SA_0000001688,2004,YEAR,012,COUNTRY,PUBLISHED,Alcohol consumption (age 15+),Algeria,TOTAL,,,
EE6F72ASA_0000001688,SA_0000001688,EE6F72A,SA_0000001688,2004,YEAR,013,REGION,PUBLISHED,Alcohol consumption (age 15+),Central America,TOTAL,,,
EE6F72ASA_0000001688,SA_0000001688,EE6F72A,SA_0000001688,2004,YEAR,005,REGION,PUBLISHED,Alcohol consumption (age 15+),South America,TOTAL,,,
EE6F72ASA_0000001688,SA_0000001688,EE6F72A,SA_0000001688,2004,YEAR,008,COUNTRY,PUBLISHED,Alcohol consumption (age 15+),Albania,TOTAL,,,
EE6F72ASA_0000001688,SA_0000001688,EE6F72A,SA_0000001688,2004,YEAR,017,REGION,PUBLISHED,Alcohol consumption (age 15+),Middle Africa,TOTAL,,,
EE6F72ASA_0000001688,SA_0000001688,EE6F72A,SA_0000001688,2004,YEAR,018,REGION,PUBLISHED,Alcohol consumption (age 15+),Southern Africa,TOTAL,,,
EE6F72ASA_0000001688,SA_0000001688,EE6F72A,SA_0000001688,2006,YEAR,191,COUNTRY,PUBLISHED,Alcohol consumption (age 15+),Croatia,TOTAL,,,
EE6F72ASA_0000001688,SA_0000001688,EE6F72A,SA_0000001688,2006,YEAR,192,COUNTRY,PUBLISHED,Alcohol consumption (age 15+),Cuba,TOTAL,,,
EE6F72ASA_0000001688,SA_0000001688,EE6F72A,SA_0000001688,2004,YEAR,014,REGION,PUBLISHED,Alcohol consumption (age 15+),Eastern Africa,TOTAL,,,
EE6F72ASA_0000001688,SA_0000001688,EE6F72A,SA_0000001688,2004,YEAR,015,REGION,PUBLISHED,Alcohol consumption (age 15+),Northern Africa,TOTAL,,,
EE6F72ASA_0000001688,SA_0000001688,EE6F72A,SA_0000001688,2006,YEAR,202,REGION,PUBLISHED,Alcohol consumption (age 15+),Sub-Saharan Africa,TOTAL,,,
EE6F72ASA_0000001688,SA_0000001688,EE6F72A,SA_0000001688,2006,YEAR,203,COUNTRY,PUBLISHED,Alcohol consumption (age 15+),Czechia,TOTAL,,,
EE6F72ASA_0000001688,SA_0000001688,EE6F72A,SA_0000001688,2006,YEAR,204,COUNTRY,PUBLISHED,Alcohol consumption (age 15+),Benin,TOTAL,,,
EE6F72ASA_0000001688,SA_0000001688,EE6F72A,SA_0000001688,2006,YEAR,208,COUNTRY,PUBLISHED,Alcohol consumption (age 15+),Denmark,TOTAL,,,
EE6F72ASA_0000001688,SA_0000001688,EE6F72A,SA_0000001688,2006,YEAR,196,COUNTRY,PUBLISHED,Alcohol consumption (age 15+),Cyprus,TOTAL,,,
EE6F72ASA_0000001688,SA_0000001688,EE6F72A,SA_0000001688,2006,YEAR,199,CLASSIFICATION,PUBLISHED,Alcohol consumption (age 15+),Least developed countries,TOTAL,,,
EE6F72ASA_0000001688,SA_0000001688,EE6F72A,SA_0000001688,2006,YEAR,218,COUNTRY,PUBLISHED,Alcohol consumption (age 15+),Ecuador,TOTAL,,,
EE6F72ASA_0000001688,SA_0000001688,EE6F72A,SA_0000001688,2006,YEAR,222,COUNTRY,PUBLISHED,Alcohol consumption (age 15+),El Salvador,TOTAL,,,
EE6F72ASA_0000001688,SA_0000001688,EE6F72A,SA_0000001688,2006,YEAR,226,COUNTRY,PUBLISHED,Alcohol consumption (age 15+),Equatorial Guinea,TOTAL,,,
EE6F72ASA_0000001688,SA_0000001688,EE6F72A,SA_0000001688,2006,YEAR,231,COUNTRY,PUBLISHED,Alcohol consumption (age 15+),Ethiopia,TOTAL,,,
EE6F72ASA_0000001688,SA_0000001688,EE6F72A,SA_0000001688,2006,YEAR,212,COUNTRY,PUBLISHED,Alcohol consumption (age 15+),Dominica,TOTAL,,,
EE6F72ASA_0000001688,SA_0000001688,EE6F72A,SA_0000001688,2006,YEAR,214,COUNTRY,PUBLISHED,Alcohol consumption (age 15+),Dominican Republic,TOTAL,,,
EE6F72ASA_0000001688,SA_0000001688,EE6F72A,SA_0000001688,2006,YEAR,242,COUNTRY,PUBLISHED,Alcohol consumption (age 15+),Fiji,TOTAL,,,
EE6F72ASA_0000001688,SA_0000001688,EE6F72A,SA_0000001688,2006,YEAR,246,COUNTRY,PUBLISHED,Alcohol consumption (age 15+),Finland,TOTAL,,,
EE6F72ASA_0000001688,SA_0000001688,EE6F72A,SA_0000001688,2006,YEAR,250,COUNTRY,PUBLISHED,Alcohol consumption (age 15+),France,TOTAL,,,
EE6F72ASA_0000001688,SA_0000001688,EE6F72A,SA_0000001688,2006,YEAR,262,COUNTRY,PUBLISHED,Alcohol consumption (age 15+),Djibouti,TOTAL,,,
EE6F72ASA_0000001688,SA_0000001688,EE6F72A,SA_0000001688,2006,YEAR,232,COUNTRY,PUBLISHED,Alcohol consumption (age 15+),Eritrea,TOTAL,,,
EE6F72ASA_0000001688,SA_0000001688,EE6F72A,SA_0000001688,2006,YEAR,233,COUNTRY,PUBLISHED,Alcohol consumption (age 15+),Estonia,TOTAL,,,
EE6F72ASA_0000001688,SA_0000001688,EE6F72A,SA_0000001688,2006,YEAR,270,COUNTRY,PUBLISHED,Alcohol consumption (age 15+),Gambia,TOTAL,,,
EE6F72ASA_0000001688,SA_0000001688,EE6F72A,SA_0000001688,2006,YEAR,276,COUNTRY,PUBLISHED,Alcohol consumption (age 15+),Germany,TOTAL,,,
EE6F72ASA_0000001688,SA_0000001688,EE6F72A,SA_0000001688,2006,YEAR,288,COUNTRY,PUBLISHED,Alcohol consumption (age 15+),Ghana,TOTAL,,,
EE6F72ASA_0000001688,SA_0000001688,EE6F72A,SA_0000001688,2006,YEAR,296,COUNTRY,PUBLISHED,Alcohol consumption (age 15+),Kiribati,TOTAL,,,
EE6F72ASA_0000001688,SA_0000001688,EE6F72A,SA_0000001688,2006,YEAR,266,COUNTRY,PUBLISHED,Alcohol consumption (age 15+),Gabon,TOTAL,,,
EE6F72ASA_0000001688,SA_0000001688,EE6F72A,SA_0000001688,2006,YEAR,268,COUNTRY,PUBLISHED,Alcohol consumption (age 15+),Georgia,TOTAL,,,
EE6F72ASA_0000001688,SA_0000001688,EE6F72A,SA_0000001688,2006,YEAR,320,COUNTRY,PUBLISHED,Alcohol consumption (age 15+),Guatemala,TOTAL,,,
EE6F72ASA_0000001688,SA_0000001688,EE6F72A,SA_0000001688,2006,YEAR,324,COUNTRY,PUBLISHED,Alcohol consumption (age 15+),Guinea,TOTAL,,,
EE6F72ASA_0000001688,SA_0000001688,EE6F72A,SA_0000001688,2006,YEAR,328,COUNTRY,PUBLISHED,Alcohol consumption (age 15+),Guyana,TOTAL,,,
EE6F72ASA_0000001688,SA_0000001688,EE6F72A,SA_0000001688,2006,YEAR,332,COUNTRY,PUBLISHED,Alcohol consumption (age 15+),Haiti,TOTAL,,,
EE6F72ASA_0000001688,SA_0000001688,EE6F72A,SA_0000001688,2006,YEAR,300,COUNTRY,PUBLISHED,Alcohol consumption (age 15+),Greece,TOTAL,,,
EE6F72ASA_0000001688,SA_0000001688,EE6F72A,SA_0000001688,2006,YEAR,308,COUNTRY,PUBLISHED,Alcohol consumption (age 15+),Grenada,TOTAL,,,
EE6F72ASA_0000001688,SA_0000001688,EE6F72A,SA_0000001688,2006,YEAR,352,COUNTRY,PUBLISHED,Alcohol consumption (age 15+),Iceland,TOTAL,,,
EE6F72ASA_0000001688,SA_0000001688,EE6F72A,SA_0000001688,2006,YEAR,356,COUNTRY,PUBLISHED,Alcohol consumption (age 15+),India,TOTAL,,,
EE6F72ASA_0000001688,SA_0000001688,EE6F72A,SA_0000001688,2006,YEAR,360,COUNTRY,PUBLISHED,Alcohol consumption (age 15+),Indonesia,TOTAL,,,
EE6F72ASA_0000001688,SA_0000001688,EE6F72A,SA_0000001688,2006,YEAR,364,COUNTRY,PUBLISHED,Alcohol consumption (age 15+),Iran (Islamic Republic of),TOTAL,,,
EE6F72ASA_0000001688,SA_0000001688,EE6F72A,SA_0000001688,2006,YEAR,340,COUNTRY,PUBLISHED,Alcohol consumption (age 15+),Honduras,TOTAL,,,
EE6F72ASA_0000001688,SA_0000001688,EE6F72A,SA_0000001688,2006,YEAR,348,COUNTRY,PUBLISHED,Alcohol consumption (age 15+),Hungary,TOTAL,,,
EE6F72ASA_0000001688,SA_0000001688,EE6F72A,SA_0000001688,2006,YEAR,376,COUNTRY,PUBLISHED,Alcohol consumption (age 15+),Israel,TOTAL,,,
EE6F72ASA_0000001688,SA_0000001688,EE6F72A,SA_0000001688,2006,YEAR,380,COUNTRY,PUBLISHED,Alcohol consumption (age 15+),Italy,TOTAL,,,
EE6F72ASA_0000001688,SA_0000001688,EE6F72A,SA_0000001688,2006,YEAR,404,COUNTRY,PUBLISHED,Alcohol consumption (age 15+),Kenya,TOTAL,,,
EE6F72ASA_0000001688,SA_0000001688,EE6F72A,SA_0000001688,2006,YEAR,408,COUNTRY,PUBLISHED,Alcohol consumption (age 15+),Democratic People's Republic of Korea,TOTAL,,,
EE6F72ASA_0000001688,SA_0000001688,EE6F72A,SA_0000001688,2006,YEAR,410,COUNTRY,PUBLISHED,Alcohol consumption (age 15+),Republic of Korea,TOTAL,,,
EE6F72ASA_0000001688,SA_0000001688,EE6F72A,SA_0000001688,2006,YEAR,384,COUNTRY,PUBLISHED,Alcohol consumption (age 15+),Côte d'Ivoire,TOTAL,,,
EE6F72ASA_0000001688,SA_0000001688,EE6F72A,SA_0000001688,2006,YEAR,388,COUNTRY,PUBLISHED,Alcohol consumption (age 15+),Jamaica,TOTAL,,,
EE6F72ASA_0000001688,SA_0000001688,EE6F72A,SA_0000001688,2006,YEAR,368,COUNTRY,PUBLISHED,Alcohol consumption (age 15+),Iraq,TOTAL,,,
EE6F72ASA_0000001688,SA_0000001688,EE6F72A,SA_0000001688,2006,YEAR,372,COUNTRY,PUBLISHED,Alcohol consumption (age 15+),Ireland,TOTAL,,,
EE6F72ASA_0000001688,SA_0000001688,EE6F72A,SA_0000001688,2006,YEAR,400,COUNTRY,PUBLISHED,Alcohol consumption (age 15+),Jordan,TOTAL,,,
EE6F72ASA_0000001688,SA_0000001688,EE6F72A,SA_0000001688,2006,YEAR,392,COUNTRY,PUBLISHED,Alcohol consumption (age 15+),Japan,TOTAL,,,
EE6F72ASA_0000001688,SA_0000001688,EE6F72A,SA_0000001688,2006,YEAR,398,COUNTRY,PUBLISHED,Alcohol consumption (age 15+),Kazakhstan,TOTAL,,,
EE6F72ASA_0000001688,SA_0000001688,EE6F72A,SA_0000001688,2006,YEAR,426,COUNTRY,PUBLISHED,Alcohol consumption (age 15+),Lesotho,TOTAL,,,
EE6F72ASA_0000001688,SA_0000001688,EE6F72A,SA_0000001688,2006,YEAR,414,COUNTRY,PUBLISHED,Alcohol consumption (age 15+),Kuwait,TOTAL,,,
EE6F72ASA_0000001688,SA_0000001688,EE6F72A,SA_0000001688,2006,YEAR,417,COUNTRY,PUBLISHED,Alcohol consumption (age 15+),Kyrgyzstan,TOTAL,,,
EE6F72ASA_0000001688,SA_0000001688,EE6F72A,SA_0000001688,2006,YEAR,418,COUNTRY,PUBLISHED,Alcohol consumption (age 15+),Lao People's Democratic Republic,TOTAL,,,
EE6F72ASA_0000001688,SA_0000001688,EE6F72A,SA_0000001688,2006,YEAR,419,REGION,PUBLISHED,Alcohol consumption (age 15+),Latin America and the Caribbean,TOTAL,,,
EE6F72ASA_0000001688,SA_0000001688,EE6F72A,SA_0000001688,2006,YEAR,422,COUNTRY,PUBLISHED,Alcohol consumption (age 15+),Lebanon,TOTAL,,,
EE6F72ASA_0000001688,SA_0000001688,EE6F72A,SA_0000001688,2006,YEAR,432,CLASSIFICATION,PUBLISHED,Alcohol consumption (age 15+),Landlocked developing countries,TOTAL,,,
EE6F72ASA_0000001688,SA_0000001688,EE6F72A,SA_0000001688,2006,YEAR,434,COUNTRY,PUBLISHED,Alcohol consumption (age 15+),Libya,TOTAL,,,
EE6F72ASA_0000001688,SA_0000001688,EE6F72A,SA_0000001688,2006,YEAR,440,COUNTRY,PUBLISHED,Alcohol consumption (age 15+),Lithuania,TOTAL,,,
EE6F72ASA_0000001688,SA_0000001688,EE6F72A,SA_0000001688,2006,YEAR,442,COUNTRY,PUBLISHED,Alcohol consumption (age 15+),Luxembourg,TOTAL,,,
EE6F72ASA_0000001688,SA_0000001688,EE6F72A,SA_0000001688,2006,YEAR,428,COUNTRY,PUBLISHED,Alcohol consumption (age 15+),Latvia,TOTAL,,,
EE6F72ASA_0000001688,SA_0000001688,EE6F72A,SA_0000001688,2006,YEAR,430,COUNTRY,PUBLISHED,Alcohol consumption (age 15+),Liberia,TOTAL,,,
EE6F72ASA_0000001688,SA_0000001688,EE6F72A,SA_0000001688,2006,YEAR,458,COUNTRY,PUBLISHED,Alcohol consumption (age 15+),Malaysia,TOTAL,,,
EE6F72ASA_0000001688,SA_0000001688,EE6F72A,SA_0000001688,2006,YEAR,462,COUNTRY,PUBLISHED,Alcohol consumption (age 15+),Maldives,TOTAL,,,
EE6F72ASA_0000001688,SA_0000001688,EE6F72A,SA_0000001688,2006,YEAR,466,COUNTRY,PUBLISHED,Alcohol consumption (age 15+),Mali,TOTAL,,,
EE6F72ASA_0000001688,SA_0000001688,EE6F72A,SA_0000001688,2006,YEAR,470,COUNTRY,PUBLISHED,Alcohol consumption (age 15+),Malta,TOTAL,,,
EE6F72ASA_0000001688,SA_0000001688,EE6F72A,SA_0000001688,2006,YEAR,450,COUNTRY,PUBLISHED,Alcohol consumption (age 15+),Madagascar,TOTAL,,,
EE6F72ASA_0000001688,SA_0000001688,EE6F72A,SA_0000001688,2006,YEAR,454,COUNTRY,PUBLISHED,Alcohol consumption (age 15+),Malawi,TOTAL,,,
EE6F72ASA_0000001688,SA_0000001688,EE6F72A,SA_0000001688,2006,YEAR,484,COUNTRY,PUBLISHED,Alcohol consumption (age 15+),Mexico,TOTAL,,,
EE6F72ASA_0000001688,SA_0000001688,EE6F72A,SA_0000001688,2006,YEAR,496,COUNTRY,PUBLISHED,Alcohol consumption (age 15+),Mongolia,TOTAL,,,
EE6F72ASA_0000001688,SA_0000001688,EE6F72A,SA_0000001688,2006,YEAR,498,COUNTRY,PUBLISHED,Alcohol consumption (age 15+),Republic of Moldova,TOTAL,,,
EE6F72ASA_0000001688,SA_0000001688,EE6F72A,SA_0000001688,2006,YEAR,499,COUNTRY,PUBLISHED,Alcohol consumption (age 15+),Montenegro,TOTAL,,,
EE6F72ASA_0000001688,SA_0000001688,EE6F72A,SA_0000001688,2006,YEAR,478,COUNTRY,PUBLISHED,Alcohol consumption (age 15+),Mauritania,TOTAL,,,
EE6F72ASA_0000001688,SA_0000001688,EE6F72A,SA_0000001688,2006,YEAR,480,COUNTRY,PUBLISHED,Alcohol consumption (age 15+),Mauritius,TOTAL,,,
EE6F72ASA_0000001688,SA_0000001688,EE6F72A,SA_0000001688,2006,YEAR,512,COUNTRY,PUBLISHED,Alcohol consumption (age 15+),Oman,TOTAL,,,
EE6F72ASA_0000001688,SA_0000001688,EE6F72A,SA_0000001688,2006,YEAR,513,REGION,PUBLISHED,Alcohol consumption (age 15+),Europe and Northern America,TOTAL,,,
EE6F72ASA_0000001688,SA_0000001688,EE6F72A,SA_0000001688,2006,YEAR,514,CLASSIFICATION,PUBLISHED,Alcohol consumption (age 15+),"Developed regions (Europe, Cyprus, Israel, Northern America, Japan, Australia & New Zealand)",TOTAL,,,
EE6F72ASA_0000001688,SA_0000001688,EE6F72A,SA_0000001688,2006,YEAR,515,CLASSIFICATION,PUBLISHED,Alcohol consumption (age 15+),Developing regions,TOTAL,,,
EE6F72ASA_0000001688,SA_0000001688,EE6F72A,SA_0000001688,2006,YEAR,504,COUNTRY,PUBLISHED,Alcohol consumption (age 15+),Morocco,TOTAL,,,
EE6F72ASA_0000001688,SA_0000001688,EE6F72A,SA_0000001688,2006,YEAR,508,COUNTRY,PUBLISHED,Alcohol consumption (age 15+),Mozambique,TOTAL,,,
EE6F72ASA_0000001688,SA_0000001688,EE6F72A,SA_0000001688,2006,YEAR,524,COUNTRY,PUBLISHED,Alcohol consumption (age 15+),Nepal,TOTAL,,,
EE6F72ASA_0000001688,SA_0000001688,EE6F72A,SA_0000001688,2006,YEAR,528,COUNTRY,PUBLISHED,Alcohol consumption (age 15+),Netherlands (Kingdom of the),TOTAL,,,
EE6F72ASA_0000001688,SA_0000001688,EE6F72A,SA_0000001688,2006,YEAR,543,REGION,PUBLISHED,Alcohol consumption (age 15+),Oceania (exc. Australia and New Zealand),TOTAL,,,
EE6F72ASA_0000001688,SA_0000001688,EE6F72A,SA_0000001688,2006,YEAR,548,COUNTRY,PUBLISHED,Alcohol consumption (age 15+),Vanuatu,TOTAL,,,
EE6F72ASA_0000001688,SA_0000001688,EE6F72A,SA_0000001688,2006,YEAR,516,COUNTRY,PUBLISHED,Alcohol consumption (age 15+),Namibia,TOTAL,,,
EE6F72ASA_0000001688,SA_0000001688,EE6F72A,SA_0000001688,2006,YEAR,520,COUNTRY,PUBLISHED,Alcohol consumption (age 15+),Nauru,TOTAL,,,
EE6F72ASA_0000001688,SA_0000001688,EE6F72A,SA_0000001688,2009,YEAR,188,COUNTRY,PUBLISHED,Alcohol consumption (age 15+),Costa Rica,TOTAL,,,
EE6F72ASA_0000001688,SA_0000001688,EE6F72A,SA_0000001688,2009,YEAR,191,COUNTRY,PUBLISHED,Alcohol consumption (age 15+),Croatia,TOTAL,,,
EE6F72ASA_0000001688,SA_0000001688,EE6F72A,SA_0000001688,2009,YEAR,192,COUNTRY,PUBLISHED,Alcohol consumption (age 15+),Cuba,TOTAL,,,
EE6F72ASA_0000001688,SA_0000001688,EE6F72A,SA_0000001688,2009,YEAR,196,COUNTRY,PUBLISHED,Alcohol consumption (age 15+),Cyprus,TOTAL,,,
EE6F72ASA_0000001688,SA_0000001688,EE6F72A,SA_0000001688,2006,YEAR,554,COUNTRY,PUBLISHED,Alcohol consumption (age 15+),New Zealand,TOTAL,,,
EE6F72ASA_0000001688,SA_0000001688,EE6F72A,SA_0000001688,2006,YEAR,558,COUNTRY,PUBLISHED,Alcohol consumption (age 15+),Nicaragua,TOTAL,,,
EE6F72ASA_0000001688,SA_0000001688,EE6F72A,SA_0000001688,2009,YEAR,203,COUNTRY,PUBLISHED,Alcohol consumption (age 15+),Czechia,TOTAL,,,
EE6F72ASA_0000001688,SA_0000001688,EE6F72A,SA_0000001688,2009,YEAR,204,COUNTRY,PUBLISHED,Alcohol consumption (age 15+),Benin,TOTAL,,,
EE6F72ASA_0000001688,SA_0000001688,EE6F72A,SA_0000001688,2009,YEAR,208,COUNTRY,PUBLISHED,Alcohol consumption (age 15+),Denmark,TOTAL,,,
EE6F72ASA_0000001688,SA_0000001688,EE6F72A,SA_0000001688,2009,YEAR,212,COUNTRY,PUBLISHED,Alcohol consumption (age 15+),Dominica,TOTAL,,,
EE6F72ASA_0000001688,SA_0000001688,EE6F72A,SA_0000001688,2009,YEAR,199,CLASSIFICATION,PUBLISHED,Alcohol consumption (age 15+),Least developed countries,TOTAL,,,
EE6F72ASA_0000001688,SA_0000001688,EE6F72A,SA_0000001688,2009,YEAR,202,REGION,PUBLISHED,Alcohol consumption (age 15+),Sub-Saharan Africa,TOTAL,,,
EE6F72ASA_0000001688,SA_0000001688,EE6F72A,SA_0000001688,2009,YEAR,222,COUNTRY,PUBLISHED,Alcohol consumption (age 15+),El Salvador,TOTAL,,,
EE6F72ASA_0000001688,SA_0000001688,EE6F72A,SA_0000001688,2009,YEAR,226,COUNTRY,PUBLISHED,Alcohol consumption (age 15+),Equatorial Guinea,TOTAL,,,
EE6F72ASA_0000001688,SA_0000001688,EE6F72A,SA_0000001688,2009,YEAR,231,COUNTRY,PUBLISHED,Alcohol consumption (age 15+),Ethiopia,TOTAL,,,
EE6F72ASA_0000001688,SA_0000001688,EE6F72A,SA_0000001688,2009,YEAR,232,COUNTRY,PUBLISHED,Alcohol consumption (age 15+),Eritrea,TOTAL,,,
EE6F72ASA_0000001688,SA_0000001688,EE6F72A,SA_0000001688,2009,YEAR,214,COUNTRY,PUBLISHED,Alcohol consumption (age 15+),Dominican Republic,TOTAL,,,
EE6F72ASA_0000001688,SA_0000001688,EE6F72A,SA_0000001688,2009,YEAR,218,COUNTRY,PUBLISHED,Alcohol consumption (age 15+),Ecuador,TOTAL,,,
EE6F72ASA_0000001688,SA_0000001688,EE6F72A,SA_0000001688,2009,YEAR,246,COUNTRY,PUBLISHED,Alcohol consumption (age 15+),Finland,TOTAL,,,
EE6F72ASA_0000001688,SA_0000001688,EE6F72A,SA_0000001688,2009,YEAR,250,COUNTRY,PUBLISHED,Alcohol consumption (age 15+),France,TOTAL,,,
EE6F72ASA_0000001688,SA_0000001688,EE6F72A,SA_0000001688,2009,YEAR,262,COUNTRY,PUBLISHED,Alcohol consumption (age 15+),Djibouti,TOTAL,,,
EE6F72ASA_0000001688,SA_0000001688,EE6F72A,SA_0000001688,2009,YEAR,266,COUNTRY,PUBLISHED,Alcohol consumption (age 15+),Gabon,TOTAL,,,
EE6F72ASA_0000001688,SA_0000001688,EE6F72A,SA_0000001688,2009,YEAR,233,COUNTRY,PUBLISHED,Alcohol consumption (age 15+),Estonia,TOTAL,,,
EE6F72ASA_0000001688,SA_0000001688,EE6F72A,SA_0000001688,2009,YEAR,242,COUNTRY,PUBLISHED,Alcohol consumption (age 15+),Fiji,TOTAL,,,
EE6F72ASA_0000001688,SA_0000001688,EE6F72A,SA_0000001688,2009,YEAR,276,COUNTRY,PUBLISHED,Alcohol consumption (age 15+),Germany,TOTAL,,,
EE6F72ASA_0000001688,SA_0000001688,EE6F72A,SA_0000001688,2009,YEAR,288,COUNTRY,PUBLISHED,Alcohol consumption (age 15+),Ghana,TOTAL,,,
EE6F72ASA_0000001688,SA_0000001688,EE6F72A,SA_0000001688,2009,YEAR,296,COUNTRY,PUBLISHED,Alcohol consumption (age 15+),Kiribati,TOTAL,,,
EE6F72ASA_0000001688,SA_0000001688,EE6F72A,SA_0000001688,2009,YEAR,300,COUNTRY,PUBLISHED,Alcohol consumption (age 15+),Greece,TOTAL,,,
EE6F72ASA_0000001688,SA_0000001688,EE6F72A,SA_0000001688,2009,YEAR,268,COUNTRY,PUBLISHED,Alcohol consumption (age 15+),Georgia,TOTAL,,,
EE6F72ASA_0000001688,SA_0000001688,EE6F72A,SA_0000001688,2009,YEAR,270,COUNTRY,PUBLISHED,Alcohol consumption (age 15+),Gambia,TOTAL,,,
EE6F72ASA_0000001688,SA_0000001688,EE6F72A,SA_0000001688,2009,YEAR,324,COUNTRY,PUBLISHED,Alcohol consumption (age 15+),Guinea,TOTAL,,,
EE6F72ASA_0000001688,SA_0000001688,EE6F72A,SA_0000001688,2009,YEAR,328,COUNTRY,PUBLISHED,Alcohol consumption (age 15+),Guyana,TOTAL,,,
EE6F72ASA_0000001688,SA_0000001688,EE6F72A,SA_0000001688,2009,YEAR,332,COUNTRY,PUBLISHED,Alcohol consumption (age 15+),Haiti,TOTAL,,,
EE6F72ASA_0000001688,SA_0000001688,EE6F72A,SA_0000001688,2009,YEAR,340,COUNTRY,PUBLISHED,Alcohol consumption (age 15+),Honduras,TOTAL,,,
EE6F72ASA_0000001688,SA_0000001688,EE6F72A,SA_0000001688,2009,YEAR,308,COUNTRY,PUBLISHED,Alcohol consumption (age 15+),Grenada,TOTAL,,,
EE6F72ASA_0000001688,SA_0000001688,EE6F72A,SA_0000001688,2009,YEAR,320,COUNTRY,PUBLISHED,Alcohol consumption (age 15+),Guatemala,TOTAL,,,
EE6F72ASA_0000001688,SA_0000001688,EE6F72A,SA_0000001688,2009,YEAR,356,COUNTRY,PUBLISHED,Alcohol consumption (age 15+),India,TOTAL,,,
EE6F72ASA_0000001688,SA_0000001688,EE6F72A,SA_0000001688,2009,YEAR,360,COUNTRY,PUBLISHED,Alcohol consumption (age 15+),Indonesia,TOTAL,,,
EE6F72ASA_0000001688,SA_0000001688,EE6F72A,SA_0000001688,2009,YEAR,364,COUNTRY,PUBLISHED,Alcohol consumption (age 15+),Iran (Islamic Republic of),TOTAL,,,
EE6F72ASA_0000001688,SA_0000001688,EE6F72A,SA_0000001688,2009,YEAR,368,COUNTRY,PUBLISHED,Alcohol consumption (age 15+),Iraq,TOTAL,,,
EE6F72ASA_0000001688,SA_0000001688,EE6F72A,SA_0000001688,2009,YEAR,348,COUNTRY,PUBLISHED,Alcohol consumption (age 15+),Hungary,TOTAL,,,
EE6F72ASA_0000001688,SA_0000001688,EE6F72A,SA_0000001688,2009,YEAR,352,COUNTRY,PUBLISHED,Alcohol consumption (age 15+),Iceland,TOTAL,,,
EE6F72ASA_0000001688,SA_0000001688,EE6F72A,SA_0000001688,2009,YEAR,380,COUNTRY,PUBLISHED,Alcohol consumption (age 15+),Italy,TOTAL,,,
EE6F72ASA_0000001688,SA_0000001688,EE6F72A,SA_0000001688,2009,YEAR,384,COUNTRY,PUBLISHED,Alcohol consumption (age 15+),Côte d'Ivoire,TOTAL,,,
EE6F72ASA_0000001688,SA_0000001688,EE6F72A,SA_0000001688,2009,YEAR,388,COUNTRY,PUBLISHED,Alcohol consumption (age 15+),Jamaica,TOTAL,,,
EE6F72ASA_0000001688,SA_0000001688,EE6F72A,SA_0000001688,2009,YEAR,392,COUNTRY,PUBLISHED,Alcohol consumption (age 15+),Japan,TOTAL,,,
EE6F72ASA_0000001688,SA_0000001688,EE6F72A,SA_0000001688,2009,YEAR,372,COUNTRY,PUBLISHED,Alcohol consumption (age 15+),Ireland,TOTAL,,,
EE6F72ASA_0000001688,SA_0000001688,EE6F72A,SA_0000001688,2009,YEAR,376,COUNTRY,PUBLISHED,Alcohol consumption (age 15+),Israel,TOTAL,,,
EE6F72ASA_0000001688,SA_0000001688,EE6F72A,SA_0000001688,2009,YEAR,404,COUNTRY,PUBLISHED,Alcohol consumption (age 15+),Kenya,TOTAL,,,
EE6F72ASA_0000001688,SA_0000001688,EE6F72A,SA_0000001688,2009,YEAR,408,COUNTRY,PUBLISHED,Alcohol consumption (age 15+),Democratic People's Republic of Korea,TOTAL,,,
EE6F72ASA_0000001688,SA_0000001688,EE6F72A,SA_0000001688,2009,YEAR,410,COUNTRY,PUBLISHED,Alcohol consumption (age 15+),Republic of Korea,TOTAL,,,
EE6F72ASA_0000001688,SA_0000001688,EE6F72A,SA_0000001688,2009,YEAR,414,COUNTRY,PUBLISHED,Alcohol consumption (age 15+),Kuwait,TOTAL,,,
EE6F72ASA_0000001688,SA_0000001688,EE6F72A,SA_0000001688,2009,YEAR,398,COUNTRY,PUBLISHED,Alcohol consumption (age 15+),Kazakhstan,TOTAL,,,
EE6F72ASA_0000001688,SA_0000001688,EE6F72A,SA_0000001688,2009,YEAR,400,COUNTRY,PUBLISHED,Alcohol consumption (age 15+),Jordan,TOTAL,,,
EE6F72ASA_0000001688,SA_0000001688,EE6F72A,SA_0000001688,2009,YEAR,419,REGION,PUBLISHED,Alcohol consumption (age 15+),Latin America and the Caribbean,TOTAL,,,
EE6F72ASA_0000001688,SA_0000001688,EE6F72A,SA_0000001688,2009,YEAR,422,COUNTRY,PUBLISHED,Alcohol consumption (age 15+),Lebanon,TOTAL,,,
EE6F72ASA_0000001688,SA_0000001688,EE6F72A,SA_0000001688,2009,YEAR,426,COUNTRY,PUBLISHED,Alcohol consumption (age 15+),Lesotho,TOTAL,,,
EE6F72ASA_0000001688,SA_0000001688,EE6F72A,SA_0000001688,2009,YEAR,428,COUNTRY,PUBLISHED,Alcohol consumption (age 15+),Latvia,TOTAL,,,
EE6F72ASA_0000001688,SA_0000001688,EE6F72A,SA_0000001688,2009,YEAR,417,COUNTRY,PUBLISHED,Alcohol consumption (age 15+),Kyrgyzstan,TOTAL,,,
EE6F72ASA_0000001688,SA_0000001688,EE6F72A,SA_0000001688,2009,YEAR,418,COUNTRY,PUBLISHED,Alcohol consumption (age 15+),Lao People's Democratic Republic,TOTAL,,,
EE6F72ASA_0000001688,SA_0000001688,EE6F72A,SA_0000001688,2009,YEAR,434,COUNTRY,PUBLISHED,Alcohol consumption (age 15+),Libya,TOTAL,,,
EE6F72ASA_0000001688,SA_0000001688,EE6F72A,SA_0000001688,2009,YEAR,440,COUNTRY,PUBLISHED,Alcohol consumption (age 15+),Lithuania,TOTAL,,,
EE6F72ASA_0000001688,SA_0000001688,EE6F72A,SA_0000001688,2009,YEAR,442,COUNTRY,PUBLISHED,Alcohol consumption (age 15+),Luxembourg,TOTAL,,,
EE6F72ASA_0000001688,SA_0000001688,EE6F72A,SA_0000001688,2009,YEAR,450,COUNTRY,PUBLISHED,Alcohol consumption (age 15+),Madagascar,TOTAL,,,
EE6F72ASA_0000001688,SA_0000001688,EE6F72A,SA_0000001688,2009,YEAR,430,COUNTRY,PUBLISHED,Alcohol consumption (age 15+),Liberia,TOTAL,,,
EE6F72ASA_0000001688,SA_0000001688,EE6F72A,SA_0000001688,2009,YEAR,432,CLASSIFICATION,PUBLISHED,Alcohol consumption (age 15+),Landlocked developing countries,TOTAL,,,
EE6F72ASA_0000001688,SA_0000001688,EE6F72A,SA_0000001688,2009,YEAR,462,COUNTRY,PUBLISHED,Alcohol consumption (age 15+),Maldives,TOTAL,,,
EE6F72ASA_0000001688,SA_0000001688,EE6F72A,SA_0000001688,2009,YEAR,466,COUNTRY,PUBLISHED,Alcohol consumption (age 15+),Mali,TOTAL,,,
EE6F72ASA_0000001688,SA_0000001688,EE6F72A,SA_0000001688,2009,YEAR,470,COUNTRY,PUBLISHED,Alcohol consumption (age 15+),Malta,TOTAL,,,
EE6F72ASA_0000001688,SA_0000001688,EE6F72A,SA_0000001688,2009,YEAR,478,COUNTRY,PUBLISHED,Alcohol consumption (age 15+),Mauritania,TOTAL,,,
EE6F72ASA_0000001688,SA_0000001688,EE6F72A,SA_0000001688,2009,YEAR,454,COUNTRY,PUBLISHED,Alcohol consumption (age 15+),Malawi,TOTAL,,,
EE6F72ASA_0000001688,SA_0000001688,EE6F72A,SA_0000001688,2009,YEAR,458,COUNTRY,PUBLISHED,Alcohol consumption (age 15+),Malaysia,TOTAL,,,
EE6F72ASA_0000001688,SA_0000001688,EE6F72A,SA_0000001688,2009,YEAR,496,COUNTRY,PUBLISHED,Alcohol consumption (age 15+),Mongolia,TOTAL,,,
EE6F72ASA_0000001688,SA_0000001688,EE6F72A,SA_0000001688,2009,YEAR,498,COUNTRY,PUBLISHED,Alcohol consumption (age 15+),Republic of Moldova,TOTAL,,,
EE6F72ASA_0000001688,SA_0000001688,EE6F72A,SA_0000001688,2009,YEAR,499,COUNTRY,PUBLISHED,Alcohol consumption (age 15+),Montenegro,TOTAL,,,
EE6F72ASA_0000001688,SA_0000001688,EE6F72A,SA_0000001688,2009,YEAR,504,COUNTRY,PUBLISHED,Alcohol consumption (age 15+),Morocco,TOTAL,,,
EE6F72ASA_0000001688,SA_0000001688,EE6F72A,SA_0000001688,2009,YEAR,480,COUNTRY,PUBLISHED,Alcohol consumption (age 15+),Mauritius,TOTAL,,,
EE6F72ASA_0000001688,SA_0000001688,EE6F72A,SA_0000001688,2009,YEAR,484,COUNTRY,PUBLISHED,Alcohol consumption (age 15+),Mexico,TOTAL,,,
EE6F72ASA_0000001688,SA_0000001688,EE6F72A,SA_0000001688,2009,YEAR,513,REGION,PUBLISHED,Alcohol consumption (age 15+),Europe and Northern America,TOTAL,,,
EE6F72ASA_0000001688,SA_0000001688,EE6F72A,SA_0000001688,2009,YEAR,528,COUNTRY,PUBLISHED,Alcohol consumption (age 15+),Netherlands (Kingdom of the),TOTAL,,,
EE6F72ASA_0000001688,SA_0000001688,EE6F72A,SA_0000001688,2009,YEAR,543,REGION,PUBLISHED,Alcohol consumption (age 15+),Oceania (exc. Australia and New Zealand),TOTAL,,,
EE6F72ASA_0000001688,SA_0000001688,EE6F72A,SA_0000001688,2009,YEAR,548,COUNTRY,PUBLISHED,Alcohol consumption (age 15+),Vanuatu,TOTAL,,,
EE6F72ASA_0000001688,SA_0000001688,EE6F72A,SA_0000001688,2009,YEAR,554,COUNTRY,PUBLISHED,Alcohol consumption (age 15+),New Zealand,TOTAL,,,
EE6F72ASA_0000001688,SA_0000001688,EE6F72A,SA_0000001688,2009,YEAR,514,CLASSIFICATION,PUBLISHED,Alcohol consumption (age 15+),"Developed regions (Europe, Cyprus, Israel, Northern America, Japan, Australia & New Zealand)",TOTAL,,,
EE6F72ASA_0000001688,SA_0000001688,EE6F72A,SA_0000001688,2009,YEAR,515,CLASSIFICATION,PUBLISHED,Alcohol consumption (age 15+),Developing regions,TOTAL,,,
EE6F72ASA_0000001688,SA_0000001688,EE6F72A,SA_0000001688,2009,YEAR,516,COUNTRY,PUBLISHED,Alcohol consumption (age 15+),Namibia,TOTAL,,,
EE6F72ASA_0000001688,SA_0000001688,EE6F72A,SA_0000001688,2009,YEAR,520,COUNTRY,PUBLISHED,Alcohol consumption (age 15+),Nauru,TOTAL,,,
EE6F72ASA_0000001688,SA_0000001688,EE6F72A,SA_0000001688,2009,YEAR,524,COUNTRY,PUBLISHED,Alcohol consumption (age 15+),Nepal,TOTAL,,,
EE6F72ASA_0000001688,SA_0000001688,EE6F72A,SA_0000001688,2009,YEAR,508,COUNTRY,PUBLISHED,Alcohol consumption (age 15+),Mozambique,TOTAL,,,
EE6F72ASA_0000001688,SA_0000001688,EE6F72A,SA_0000001688,2009,YEAR,512,COUNTRY,PUBLISHED,Alcohol consumption (age 15+),Oman,TOTAL,,,
EE6F72ASA_0000001688,SA_0000001688,EE6F72A,SA_0000001688,2011,YEAR,764,COUNTRY,PUBLISHED,Alcohol consumption (age 15+),Thailand,TOTAL,,,
EE6F72ASA_0000001688,SA_0000001688,EE6F72A,SA_0000001688,2011,YEAR,768,COUNTRY,PUBLISHED,Alcohol consumption (age 15+),Togo,TOTAL,,,
EE6F72ASA_0000001688,SA_0000001688,EE6F72A,SA_0000001688,2011,YEAR,776,COUNTRY,PUBLISHED,Alcohol consumption (age 15+),Tonga,TOTAL,,,
EE6F72ASA_0000001688,SA_0000001688,EE6F72A,SA_0000001688,2011,YEAR,777,REGION,PUBLISHED,Alcohol consumption (age 15+),,TOTAL,,,
EE6F72ASA_0000001688,SA_0000001688,EE6F72A,SA_0000001688,2011,YEAR,780,COUNTRY,PUBLISHED,Alcohol consumption (age 15+),Trinidad and Tobago,TOTAL,,,
EE6F72ASA_0000001688,SA_0000001688,EE6F72A,SA_0000001688,2011,YEAR,784,COUNTRY,PUBLISHED,Alcohol consumption (age 15+),United Arab Emirates,TOTAL,,,
EE6F72ASA_0000001688,SA_0000001688,EE6F72A,SA_0000001688,2011,YEAR,795,COUNTRY,PUBLISHED,Alcohol consumption (age 15+),Turkmenistan,TOTAL,,,
EE6F72ASA_0000001688,SA_0000001688,EE6F72A,SA_0000001688,2011,YEAR,798,COUNTRY,PUBLISHED,Alcohol consumption (age 15+),Tuvalu,TOTAL,,,
EE6F72ASA_0000001688,SA_0000001688,EE6F72A,SA_0000001688,2011,YEAR,800,COUNTRY,PUBLISHED,Alcohol consumption (age 15+),Uganda,TOTAL,,,
EE6F72ASA_0000001688,SA_0000001688,EE6F72A,SA_0000001688,2014,YEAR,068,COUNTRY,PUBLISHED,Alcohol consumption (age 15+),Bolivia (Plurinational State of),TOTAL,,,
EE6F72ASA_0000001688,SA_0000001688,EE6F72A,SA_0000001688,2011,YEAR,788,COUNTRY,PUBLISHED,Alcohol consumption (age 15+),Tunisia,TOTAL,,,
EE6F72ASA_0000001688,SA_0000001688,EE6F72A,SA_0000001688,2011,YEAR,792,COUNTRY,PUBLISHED,Alcohol consumption (age 15+),Türkiye,TOTAL,,,
EE6F72ASA_0000001688,SA_0000001688,EE6F72A,SA_0000001688,2014,YEAR,076,COUNTRY,PUBLISHED,Alcohol consumption (age 15+),Brazil,TOTAL,,,
EE6F72ASA_0000001688,SA_0000001688,EE6F72A,SA_0000001688,2014,YEAR,084,COUNTRY,PUBLISHED,Alcohol consumption (age 15+),Belize,TOTAL,,,
EE6F72ASA_0000001688,SA_0000001688,EE6F72A,SA_0000001688,2014,YEAR,090,COUNTRY,PUBLISHED,Alcohol consumption (age 15+),Solomon Islands,TOTAL,,,
EE6F72ASA_0000001688,SA_0000001688,EE6F72A,SA_0000001688,2014,YEAR,096,COUNTRY,PUBLISHED,Alcohol consumption (age 15+),Brunei Darussalam,TOTAL,,,
EE6F72ASA_0000001688,SA_0000001688,EE6F72A,SA_0000001688,2014,YEAR,070,COUNTRY,PUBLISHED,Alcohol consumption (age 15+),Bosnia and Herzegovina,TOTAL,,,
EE6F72ASA_0000001688,SA_0000001688,EE6F72A,SA_0000001688,2014,YEAR,072,COUNTRY,PUBLISHED,Alcohol consumption (age 15+),Botswana,TOTAL,,,
EE6F72ASA_0000001688,SA_0000001688,EE6F72A,SA_0000001688,2014,YEAR,108,COUNTRY,PUBLISHED,Alcohol consumption (age 15+),Burundi,TOTAL,,,
EE6F72ASA_0000001688,SA_0000001688,EE6F72A,SA_0000001688,2014,YEAR,112,COUNTRY,PUBLISHED,Alcohol consumption (age 15+),Belarus,TOTAL,,,
EE6F72ASA_0000001688,SA_0000001688,EE6F72A,SA_0000001688,2014,YEAR,116,COUNTRY,PUBLISHED,Alcohol consumption (age 15+),Cambodia,TOTAL,,,
EE6F72ASA_0000001688,SA_0000001688,EE6F72A,SA_0000001688,2014,YEAR,120,COUNTRY,PUBLISHED,Alcohol consumption (age 15+),Cameroon,TOTAL,,,
EE6F72ASA_0000001688,SA_0000001688,EE6F72A,SA_0000001688,2014,YEAR,100,COUNTRY,PUBLISHED,Alcohol consumption (age 15+),Bulgaria,TOTAL,,,
EE6F72ASA_0000001688,SA_0000001688,EE6F72A,SA_0000001688,2014,YEAR,104,COUNTRY,PUBLISHED,Alcohol consumption (age 15+),Myanmar,TOTAL,,,
EE6F72ASA_0000001688,SA_0000001688,EE6F72A,SA_0000001688,2014,YEAR,140,COUNTRY,PUBLISHED,Alcohol consumption (age 15+),Central African Republic,TOTAL,,,
EE6F72ASA_0000001688,SA_0000001688,EE6F72A,SA_0000001688,2014,YEAR,150,REGION,PUBLISHED,Alcohol consumption (age 15+),Europe,TOTAL,,,
EE6F72ASA_0000001688,SA_0000001688,EE6F72A,SA_0000001688,2014,YEAR,151,REGION,PUBLISHED,Alcohol consumption (age 15+),Eastern Europe,TOTAL,,,
EE6F72ASA_0000001688,SA_0000001688,EE6F72A,SA_0000001688,2014,YEAR,152,COUNTRY,PUBLISHED,Alcohol consumption (age 15+),Chile,TOTAL,,,
EE6F72ASA_0000001688,SA_0000001688,EE6F72A,SA_0000001688,2014,YEAR,154,REGION,PUBLISHED,Alcohol consumption (age 15+),Northern Europe,TOTAL,,,
EE6F72ASA_0000001688,SA_0000001688,EE6F72A,SA_0000001688,2014,YEAR,142,REGION,PUBLISHED,Alcohol consumption (age 15+),Asia,TOTAL,,,
EE6F72ASA_0000001688,SA_0000001688,EE6F72A,SA_0000001688,2014,YEAR,143,REGION,PUBLISHED,Alcohol consumption (age 15+),Central Asia,TOTAL,,,
EE6F72ASA_0000001688,SA_0000001688,EE6F72A,SA_0000001688,2014,YEAR,144,COUNTRY,PUBLISHED,Alcohol consumption (age 15+),Sri Lanka,TOTAL,,,
EE6F72ASA_0000001688,SA_0000001688,EE6F72A,SA_0000001688,2014,YEAR,124,COUNTRY,PUBLISHED,Alcohol consumption (age 15+),Canada,TOTAL,,,
EE6F72ASA_0000001688,SA_0000001688,EE6F72A,SA_0000001688,2014,YEAR,132,COUNTRY,PUBLISHED,Alcohol consumption (age 15+),Cabo Verde,TOTAL,,,
EE6F72ASA_0000001688,SA_0000001688,EE6F72A,SA_0000001688,2014,YEAR,145,REGION,PUBLISHED,Alcohol consumption (age 15+),Western Asia,TOTAL,,,
EE6F72ASA_0000001688,SA_0000001688,EE6F72A,SA_0000001688,2014,YEAR,148,COUNTRY,PUBLISHED,Alcohol consumption (age 15+),Chad,TOTAL,,,
EE6F72ASA_0000001688,SA_0000001688,EE6F72A,SA_0000001688,2014,YEAR,155,REGION,PUBLISHED,Alcohol consumption (age 15+),Western Europe,TOTAL,,,
EE6F72ASA_0000001688,SA_0000001688,EE6F72A,SA_0000001688,2014,YEAR,156,COUNTRY,PUBLISHED,Alcohol consumption (age 15+),China,TOTAL,,,
EE6F72ASA_0000001688,SA_0000001688,EE6F72A,SA_0000001688,2014,YEAR,170,COUNTRY,PUBLISHED,Alcohol consumption (age 15+),Colombia,TOTAL,,,
EE6F72ASA_0000001688,SA_0000001688,EE6F72A,SA_0000001688,2014,YEAR,174,COUNTRY,PUBLISHED,Alcohol consumption (age 15+),Comoros,TOTAL,,,
EE6F72ASA_0000001688,SA_0000001688,EE6F72A,SA_0000001688,2014,YEAR,178,COUNTRY,PUBLISHED,Alcohol consumption (age 15+),Congo,TOTAL,,,
EE6F72ASA_0000001688,SA_0000001688,EE6F72A,SA_0000001688,2014,YEAR,180,COUNTRY,PUBLISHED,Alcohol consumption (age 15+),Democratic Republic of the Congo,TOTAL,,,
EE6F72ASA_0000001688,SA_0000001688,EE6F72A,SA_0000001688,2014,YEAR,192,COUNTRY,PUBLISHED,Alcohol consumption (age 15+),Cuba,TOTAL,,,
EE6F72ASA_0000001688,SA_0000001688,EE6F72A,SA_0000001688,2014,YEAR,196,COUNTRY,PUBLISHED,Alcohol consumption (age 15+),Cyprus,TOTAL,,,
EE6F72ASA_0000001688,SA_0000001688,EE6F72A,SA_0000001688,2014,YEAR,199,CLASSIFICATION,PUBLISHED,Alcohol consumption (age 15+),Least developed countries,TOTAL,,,
EE6F72ASA_0000001688,SA_0000001688,EE6F72A,SA_0000001688,2014,YEAR,202,REGION,PUBLISHED,Alcohol consumption (age 15+),Sub-Saharan Africa,TOTAL,,,
EE6F72ASA_0000001688,SA_0000001688,EE6F72A,SA_0000001688,2014,YEAR,188,COUNTRY,PUBLISHED,Alcohol consumption (age 15+),Costa Rica,TOTAL,,,
EE6F72ASA_0000001688,SA_0000001688,EE6F72A,SA_0000001688,2014,YEAR,191,COUNTRY,PUBLISHED,Alcohol consumption (age 15+),Croatia,TOTAL,,,
EE6F72ASA_0000001688,SA_0000001688,EE6F72A,SA_0000001688,2014,YEAR,208,COUNTRY,PUBLISHED,Alcohol consumption (age 15+),Denmark,TOTAL,,,
EE6F72ASA_0000001688,SA_0000001688,EE6F72A,SA_0000001688,2014,YEAR,231,COUNTRY,PUBLISHED,Alcohol consumption (age 15+),Ethiopia,TOTAL,,,
EE6F72ASA_0000001688,SA_0000001688,EE6F72A,SA_0000001688,2014,YEAR,232,COUNTRY,PUBLISHED,Alcohol consumption (age 15+),Eritrea,TOTAL,,,
EE6F72ASA_0000001688,SA_0000001688,EE6F72A,SA_0000001688,2014,YEAR,233,COUNTRY,PUBLISHED,Alcohol consumption (age 15+),Estonia,TOTAL,,,
EE6F72ASA_0000001688,SA_0000001688,EE6F72A,SA_0000001688,2014,YEAR,242,COUNTRY,PUBLISHED,Alcohol consumption (age 15+),Fiji,TOTAL,,,
EE6F72ASA_0000001688,SA_0000001688,EE6F72A,SA_0000001688,2014,YEAR,212,COUNTRY,PUBLISHED,Alcohol consumption (age 15+),Dominica,TOTAL,,,
EE6F72ASA_0000001688,SA_0000001688,EE6F72A,SA_0000001688,2014,YEAR,214,COUNTRY,PUBLISHED,Alcohol consumption (age 15+),Dominican Republic,TOTAL,,,
EE6F72ASA_0000001688,SA_0000001688,EE6F72A,SA_0000001688,2014,YEAR,218,COUNTRY,PUBLISHED,Alcohol consumption (age 15+),Ecuador,TOTAL,,,
EE6F72ASA_0000001688,SA_0000001688,EE6F72A,SA_0000001688,2014,YEAR,203,COUNTRY,PUBLISHED,Alcohol consumption (age 15+),Czechia,TOTAL,,,
EE6F72ASA_0000001688,SA_0000001688,EE6F72A,SA_0000001688,2014,YEAR,204,COUNTRY,PUBLISHED,Alcohol consumption (age 15+),Benin,TOTAL,,,
EE6F72ASA_0000001688,SA_0000001688,EE6F72A,SA_0000001688,2014,YEAR,222,COUNTRY,PUBLISHED,Alcohol consumption (age 15+),El Salvador,TOTAL,,,
EE6F72ASA_0000001688,SA_0000001688,EE6F72A,SA_0000001688,2014,YEAR,226,COUNTRY,PUBLISHED,Alcohol consumption (age 15+),Equatorial Guinea,TOTAL,,,
EE6F72ASA_0000001688,SA_0000001688,EE6F72A,SA_0000001688,2014,YEAR,246,COUNTRY,PUBLISHED,Alcohol consumption (age 15+),Finland,TOTAL,,,
EE6F72ASA_0000001688,SA_0000001688,EE6F72A,SA_0000001688,2014,YEAR,250,COUNTRY,PUBLISHED,Alcohol consumption (age 15+),France,TOTAL,,,
EE6F72ASA_0000001688,SA_0000001688,EE6F72A,SA_0000001688,2014,YEAR,262,COUNTRY,PUBLISHED,Alcohol consumption (age 15+),Djibouti,TOTAL,,,
EE6F72ASA_0000001688,SA_0000001688,EE6F72A,SA_0000001688,2014,YEAR,266,COUNTRY,PUBLISHED,Alcohol consumption (age 15+),Gabon,TOTAL,,,
EE6F72ASA_0000001688,SA_0000001688,EE6F72A,SA_0000001688,2014,YEAR,268,COUNTRY,PUBLISHED,Alcohol consumption (age 15+),Georgia,TOTAL,,,
EE6F72ASA_0000001688,SA_0000001688,EE6F72A,SA_0000001688,2014,YEAR,270,COUNTRY,PUBLISHED,Alcohol consumption (age 15+),Gambia,TOTAL,,,
EE6F72ASA_0000001688,SA_0000001688,EE6F72A,SA_0000001688,2014,YEAR,296,COUNTRY,PUBLISHED,Alcohol consumption (age 15+),Kiribati,TOTAL,,,
EE6F72ASA_0000001688,SA_0000001688,EE6F72A,SA_0000001688,2014,YEAR,300,COUNTRY,PUBLISHED,Alcohol consumption (age 15+),Greece,TOTAL,,,
EE6F72ASA_0000001688,SA_0000001688,EE6F72A,SA_0000001688,2014,YEAR,308,COUNTRY,PUBLISHED,Alcohol consumption (age 15+),Grenada,TOTAL,,,
EE6F72ASA_0000001688,SA_0000001688,EE6F72A,SA_0000001688,2014,YEAR,320,COUNTRY,PUBLISHED,Alcohol consumption (age 15+),Guatemala,TOTAL,,,
EE6F72ASA_0000001688,SA_0000001688,EE6F72A,SA_0000001688,2014,YEAR,276,COUNTRY,PUBLISHED,Alcohol consumption (age 15+),Germany,TOTAL,,,
EE6F72ASA_0000001688,SA_0000001688,EE6F72A,SA_0000001688,2014,YEAR,288,COUNTRY,PUBLISHED,Alcohol consumption (age 15+),Ghana,TOTAL,,,
EE6F72ASA_0000001688,SA_0000001688,EE6F72A,SA_0000001688,2014,YEAR,332,COUNTRY,PUBLISHED,Alcohol consumption (age 15+),Haiti,TOTAL,,,
EE6F72ASA_0000001688,SA_0000001688,EE6F72A,SA_0000001688,2014,YEAR,340,COUNTRY,PUBLISHED,Alcohol consumption (age 15+),Honduras,TOTAL,,,
EE6F72ASA_0000001688,SA_0000001688,EE6F72A,SA_0000001688,2014,YEAR,348,COUNTRY,PUBLISHED,Alcohol consumption (age 15+),Hungary,TOTAL,,,
EE6F72ASA_0000001688,SA_0000001688,EE6F72A,SA_0000001688,2014,YEAR,352,COUNTRY,PUBLISHED,Alcohol consumption (age 15+),Iceland,TOTAL,,,
EE6F72ASA_0000001688,SA_0000001688,EE6F72A,SA_0000001688,2014,YEAR,324,COUNTRY,PUBLISHED,Alcohol consumption (age 15+),Guinea,TOTAL,,,
EE6F72ASA_0000001688,SA_0000001688,EE6F72A,SA_0000001688,2014,YEAR,328,COUNTRY,PUBLISHED,Alcohol consumption (age 15+),Guyana,TOTAL,,,
EE6F72ASA_0000001688,SA_0000001688,EE6F72A,SA_0000001688,2014,YEAR,364,COUNTRY,PUBLISHED,Alcohol consumption (age 15+),Iran (Islamic Republic of),TOTAL,,,
EE6F72ASA_0000001688,SA_0000001688,EE6F72A,SA_0000001688,2014,YEAR,368,COUNTRY,PUBLISHED,Alcohol consumption (age 15+),Iraq,TOTAL,,,
EE6F72ASA_0000001688,SA_0000001688,EE6F72A,SA_0000001688,2014,YEAR,372,COUNTRY,PUBLISHED,Alcohol consumption (age 15+),Ireland,TOTAL,,,
EE6F72ASA_0000001688,SA_0000001688,EE6F72A,SA_0000001688,2014,YEAR,376,COUNTRY,PUBLISHED,Alcohol consumption (age 15+),Israel,TOTAL,,,
EE6F72ASA_0000001688,SA_0000001688,EE6F72A,SA_0000001688,2014,YEAR,356,COUNTRY,PUBLISHED,Alcohol consumption (age 15+),India,TOTAL,,,
EE6F72ASA_0000001688,SA_0000001688,EE6F72A,SA_0000001688,2014,YEAR,360,COUNTRY,PUBLISHED,Alcohol consumption (age 15+),Indonesia,TOTAL,,,
EE6F72ASA_0000001688,SA_0000001688,EE6F72A,SA_0000001688,2014,YEAR,388,COUNTRY,PUBLISHED,Alcohol consumption (age 15+),Jamaica,TOTAL,,,
EE6F72ASA_0000001688,SA_0000001688,EE6F72A,SA_0000001688,2014,YEAR,392,COUNTRY,PUBLISHED,Alcohol consumption (age 15+),Japan,TOTAL,,,
EE6F72ASA_0000001688,SA_0000001688,EE6F72A,SA_0000001688,2014,YEAR,398,COUNTRY,PUBLISHED,Alcohol consumption (age 15+),Kazakhstan,TOTAL,,,
EE6F72ASA_0000001688,SA_0000001688,EE6F72A,SA_0000001688,2014,YEAR,400,COUNTRY,PUBLISHED,Alcohol consumption (age 15+),Jordan,TOTAL,,,
EE6F72ASA_0000001688,SA_0000001688,EE6F72A,SA_0000001688,2014,YEAR,380,COUNTRY,PUBLISHED,Alcohol consumption (age 15+),Italy,TOTAL,,,
EE6F72ASA_0000001688,SA_0000001688,EE6F72A,SA_0000001688,2014,YEAR,384,COUNTRY,PUBLISHED,Alcohol consumption (age 15+),Côte d'Ivoire,TOTAL,,,
EE6F72ASA_0000001688,SA_0000001688,EE6F72A,SA_0000001688,2014,YEAR,410,COUNTRY,PUBLISHED,Alcohol consumption (age 15+),Republic of Korea,TOTAL,,,
EE6F72ASA_0000001688,SA_0000001688,EE6F72A,SA_0000001688,2014,YEAR,414,COUNTRY,PUBLISHED,Alcohol consumption (age 15+),Kuwait,TOTAL,,,
EE6F72ASA_0000001688,SA_0000001688,EE6F72A,SA_0000001688,2014,YEAR,417,COUNTRY,PUBLISHED,Alcohol consumption (age 15+),Kyrgyzstan,TOTAL,,,
EE6F72ASA_0000001688,SA_0000001688,EE6F72A,SA_0000001688,2014,YEAR,418,COUNTRY,PUBLISHED,Alcohol consumption (age 15+),Lao People's Democratic Republic,TOTAL,,,
EE6F72ASA_0000001688,SA_0000001688,EE6F72A,SA_0000001688,2014,YEAR,404,COUNTRY,PUBLISHED,Alcohol consumption (age 15+),Kenya,TOTAL,,,
EE6F72ASA_0000001688,SA_0000001688,EE6F72A,SA_0000001688,2014,YEAR,408,COUNTRY,PUBLISHED,Alcohol consumption (age 15+),Democratic People's Republic of Korea,TOTAL,,,
EE6F72ASA_0000001688,SA_0000001688,EE6F72A,SA_0000001688,2014,YEAR,426,COUNTRY,PUBLISHED,Alcohol consumption (age 15+),Lesotho,TOTAL,,,
EE6F72ASA_0000001688,SA_0000001688,EE6F72A,SA_0000001688,2017,YEAR,084,COUNTRY,PUBLISHED,Alcohol consumption (age 15+),Belize,TOTAL,,,
EE6F72ASA_0000001688,SA_0000001688,EE6F72A,SA_0000001688,2017,YEAR,090,COUNTRY,PUBLISHED,Alcohol consumption (age 15+),Solomon Islands,TOTAL,,,
EE6F72ASA_0000001688,SA_0000001688,EE6F72A,SA_0000001688,2017,YEAR,096,COUNTRY,PUBLISHED,Alcohol consumption (age 15+),Brunei Darussalam,TOTAL,,,
EE6F72ASA_0000001688,SA_0000001688,EE6F72A,SA_0000001688,2017,YEAR,100,COUNTRY,PUBLISHED,Alcohol consumption (age 15+),Bulgaria,TOTAL,,,
EE6F72ASA_0000001688,SA_0000001688,EE6F72A,SA_0000001688,2017,YEAR,064,COUNTRY,PUBLISHED,Alcohol consumption (age 15+),Bhutan,TOTAL,,,
EE6F72ASA_0000001688,SA_0000001688,EE6F72A,SA_0000001688,2017,YEAR,068,COUNTRY,PUBLISHED,Alcohol consumption (age 15+),Bolivia (Plurinational State of),TOTAL,,,
EE6F72ASA_0000001688,SA_0000001688,EE6F72A,SA_0000001688,2017,YEAR,070,COUNTRY,PUBLISHED,Alcohol consumption (age 15+),Bosnia and Herzegovina,TOTAL,,,
EE6F72ASA_0000001688,SA_0000001688,EE6F72A,SA_0000001688,2014,YEAR,419,REGION,PUBLISHED,Alcohol consumption (age 15+),Latin America and the Caribbean,TOTAL,,,
EE6F72ASA_0000001688,SA_0000001688,EE6F72A,SA_0000001688,2014,YEAR,422,COUNTRY,PUBLISHED,Alcohol consumption (age 15+),Lebanon,TOTAL,,,
EE6F72ASA_0000001688,SA_0000001688,EE6F72A,SA_0000001688,2017,YEAR,072,COUNTRY,PUBLISHED,Alcohol consumption (age 15+),Botswana,TOTAL,,,
EE6F72ASA_0000001688,SA_0000001688,EE6F72A,SA_0000001688,2017,YEAR,076,COUNTRY,PUBLISHED,Alcohol consumption (age 15+),Brazil,TOTAL,,,
EE6F72ASA_0000001688,SA_0000001688,EE6F72A,SA_0000001688,2017,YEAR,104,COUNTRY,PUBLISHED,Alcohol consumption (age 15+),Myanmar,TOTAL,,,
EE6F72ASA_0000001688,SA_0000001688,EE6F72A,SA_0000001688,2017,YEAR,142,REGION,PUBLISHED,Alcohol consumption (age 15+),Asia,TOTAL,,,
EE6F72ASA_0000001688,SA_0000001688,EE6F72A,SA_0000001688,2017,YEAR,143,REGION,PUBLISHED,Alcohol consumption (age 15+),Central Asia,TOTAL,,,
EE6F72ASA_0000001688,SA_0000001688,EE6F72A,SA_0000001688,2017,YEAR,144,COUNTRY,PUBLISHED,Alcohol consumption (age 15+),Sri Lanka,TOTAL,,,
EE6F72ASA_0000001688,SA_0000001688,EE6F72A,SA_0000001688,2017,YEAR,145,REGION,PUBLISHED,Alcohol consumption (age 15+),Western Asia,TOTAL,,,
EE6F72ASA_0000001688,SA_0000001688,EE6F72A,SA_0000001688,2017,YEAR,108,COUNTRY,PUBLISHED,Alcohol consumption (age 15+),Burundi,TOTAL,,,
EE6F72ASA_0000001688,SA_0000001688,EE6F72A,SA_0000001688,2017,YEAR,112,COUNTRY,PUBLISHED,Alcohol consumption (age 15+),Belarus,TOTAL,,,
EE6F72ASA_0000001688,SA_0000001688,EE6F72A,SA_0000001688,2017,YEAR,116,COUNTRY,PUBLISHED,Alcohol consumption (age 15+),Cambodia,TOTAL,,,
EE6F72ASA_0000001688,SA_0000001688,EE6F72A,SA_0000001688,2017,YEAR,120,COUNTRY,PUBLISHED,Alcohol consumption (age 15+),Cameroon,TOTAL,,,
EE6F72ASA_0000001688,SA_0000001688,EE6F72A,SA_0000001688,2017,YEAR,124,COUNTRY,PUBLISHED,Alcohol consumption (age 15+),Canada,TOTAL,,,
EE6F72ASA_0000001688,SA_0000001688,EE6F72A,SA_0000001688,2017,YEAR,132,COUNTRY,PUBLISHED,Alcohol consumption (age 15+),Cabo Verde,TOTAL,,,
EE6F72ASA_0000001688,SA_0000001688,EE6F72A,SA_0000001688,2017,YEAR,140,COUNTRY,PUBLISHED,Alcohol consumption (age 15+),Central African Republic,TOTAL,,,
EE6F72ASA_0000001688,SA_0000001688,EE6F72A,SA_0000001688,2017,YEAR,148,COUNTRY,PUBLISHED,Alcohol consumption (age 15+),Chad,TOTAL,,,
EE6F72ASA_0000001688,SA_0000001688,EE6F72A,SA_0000001688,2017,YEAR,150,REGION,PUBLISHED,Alcohol consumption (age 15+),Europe,TOTAL,,,
EE6F72ASA_0000001688,SA_0000001688,EE6F72A,SA_0000001688,2017,YEAR,178,COUNTRY,PUBLISHED,Alcohol consumption (age 15+),Congo,TOTAL,,,
EE6F72ASA_0000001688,SA_0000001688,EE6F72A,SA_0000001688,2017,YEAR,180,COUNTRY,PUBLISHED,Alcohol consumption (age 15+),Democratic Republic of the Congo,TOTAL,,,
EE6F72ASA_0000001688,SA_0000001688,EE6F72A,SA_0000001688,2017,YEAR,188,COUNTRY,PUBLISHED,Alcohol consumption (age 15+),Costa Rica,TOTAL,,,
EE6F72ASA_0000001688,SA_0000001688,EE6F72A,SA_0000001688,2017,YEAR,151,REGION,PUBLISHED,Alcohol consumption (age 15+),Eastern Europe,TOTAL,,,
EE6F72ASA_0000001688,SA_0000001688,EE6F72A,SA_0000001688,2017,YEAR,152,COUNTRY,PUBLISHED,Alcohol consumption (age 15+),Chile,TOTAL,,,
EE6F72ASA_0000001688,SA_0000001688,EE6F72A,SA_0000001688,2017,YEAR,154,REGION,PUBLISHED,Alcohol consumption (age 15+),Northern Europe,TOTAL,,,
EE6F72ASA_0000001688,SA_0000001688,EE6F72A,SA_0000001688,2017,YEAR,155,REGION,PUBLISHED,Alcohol consumption (age 15+),Western Europe,TOTAL,,,
EE6F72ASA_0000001688,SA_0000001688,EE6F72A,SA_0000001688,2017,YEAR,174,COUNTRY,PUBLISHED,Alcohol consumption (age 15+),Comoros,TOTAL,,,
EE6F72ASA_0000001688,SA_0000001688,EE6F72A,SA_0000001688,2017,YEAR,156,COUNTRY,PUBLISHED,Alcohol consumption (age 15+),China,TOTAL,,,
EE6F72ASA_0000001688,SA_0000001688,EE6F72A,SA_0000001688,2017,YEAR,170,COUNTRY,PUBLISHED,Alcohol consumption (age 15+),Colombia,TOTAL,,,
EE6F72ASA_0000001688,SA_0000001688,EE6F72A,SA_0000001688,2017,YEAR,203,COUNTRY,PUBLISHED,Alcohol consumption (age 15+),Czechia,TOTAL,,,
EE6F72ASA_0000001688,SA_0000001688,EE6F72A,SA_0000001688,2017,YEAR,191,COUNTRY,PUBLISHED,Alcohol consumption (age 15+),Croatia,TOTAL,,,
EE6F72ASA_0000001688,SA_0000001688,EE6F72A,SA_0000001688,2017,YEAR,192,COUNTRY,PUBLISHED,Alcohol consumption (age 15+),Cuba,TOTAL,,,
EE6F72ASA_0000001688,SA_0000001688,EE6F72A,SA_0000001688,2017,YEAR,196,COUNTRY,PUBLISHED,Alcohol consumption (age 15+),Cyprus,TOTAL,,,
EE6F72ASA_0000001688,SA_0000001688,EE6F72A,SA_0000001688,2017,YEAR,199,CLASSIFICATION,PUBLISHED,Alcohol consumption (age 15+),Least developed countries,TOTAL,,,
EE6F72ASA_0000001688,SA_0000001688,EE6F72A,SA_0000001688,2017,YEAR,202,REGION,PUBLISHED,Alcohol consumption (age 15+),Sub-Saharan Africa,TOTAL,,,
EE6F72ASA_0000001688,SA_0000001688,EE6F72A,SA_0000001688,2017,YEAR,212,COUNTRY,PUBLISHED,Alcohol consumption (age 15+),Dominica,TOTAL,,,
EE6F72ASA_0000001688,SA_0000001688,EE6F72A,SA_0000001688,2017,YEAR,214,COUNTRY,PUBLISHED,Alcohol consumption (age 15+),Dominican Republic,TOTAL,,,
EE6F72ASA_0000001688,SA_0000001688,EE6F72A,SA_0000001688,2017,YEAR,218,COUNTRY,PUBLISHED,Alcohol consumption (age 15+),Ecuador,TOTAL,,,
EE6F72ASA_0000001688,SA_0000001688,EE6F72A,SA_0000001688,2017,YEAR,222,COUNTRY,PUBLISHED,Alcohol consumption (age 15+),El Salvador,TOTAL,,,
EE6F72ASA_0000001688,SA_0000001688,EE6F72A,SA_0000001688,2017,YEAR,204,COUNTRY,PUBLISHED,Alcohol consumption (age 15+),Benin,TOTAL,,,
EE6F72ASA_0000001688,SA_0000001688,EE6F72A,SA_0000001688,2017,YEAR,208,COUNTRY,PUBLISHED,Alcohol consumption (age 15+),Denmark,TOTAL,,,
EE6F72ASA_0000001688,SA_0000001688,EE6F72A,SA_0000001688,2017,YEAR,232,COUNTRY,PUBLISHED,Alcohol consumption (age 15+),Eritrea,TOTAL,,,
EE6F72ASA_0000001688,SA_0000001688,EE6F72A,SA_0000001688,2017,YEAR,266,COUNTRY,PUBLISHED,Alcohol consumption (age 15+),Gabon,TOTAL,,,
EE6F72ASA_0000001688,SA_0000001688,EE6F72A,SA_0000001688,2017,YEAR,268,COUNTRY,PUBLISHED,Alcohol consumption (age 15+),Georgia,TOTAL,,,
EE6F72ASA_0000001688,SA_0000001688,EE6F72A,SA_0000001688,2017,YEAR,270,COUNTRY,PUBLISHED,Alcohol consumption (age 15+),Gambia,TOTAL,,,
EE6F72ASA_0000001688,SA_0000001688,EE6F72A,SA_0000001688,2017,YEAR,276,COUNTRY,PUBLISHED,Alcohol consumption (age 15+),Germany,TOTAL,,,
EE6F72ASA_0000001688,SA_0000001688,EE6F72A,SA_0000001688,2017,YEAR,233,COUNTRY,PUBLISHED,Alcohol consumption (age 15+),Estonia,TOTAL,,,
EE6F72ASA_0000001688,SA_0000001688,EE6F72A,SA_0000001688,2017,YEAR,242,COUNTRY,PUBLISHED,Alcohol consumption (age 15+),Fiji,TOTAL,,,
EE6F72ASA_0000001688,SA_0000001688,EE6F72A,SA_0000001688,2017,YEAR,246,COUNTRY,PUBLISHED,Alcohol consumption (age 15+),Finland,TOTAL,,,
EE6F72ASA_0000001688,SA_0000001688,EE6F72A,SA_0000001688,2017,YEAR,226,COUNTRY,PUBLISHED,Alcohol consumption (age 15+),Equatorial Guinea,TOTAL,,,
EE6F72ASA_0000001688,SA_0000001688,EE6F72A,SA_0000001688,2017,YEAR,231,COUNTRY,PUBLISHED,Alcohol consumption (age 15+),Ethiopia,TOTAL,,,
EE6F72ASA_0000001688,SA_0000001688,EE6F72A,SA_0000001688,2017,YEAR,250,COUNTRY,PUBLISHED,Alcohol consumption (age 15+),France,TOTAL,,,
EE6F72ASA_0000001688,SA_0000001688,EE6F72A,SA_0000001688,2017,YEAR,262,COUNTRY,PUBLISHED,Alcohol consumption (age 15+),Djibouti,TOTAL,,,
EE6F72ASA_0000001688,SA_0000001688,EE6F72A,SA_0000001688,2017,YEAR,288,COUNTRY,PUBLISHED,Alcohol consumption (age 15+),Ghana,TOTAL,,,
EE6F72ASA_0000001688,SA_0000001688,EE6F72A,SA_0000001688,2017,YEAR,296,COUNTRY,PUBLISHED,Alcohol consumption (age 15+),Kiribati,TOTAL,,,
EE6F72ASA_0000001688,SA_0000001688,EE6F72A,SA_0000001688,2017,YEAR,300,COUNTRY,PUBLISHED,Alcohol consumption (age 15+),Greece,TOTAL,,,
EE6F72ASA_0000001688,SA_0000001688,EE6F72A,SA_0000001688,2017,YEAR,308,COUNTRY,PUBLISHED,Alcohol consumption (age 15+),Grenada,TOTAL,,,
EE6F72ASA_0000001688,SA_0000001688,EE6F72A,SA_0000001688,2017,YEAR,320,COUNTRY,PUBLISHED,Alcohol consumption (age 15+),Guatemala,TOTAL,,,
EE6F72ASA_0000001688,SA_0000001688,EE6F72A,SA_0000001688,2017,YEAR,324,COUNTRY,PUBLISHED,Alcohol consumption (age 15+),Guinea,TOTAL,,,
EE6F72ASA_0000001688,SA_0000001688,EE6F72A,SA_0000001688,2017,YEAR,340,COUNTRY,PUBLISHED,Alcohol consumption (age 15+),Honduras,TOTAL,,,
EE6F72ASA_0000001688,SA_0000001688,EE6F72A,SA_0000001688,2017,YEAR,348,COUNTRY,PUBLISHED,Alcohol consumption (age 15+),Hungary,TOTAL,,,
EE6F72ASA_0000001688,SA_0000001688,EE6F72A,SA_0000001688,2017,YEAR,352,COUNTRY,PUBLISHED,Alcohol consumption (age 15+),Iceland,TOTAL,,,
EE6F72ASA_0000001688,SA_0000001688,EE6F72A,SA_0000001688,2017,YEAR,356,COUNTRY,PUBLISHED,Alcohol consumption (age 15+),India,TOTAL,,,
EE6F72ASA_0000001688,SA_0000001688,EE6F72A,SA_0000001688,2017,YEAR,328,COUNTRY,PUBLISHED,Alcohol consumption (age 15+),Guyana,TOTAL,,,
EE6F72ASA_0000001688,SA_0000001688,EE6F72A,SA_0000001688,2017,YEAR,332,COUNTRY,PUBLISHED,Alcohol consumption (age 15+),Haiti,TOTAL,,,
EE6F72ASA_0000001688,SA_0000001688,EE6F72A,SA_0000001688,2017,YEAR,368,COUNTRY,PUBLISHED,Alcohol consumption (age 15+),Iraq,TOTAL,,,
EE6F72ASA_0000001688,SA_0000001688,EE6F72A,SA_0000001688,2017,YEAR,392,COUNTRY,PUBLISHED,Alcohol consumption (age 15+),Japan,TOTAL,,,
EE6F72ASA_0000001688,SA_0000001688,EE6F72A,SA_0000001688,2017,YEAR,398,COUNTRY,PUBLISHED,Alcohol consumption (age 15+),Kazakhstan,TOTAL,,,
EE6F72ASA_0000001688,SA_0000001688,EE6F72A,SA_0000001688,2017,YEAR,400,COUNTRY,PUBLISHED,Alcohol consumption (age 15+),Jordan,TOTAL,,,
EE6F72ASA_0000001688,SA_0000001688,EE6F72A,SA_0000001688,2017,YEAR,404,COUNTRY,PUBLISHED,Alcohol consumption (age 15+),Kenya,TOTAL,,,
EE6F72ASA_0000001688,SA_0000001688,EE6F72A,SA_0000001688,2017,YEAR,372,COUNTRY,PUBLISHED,Alcohol consumption (age 15+),Ireland,TOTAL,,,
EE6F72ASA_0000001688,SA_0000001688,EE6F72A,SA_0000001688,2017,YEAR,376,COUNTRY,PUBLISHED,Alcohol consumption (age 15+),Israel,TOTAL,,,
EE6F72ASA_0000001688,SA_0000001688,EE6F72A,SA_0000001688,2017,YEAR,380,COUNTRY,PUBLISHED,Alcohol consumption (age 15+),Italy,TOTAL,,,
EE6F72ASA_0000001688,SA_0000001688,EE6F72A,SA_0000001688,2017,YEAR,360,COUNTRY,PUBLISHED,Alcohol consumption (age 15+),Indonesia,TOTAL,,,
EE6F72ASA_0000001688,SA_0000001688,EE6F72A,SA_0000001688,2017,YEAR,364,COUNTRY,PUBLISHED,Alcohol consumption (age 15+),Iran (Islamic Republic of),TOTAL,,,
EE6F72ASA_0000001688,SA_0000001688,EE6F72A,SA_0000001688,2017,YEAR,384,COUNTRY,PUBLISHED,Alcohol consumption (age 15+),Côte d'Ivoire,TOTAL,,,
EE6F72ASA_0000001688,SA_0000001688,EE6F72A,SA_0000001688,2017,YEAR,388,COUNTRY,PUBLISHED,Alcohol consumption (age 15+),Jamaica,TOTAL,,,
EE6F72ASA_0000001688,SA_0000001688,EE6F72A,SA_0000001688,2017,YEAR,408,COUNTRY,PUBLISHED,Alcohol consumption (age 15+),Democratic People's Republic of Korea,TOTAL,,,
EE6F72ASA_0000001688,SA_0000001688,EE6F72A,SA_0000001688,2019,YEAR,694,COUNTRY,PUBLISHED,Alcohol consumption (age 15+),Sierra Leone,TOTAL,,,
EE6F72ASA_0000001688,SA_0000001688,EE6F72A,SA_0000001688,2019,YEAR,702,COUNTRY,PUBLISHED,Alcohol consumption (age 15+),Singapore,TOTAL,,,
EE6F72ASA_0000001688,SA_0000001688,EE6F72A,SA_0000001688,2019,YEAR,703,COUNTRY,PUBLISHED,Alcohol consumption (age 15+),Slovakia,TOTAL,,,
EE6F72ASA_0000001688,SA_0000001688,EE6F72A,SA_0000001688,2019,YEAR,704,COUNTRY,PUBLISHED,Alcohol consumption (age 15+),Viet Nam,TOTAL,,,
EE6F72ASA_0000001688,SA_0000001688,EE6F72A,SA_0000001688,2017,YEAR,410,COUNTRY,PUBLISHED,Alcohol consumption (age 15+),Republic of Korea,TOTAL,,,
EE6F72ASA_0000001688,SA_0000001688,EE6F72A,SA_0000001688,2017,YEAR,414,COUNTRY,PUBLISHED,Alcohol consumption (age 15+),Kuwait,TOTAL,,,
EE6F72ASA_0000001688,SA_0000001688,EE6F72A,SA_0000001688,2017,YEAR,417,COUNTRY,PUBLISHED,Alcohol consumption (age 15+),Kyrgyzstan,TOTAL,,,
EE6F72ASA_0000001688,SA_0000001688,EE6F72A,SA_0000001688,2017,YEAR,418,COUNTRY,PUBLISHED,Alcohol consumption (age 15+),Lao People's Democratic Republic,TOTAL,,,
EE6F72ASA_0000001688,SA_0000001688,EE6F72A,SA_0000001688,2017,YEAR,419,REGION,PUBLISHED,Alcohol consumption (age 15+),Latin America and the Caribbean,TOTAL,,,
EE6F72ASA_0000001688,SA_0000001688,EE6F72A,SA_0000001688,2017,YEAR,422,COUNTRY,PUBLISHED,Alcohol consumption (age 15+),Lebanon,TOTAL,,,
EE6F72ASA_0000001688,SA_0000001688,EE6F72A,SA_0000001688,2019,YEAR,690,COUNTRY,PUBLISHED,Alcohol consumption (age 15+),Seychelles,TOTAL,,,
EE6F72ASA_0000001688,SA_0000001688,EE6F72A,SA_0000001688,2019,YEAR,705,COUNTRY,PUBLISHED,Alcohol consumption (age 15+),Slovenia,TOTAL,,,
EE6F72ASA_0000001688,SA_0000001688,EE6F72A,SA_0000001688,2019,YEAR,706,COUNTRY,PUBLISHED,Alcohol consumption (age 15+),Somalia,TOTAL,,,
EE6F72ASA_0000001688,SA_0000001688,EE6F72A,SA_0000001688,2019,YEAR,710,COUNTRY,PUBLISHED,Alcohol consumption (age 15+),South Africa,TOTAL,,,
EE6F72ASA_0000001688,SA_0000001688,EE6F72A,SA_0000001688,2019,YEAR,716,COUNTRY,PUBLISHED,Alcohol consumption (age 15+),Zimbabwe,TOTAL,,,
EE6F72ASA_0000001688,SA_0000001688,EE6F72A,SA_0000001688,2019,YEAR,722,CLASSIFICATION,PUBLISHED,Alcohol consumption (age 15+),Small Island Developing States,TOTAL,,,
EE6F72ASA_0000001688,SA_0000001688,EE6F72A,SA_0000001688,2019,YEAR,724,COUNTRY,PUBLISHED,Alcohol consumption (age 15+),Spain,TOTAL,,,
EE6F72ASA_0000001688,SA_0000001688,EE6F72A,SA_0000001688,2019,YEAR,740,COUNTRY,PUBLISHED,Alcohol consumption (age 15+),Suriname,TOTAL,,,
EE6F72ASA_0000001688,SA_0000001688,EE6F72A,SA_0000001688,2019,YEAR,747,REGION,PUBLISHED,Alcohol consumption (age 15+),Northern Africa and Western Asia,TOTAL,,,
EE6F72ASA_0000001688,SA_0000001688,EE6F72A,SA_0000001688,2019,YEAR,748,COUNTRY,PUBLISHED,Alcohol consumption (age 15+),Eswatini,TOTAL,,,
EE6F72ASA_0000001688,SA_0000001688,EE6F72A,SA_0000001688,2019,YEAR,752,COUNTRY,PUBLISHED,Alcohol consumption (age 15+),Sweden,TOTAL,,,
EE6F72ASA_0000001688,SA_0000001688,EE6F72A,SA_0000001688,2019,YEAR,728,COUNTRY,PUBLISHED,Alcohol consumption (age 15+),South Sudan,TOTAL,,,
EE6F72ASA_0000001688,SA_0000001688,EE6F72A,SA_0000001688,2019,YEAR,729,COUNTRY,PUBLISHED,Alcohol consumption (age 15+),Sudan,TOTAL,,,
EE6F72ASA_0000001688,SA_0000001688,EE6F72A,SA_0000001688,2019,YEAR,760,COUNTRY,PUBLISHED,Alcohol consumption (age 15+),Syrian Arab Republic,TOTAL,,,
EE6F72ASA_0000001688,SA_0000001688,EE6F72A,SA_0000001688,2019,YEAR,762,COUNTRY,PUBLISHED,Alcohol consumption (age 15+),Tajikistan,TOTAL,,,
EE6F72ASA_0000001688,SA_0000001688,EE6F72A,SA_0000001688,2019,YEAR,764,COUNTRY,PUBLISHED,Alcohol consumption (age 15+),Thailand,TOTAL,,,
EE6F72ASA_0000001688,SA_0000001688,EE6F72A,SA_0000001688,2019,YEAR,768,COUNTRY,PUBLISHED,Alcohol consumption (age 15+),Togo,TOTAL,,,
EE6F72ASA_0000001688,SA_0000001688,EE6F72A,SA_0000001688,2019,YEAR,753,REGION,PUBLISHED,Alcohol consumption (age 15+),Eastern and South-Eastern Asia,TOTAL,,,
EE6F72ASA_0000001688,SA_0000001688,EE6F72A,SA_0000001688,2019,YEAR,756,COUNTRY,PUBLISHED,Alcohol consumption (age 15+),Switzerland,TOTAL,,,
EE6F72ASA_0000001688,SA_0000001688,EE6F72A,SA_0000001688,2019,YEAR,780,COUNTRY,PUBLISHED,Alcohol consumption (age 15+),Trinidad and Tobago,TOTAL,,,
EE6F72ASA_0000001688,SA_0000001688,EE6F72A,SA_0000001688,2019,YEAR,784,COUNTRY,PUBLISHED,Alcohol consumption (age 15+),United Arab Emirates,TOTAL,,,
EE6F72ASA_0000001688,SA_0000001688,EE6F72A,SA_0000001688,2019,YEAR,788,COUNTRY,PUBLISHED,Alcohol consumption (age 15+),Tunisia,TOTAL,,,
EE6F72ASA_0000001688,SA_0000001688,EE6F72A,SA_0000001688,2019,YEAR,792,COUNTRY,PUBLISHED,Alcohol consumption (age 15+),Türkiye,TOTAL,,,
EE6F72ASA_0000001688,SA_0000001688,EE6F72A,SA_0000001688,2019,YEAR,776,COUNTRY,PUBLISHED,Alcohol consumption (age 15+),Tonga,TOTAL,,,
EE6F72ASA_0000001688,SA_0000001688,EE6F72A,SA_0000001688,2019,YEAR,777,REGION,PUBLISHED,Alcohol consumption (age 15+),,TOTAL,,,
EE6F72ASA_0000001688,SA_0000001688,EE6F72A,SA_0000001688,2019,YEAR,800,COUNTRY,PUBLISHED,Alcohol consumption (age 15+),Uganda,TOTAL,,,
EE6F72ASA_0000001688,SA_0000001688,EE6F72A,SA_0000001688,2019,YEAR,804,COUNTRY,PUBLISHED,Alcohol consumption (age 15+),Ukraine,TOTAL,,,
EE6F72ASA_0000001688,SA_0000001688,EE6F72A,SA_0000001688,2019,YEAR,807,COUNTRY,PUBLISHED,Alcohol consumption (age 15+),North Macedonia,TOTAL,,,
EE6F72ASA_0000001688,SA_0000001688,EE6F72A,SA_0000001688,2019,YEAR,818,COUNTRY,PUBLISHED,Alcohol consumption (age 15+),Egypt,TOTAL,,,
EE6F72ASA_0000001688,SA_0000001688,EE6F72A,SA_0000001688,2019,YEAR,795,COUNTRY,PUBLISHED,Alcohol consumption (age 15+),Turkmenistan,TOTAL,,,
EE6F72ASA_0000001688,SA_0000001688,EE6F72A,SA_0000001688,2019,YEAR,798,COUNTRY,PUBLISHED,Alcohol consumption (age 15+),Tuvalu,TOTAL,,,
EE6F72ASA_0000001688,SA_0000001688,EE6F72A,SA_0000001688,2019,YEAR,840,COUNTRY,PUBLISHED,Alcohol consumption (age 15+),United States of America,TOTAL,,,
EE6F72ASA_0000001688,SA_0000001688,EE6F72A,SA_0000001688,2019,YEAR,854,COUNTRY,PUBLISHED,Alcohol consumption (age 15+),Burkina Faso,TOTAL,,,
EE6F72ASA_0000001688,SA_0000001688,EE6F72A,SA_0000001688,2019,YEAR,858,COUNTRY,PUBLISHED,Alcohol consumption (age 15+),Uruguay,TOTAL,,,
EE6F72ASA_0000001688,SA_0000001688,EE6F72A,SA_0000001688,2019,YEAR,860,COUNTRY,PUBLISHED,Alcohol consumption (age 15+),Uzbekistan,TOTAL,,,
EE6F72ASA_0000001688,SA_0000001688,EE6F72A,SA_0000001688,2019,YEAR,826,COUNTRY,PUBLISHED,Alcohol consumption (age 15+),United Kingdom of Great Britain and Northern Ireland,TOTAL,,,
EE6F72ASA_0000001688,SA_0000001688,EE6F72A,SA_0000001688,2019,YEAR,834,COUNTRY,PUBLISHED,Alcohol consumption (age 15+),United Republic of Tanzania,TOTAL,,,
EE6F72ASA_0000001688,SA_0000001688,EE6F72A,SA_0000001688,2019,YEAR,887,COUNTRY,PUBLISHED,Alcohol consumption (age 15+),Yemen,TOTAL,,,
EE6F72ASA_0000001688,SA_0000001688,EE6F72A,SA_0000001688,2019,YEAR,957,WHOREGION,PUBLISHED,Alcohol consumption (age 15+),Eastern Mediterranean,TOTAL,,,
EE6F72ASA_0000001688,SA_0000001688,EE6F72A,SA_0000001688,2019,YEAR,958,WHOREGION,PUBLISHED,Alcohol consumption (age 15+),Western Pacific,TOTAL,,,
EE6F72ASA_0000001688,SA_0000001688,EE6F72A,SA_0000001688,2020,YEAR,001,GLOBAL,PUBLISHED,Alcohol consumption (age 15+),World,TOTAL,,,
EE6F72ASA_0000001688,SA_0000001688,EE6F72A,SA_0000001688,2020,YEAR,002,REGION,PUBLISHED,Alcohol consumption (age 15+),Africa,TOTAL,,,
EE6F72ASA_0000001688,SA_0000001688,EE6F72A,SA_0000001688,2019,YEAR,894,COUNTRY,PUBLISHED,Alcohol consumption (age 15+),Zambia,TOTAL,,,
EE6F72ASA_0000001688,SA_0000001688,EE6F72A,SA_0000001688,2019,YEAR,953,WHOREGION,PUBLISHED,Alcohol consumption (age 15+),Africa,TOTAL,,,
EE6F72ASA_0000001688,SA_0000001688,EE6F72A,SA_0000001688,2019,YEAR,954,WHOREGION,PUBLISHED,Alcohol consumption (age 15+),Americas,TOTAL,,,
EE6F72ASA_0000001688,SA_0000001688,EE6F72A,SA_0000001688,2019,YEAR,862,COUNTRY,PUBLISHED,Alcohol consumption (age 15+),Venezuela (Bolivarian Republic of),TOTAL,,,
EE6F72ASA_0000001688,SA_0000001688,EE6F72A,SA_0000001688,2019,YEAR,882,COUNTRY,PUBLISHED,Alcohol consumption (age 15+),Samoa,TOTAL,,,
EE6F72ASA_0000001688,SA_0000001688,EE6F72A,SA_0000001688,2019,YEAR,955,WHOREGION,PUBLISHED,Alcohol consumption (age 15+),South-East Asia,TOTAL,,,
EE6F72ASA_0000001688,SA_0000001688,EE6F72A,SA_0000001688,2019,YEAR,956,WHOREGION,PUBLISHED,Alcohol consumption (age 15+),Europe,TOTAL,,,
EE6F72ASA_0000001688,SA_0000001688,EE6F72A,SA_0000001688,2020,YEAR,004,COUNTRY,PUBLISHED,Alcohol consumption (age 15+),Afghanistan,TOTAL,,,
EE6F72ASA_0000001688,SA_0000001688,EE6F72A,SA_0000001688,2020,YEAR,015,REGION,PUBLISHED,Alcohol consumption (age 15+),Northern Africa,TOTAL,,,
EE6F72ASA_0000001688,SA_0000001688,EE6F72A,SA_0000001688,2020,YEAR,017,REGION,PUBLISHED,Alcohol consumption (age 15+),Middle Africa,TOTAL,,,
EE6F72ASA_0000001688,SA_0000001688,EE6F72A,SA_0000001688,2020,YEAR,018,REGION,PUBLISHED,Alcohol consumption (age 15+),Southern Africa,TOTAL,,,
EE6F72ASA_0000001688,SA_0000001688,EE6F72A,SA_0000001688,2020,YEAR,019,REGION,PUBLISHED,Alcohol consumption (age 15+),Americas,TOTAL,,,
EE6F72ASA_0000001688,SA_0000001688,EE6F72A,SA_0000001688,2020,YEAR,005,REGION,PUBLISHED,Alcohol consumption (age 15+),South America,TOTAL,,,
EE6F72ASA_0000001688,SA_0000001688,EE6F72A,SA_0000001688,2020,YEAR,008,COUNTRY,PUBLISHED,Alcohol consumption (age 15+),Albania,TOTAL,,,
EE6F72ASA_0000001688,SA_0000001688,EE6F72A,SA_0000001688,2020,YEAR,009,REGION,PUBLISHED,Alcohol consumption (age 15+),Oceania,TOTAL,,,
EE6F72ASA_0000001688,SA_0000001688,EE6F72A,SA_0000001688,2020,YEAR,011,REGION,PUBLISHED,Alcohol consumption (age 15+),Western Africa,TOTAL,,,
EE6F72ASA_0000001688,SA_0000001688,EE6F72A,SA_0000001688,2020,YEAR,012,COUNTRY,PUBLISHED,Alcohol consumption (age 15+),Algeria,TOTAL,,,
EE6F72ASA_0000001688,SA_0000001688,EE6F72A,SA_0000001688,2020,YEAR,013,REGION,PUBLISHED,Alcohol consumption (age 15+),Central America,TOTAL,,,
EE6F72ASA_0000001688,SA_0000001688,EE6F72A,SA_0000001688,2020,YEAR,014,REGION,PUBLISHED,Alcohol consumption (age 15+),Eastern Africa,TOTAL,,,
EE6F72ASA_0000001688,SA_0000001688,EE6F72A,SA_0000001688,2020,YEAR,020,COUNTRY,PUBLISHED,Alcohol consumption (age 15+),Andorra,TOTAL,,,
EE6F72ASA_0000001688,SA_0000001688,EE6F72A,SA_0000001688,2020,YEAR,034,REGION,PUBLISHED,Alcohol consumption (age 15+),Southern Asia,TOTAL,,,
EE6F72ASA_0000001688,SA_0000001688,EE6F72A,SA_0000001688,2020,YEAR,035,REGION,PUBLISHED,Alcohol consumption (age 15+),South-eastern Asia,TOTAL,,,
EE6F72ASA_0000001688,SA_0000001688,EE6F72A,SA_0000001688,2020,YEAR,036,COUNTRY,PUBLISHED,Alcohol consumption (age 15+),Australia,TOTAL,,,
EE6F72ASA_0000001688,SA_0000001688,EE6F72A,SA_0000001688,2020,YEAR,039,REGION,PUBLISHED,Alcohol consumption (age 15+),Southern Europe,TOTAL,,,
EE6F72ASA_0000001688,SA_0000001688,EE6F72A,SA_0000001688,2020,YEAR,021,REGION,PUBLISHED,Alcohol consumption (age 15+),Northern America,TOTAL,,,
EE6F72ASA_0000001688,SA_0000001688,EE6F72A,SA_0000001688,2020,YEAR,024,COUNTRY,PUBLISHED,Alcohol consumption (age 15+),Angola,TOTAL,,,
EE6F72ASA_0000001688,SA_0000001688,EE6F72A,SA_0000001688,2020,YEAR,028,COUNTRY,PUBLISHED,Alcohol consumption (age 15+),Antigua and Barbuda,TOTAL,,,
EE6F72ASA_0000001688,SA_0000001688,EE6F72A,SA_0000001688,2020,YEAR,029,REGION,PUBLISHED,Alcohol consumption (age 15+),Caribbean,TOTAL,,,
EE6F72ASA_0000001688,SA_0000001688,EE6F72A,SA_0000001688,2020,YEAR,030,REGION,PUBLISHED,Alcohol consumption (age 15+),Eastern Asia,TOTAL,,,
EE6F72ASA_0000001688,SA_0000001688,EE6F72A,SA_0000001688,2020,YEAR,031,COUNTRY,PUBLISHED,Alcohol consumption (age 15+),Azerbaijan,TOTAL,,,
EE6F72ASA_0000001688,SA_0000001688,EE6F72A,SA_0000001688,2020,YEAR,032,COUNTRY,PUBLISHED,Alcohol consumption (age 15+),Argentina,TOTAL,,,
EE6F72ASA_0000001688,SA_0000001688,EE6F72A,SA_0000001688,2020,YEAR,040,COUNTRY,PUBLISHED,Alcohol consumption (age 15+),Austria,TOTAL,,,
EE6F72ASA_0000001688,SA_0000001688,EE6F72A,SA_0000001688,2020,YEAR,056,COUNTRY,PUBLISHED,Alcohol consumption (age 15+),Belgium,TOTAL,,,
EE6F72ASA_0000001688,SA_0000001688,EE6F72A,SA_0000001688,2020,YEAR,057,REGION,PUBLISHED,Alcohol consumption (age 15+),Micronesia,TOTAL,,,
EE6F72ASA_0000001688,SA_0000001688,EE6F72A,SA_0000001688,2020,YEAR,061,REGION,PUBLISHED,Alcohol consumption (age 15+),Polynesia,TOTAL,,,
EE6F72ASA_0000001688,SA_0000001688,EE6F72A,SA_0000001688,2022,YEAR,688,COUNTRY,PUBLISHED,Alcohol consumption (age 15+),Serbia,TOTAL,,,
EE6F72ASA_0000001688,SA_0000001688,EE6F72A,SA_0000001688,2020,YEAR,044,COUNTRY,PUBLISHED,Alcohol consumption (age 15+),Bahamas,TOTAL,,,
EE6F72ASA_0000001688,SA_0000001688,EE6F72A,SA_0000001688,2020,YEAR,048,COUNTRY,PUBLISHED,Alcohol consumption (age 15+),Bahrain,TOTAL,,,
EE6F72ASA_0000001688,SA_0000001688,EE6F72A,SA_0000001688,2020,YEAR,050,COUNTRY,PUBLISHED,Alcohol consumption (age 15+),Bangladesh,TOTAL,,,
EE6F72ASA_0000001688,SA_0000001688,EE6F72A,SA_0000001688,2020,YEAR,051,COUNTRY,PUBLISHED,Alcohol consumption (age 15+),Armenia,TOTAL,,,
EE6F72ASA_0000001688,SA_0000001688,EE6F72A,SA_0000001688,2020,YEAR,052,COUNTRY,PUBLISHED,Alcohol consumption (age 15+),Barbados,TOTAL,,,
EE6F72ASA_0000001688,SA_0000001688,EE6F72A,SA_0000001688,2020,YEAR,053,REGION,PUBLISHED,Alcohol consumption (age 15+),Australia and New Zealand,TOTAL,,,
EE6F72ASA_0000001688,SA_0000001688,EE6F72A,SA_0000001688,2020,YEAR,054,REGION,PUBLISHED,Alcohol consumption (age 15+),Melanesia,TOTAL,,,
EE6F72ASA_0000001688,SA_0000001688,EE6F72A,SA_0000001688,2022,YEAR,690,COUNTRY,PUBLISHED,Alcohol consumption (age 15+),Seychelles,TOTAL,,,
EE6F72ASA_0000001688,SA_0000001688,EE6F72A,SA_0000001688,2022,YEAR,694,COUNTRY,PUBLISHED,Alcohol consumption (age 15+),Sierra Leone,TOTAL,,,
EE6F72ASA_0000001688,SA_0000001688,EE6F72A,SA_0000001688,2022,YEAR,702,COUNTRY,PUBLISHED,Alcohol consumption (age 15+),Singapore,TOTAL,,,
EE6F72ASA_0000001688,SA_0000001688,EE6F72A,SA_0000001688,2022,YEAR,703,COUNTRY,PUBLISHED,Alcohol consumption (age 15+),Slovakia,TOTAL,,,
EE6F72ASA_0000001688,SA_0000001688,EE6F72A,SA_0000001688,2022,YEAR,704,COUNTRY,PUBLISHED,Alcohol consumption (age 15+),Viet Nam,TOTAL,,,
EE6F72ASA_0000001688,SA_0000001688,EE6F72A,SA_0000001688,2022,YEAR,705,COUNTRY,PUBLISHED,Alcohol consumption (age 15+),Slovenia,TOTAL,,,
EE6F72ASA_0000001688,SA_0000001688,EE6F72A,SA_0000001688,2022,YEAR,716,COUNTRY,PUBLISHED,Alcohol consumption (age 15+),Zimbabwe,TOTAL,,,
EE6F72ASA_0000001688,SA_0000001688,EE6F72A,SA_0000001688,2022,YEAR,722,CLASSIFICATION,PUBLISHED,Alcohol consumption (age 15+),Small Island Developing States,TOTAL,,,
EE6F72ASA_0000001688,SA_0000001688,EE6F72A,SA_0000001688,2022,YEAR,724,COUNTRY,PUBLISHED,Alcohol consumption (age 15+),Spain,TOTAL,,,
EE6F72ASA_0000001688,SA_0000001688,EE6F72A,SA_0000001688,2022,YEAR,728,COUNTRY,PUBLISHED,Alcohol consumption (age 15+),South Sudan,TOTAL,,,
EE6F72ASA_0000001688,SA_0000001688,EE6F72A,SA_0000001688,2022,YEAR,706,COUNTRY,PUBLISHED,Alcohol consumption (age 15+),Somalia,TOTAL,,,
EE6F72ASA_0000001688,SA_0000001688,EE6F72A,SA_0000001688,2022,YEAR,710,COUNTRY,PUBLISHED,Alcohol consumption (age 15+),South Africa,TOTAL,,,
EE6F72ASA_0000001688,SA_0000001688,EE6F72A,SA_0000001688,2022,YEAR,747,REGION,PUBLISHED,Alcohol consumption (age 15+),Northern Africa and Western Asia,TOTAL,,,
EE6F72ASA_0000001688,SA_0000001688,EE6F72A,SA_0000001688,2022,YEAR,762,COUNTRY,PUBLISHED,Alcohol consumption (age 15+),Tajikistan,TOTAL,,,
EE6F72ASA_0000001688,SA_0000001688,EE6F72A,SA_0000001688,2022,YEAR,764,COUNTRY,PUBLISHED,Alcohol consumption (age 15+),Thailand,TOTAL,,,
EE6F72ASA_0000001688,SA_0000001688,EE6F72A,SA_0000001688,2022,YEAR,768,COUNTRY,PUBLISHED,Alcohol consumption (age 15+),Togo,TOTAL,,,
EE6F72ASA_0000001688,SA_0000001688,EE6F72A,SA_0000001688,2022,YEAR,776,COUNTRY,PUBLISHED,Alcohol consumption (age 15+),Tonga,TOTAL,,,
EE6F72ASA_0000001688,SA_0000001688,EE6F72A,SA_0000001688,2022,YEAR,748,COUNTRY,PUBLISHED,Alcohol consumption (age 15+),Eswatini,TOTAL,,,
EE6F72ASA_0000001688,SA_0000001688,EE6F72A,SA_0000001688,2022,YEAR,752,COUNTRY,PUBLISHED,Alcohol consumption (age 15+),Sweden,TOTAL,,,
EE6F72ASA_0000001688,SA_0000001688,EE6F72A,SA_0000001688,2022,YEAR,753,REGION,PUBLISHED,Alcohol consumption (age 15+),Eastern and South-Eastern Asia,TOTAL,,,
EE6F72ASA_0000001688,SA_0000001688,EE6F72A,SA_0000001688,2022,YEAR,729,COUNTRY,PUBLISHED,Alcohol consumption (age 15+),Sudan,TOTAL,,,
EE6F72ASA_0000001688,SA_0000001688,EE6F72A,SA_0000001688,2022,YEAR,740,COUNTRY,PUBLISHED,Alcohol consumption (age 15+),Suriname,TOTAL,,,
EE6F72ASA_0000001688,SA_0000001688,EE6F72A,SA_0000001688,2022,YEAR,756,COUNTRY,PUBLISHED,Alcohol consumption (age 15+),Switzerland,TOTAL,,,
EE6F72ASA_0000001688,SA_0000001688,EE6F72A,SA_0000001688,2022,YEAR,760,COUNTRY,PUBLISHED,Alcohol consumption (age 15+),Syrian Arab Republic,TOTAL,,,
EE6F72ASA_0000001688,SA_0000001688,EE6F72A,SA_0000001688,2022,YEAR,777,REGION,PUBLISHED,Alcohol consumption (age 15+),,TOTAL,,,
EE6F72ASA_0000001688,SA_0000001688,EE6F72A,SA_0000001688,2022,YEAR,804,COUNTRY,PUBLISHED,Alcohol consumption (age 15+),Ukraine,TOTAL,,,
EE6F72ASA_0000001688,SA_0000001688,EE6F72A,SA_0000001688,2022,YEAR,807,COUNTRY,PUBLISHED,Alcohol consumption (age 15+),North Macedonia,TOTAL,,,
EE6F72ASA_0000001688,SA_0000001688,EE6F72A,SA_0000001688,2022,YEAR,818,COUNTRY,PUBLISHED,Alcohol consumption (age 15+),Egypt,TOTAL,,,
EE6F72ASA_0000001688,SA_0000001688,EE6F72A,SA_0000001688,2022,YEAR,826,COUNTRY,PUBLISHED,Alcohol consumption (age 15+),United Kingdom of Great Britain and Northern Ireland,TOTAL,,,
EE6F72ASA_0000001688,SA_0000001688,EE6F72A,SA_0000001688,2022,YEAR,780,COUNTRY,PUBLISHED,Alcohol consumption (age 15+),Trinidad and Tobago,TOTAL,,,
EE6F72ASA_0000001688,SA_0000001688,EE6F72A,SA_0000001688,2022,YEAR,784,COUNTRY,PUBLISHED,Alcohol consumption (age 15+),United Arab Emirates,TOTAL,,,
EE6F72ASA_0000001688,SA_0000001688,EE6F72A,SA_0000001688,2022,YEAR,788,COUNTRY,PUBLISHED,Alcohol consumption (age 15+),Tunisia,TOTAL,,,
EE6F72ASA_0000001688,SA_0000001688,EE6F72A,SA_0000001688,2022,YEAR,792,COUNTRY,PUBLISHED,Alcohol consumption (age 15+),Türkiye,TOTAL,,,
EE6F72ASA_0000001688,SA_0000001688,EE6F72A,SA_0000001688,2022,YEAR,795,COUNTRY,PUBLISHED,Alcohol consumption (age 15+),Turkmenistan,TOTAL,,,
EE6F72ASA_0000001688,SA_0000001688,EE6F72A,SA_0000001688,2022,YEAR,798,COUNTRY,PUBLISHED,Alcohol consumption (age 15+),Tuvalu,TOTAL,,,
EE6F72ASA_0000001688,SA_0000001688,EE6F72A,SA_0000001688,2022,YEAR,800,COUNTRY,PUBLISHED,Alcohol consumption (age 15+),Uganda,TOTAL,,,
EE6F72ASA_0000001688,SA_0000001688,EE6F72A,SA_0000001688,2022,YEAR,834,COUNTRY,PUBLISHED,Alcohol consumption (age 15+),United Republic of Tanzania,TOTAL,,,
EE6F72ASA_0000001688,SA_0000001688,EE6F72A,SA_0000001688,2022,YEAR,894,COUNTRY,PUBLISHED,Alcohol consumption (age 15+),Zambia,TOTAL,,,
EE6F72ASA_0000001688,SA_0000001688,EE6F72A,SA_0000001688,2022,YEAR,953,WHOREGION,PUBLISHED,Alcohol consumption (age 15+),Africa,TOTAL,,,
EE6F72ASA_0000001688,SA_0000001688,EE6F72A,SA_0000001688,2022,YEAR,954,WHOREGION,PUBLISHED,Alcohol consumption (age 15+),Americas,TOTAL,,,
EE6F72ASA_0000001688,SA_0000001688,EE6F72A,SA_0000001688,2022,YEAR,955,WHOREGION,PUBLISHED,Alcohol consumption (age 15+),South-East Asia,TOTAL,,,
EE6F72ASA_0000001688,SA_0000001688,EE6F72A,SA_0000001688,2022,YEAR,840,COUNTRY,PUBLISHED,Alcohol consumption (age 15+),United States of America,TOTAL,,,
EE6F72ASA_0000001688,SA_0000001688,EE6F72A,SA_0000001688,2022,YEAR,854,COUNTRY,PUBLISHED,Alcohol consumption (age 15+),Burkina Faso,TOTAL,,,
EE6F72ASA_0000001688,SA_0000001688,EE6F72A,SA_0000001688,2022,YEAR,858,COUNTRY,PUBLISHED,Alcohol consumption (age 15+),Uruguay,TOTAL,,,
EE6F72ASA_0000001688,SA_0000001688,EE6F72A,SA_0000001688,2022,YEAR,860,COUNTRY,PUBLISHED,Alcohol consumption (age 15+),Uzbekistan,TOTAL,,,
EE6F72ASA_0000001688,SA_0000001688,EE6F72A,SA_0000001688,2022,YEAR,862,COUNTRY,PUBLISHED,Alcohol consumption (age 15+),Venezuela (Bolivarian Republic of),TOTAL,,,
EE6F72ASA_0000001688,SA_0000001688,EE6F72A,SA_0000001688,2022,YEAR,882,COUNTRY,PUBLISHED,Alcohol consumption (age 15+),Samoa,TOTAL,,,
EE6F72ASA_0000001688,SA_0000001688,EE6F72A,SA_0000001688,2022,YEAR,887,COUNTRY,PUBLISHED,Alcohol consumption (age 15+),Yemen,TOTAL,,,
EE6F72ASA_0000001688,SA_0000001688,EE6F72A,SA_0000001688,2022,YEAR,956,WHOREGION,PUBLISHED,Alcohol consumption (age 15+),Europe,TOTAL,,,
EE6F72ASA_0000001688,SA_0000001688,EE6F72A,SA_0000001688,2022,YEAR,957,WHOREGION,PUBLISHED,Alcohol consumption (age 15+),Eastern Mediterranean,TOTAL,,,
EE6F72ASA_0000001688,SA_0000001688,EE6F72A,SA_0000001688,2022,YEAR,958,WHOREGION,PUBLISHED,Alcohol consumption (age 15+),Western Pacific,TOTAL,,,
EE6F72ASA_0000001688,SA_0000001688,EE6F72A,SA_0000001688,2011,YEAR,400,COUNTRY,PUBLISHED,Alcohol consumption (age 15+),Jordan,TOTAL,,,
EE6F72ASA_0000001688,SA_0000001688,EE6F72A,SA_0000001688,2011,YEAR,404,COUNTRY,PUBLISHED,Alcohol consumption (age 15+),Kenya,TOTAL,,,
EE6F72ASA_0000001688,SA_0000001688,EE6F72A,SA_0000001688,2011,YEAR,408,COUNTRY,PUBLISHED,Alcohol consumption (age 15+),Democratic People's Republic of Korea,TOTAL,,,
EE6F72ASA_0000001688,SA_0000001688,EE6F72A,SA_0000001688,2011,YEAR,417,COUNTRY,PUBLISHED,Alcohol consumption (age 15+),Kyrgyzstan,TOTAL,,,
EE6F72ASA_0000001688,SA_0000001688,EE6F72A,SA_0000001688,2011,YEAR,418,COUNTRY,PUBLISHED,Alcohol consumption (age 15+),Lao People's Democratic Republic,TOTAL,,,
EE6F72ASA_0000001688,SA_0000001688,EE6F72A,SA_0000001688,2011,YEAR,419,REGION,PUBLISHED,Alcohol consumption (age 15+),Latin America and the Caribbean,TOTAL,,,
EE6F72ASA_0000001688,SA_0000001688,EE6F72A,SA_0000001688,2011,YEAR,422,COUNTRY,PUBLISHED,Alcohol consumption (age 15+),Lebanon,TOTAL,,,
EE6F72ASA_0000001688,SA_0000001688,EE6F72A,SA_0000001688,2011,YEAR,410,COUNTRY,PUBLISHED,Alcohol consumption (age 15+),Republic of Korea,TOTAL,,,
EE6F72ASA_0000001688,SA_0000001688,EE6F72A,SA_0000001688,2011,YEAR,414,COUNTRY,PUBLISHED,Alcohol consumption (age 15+),Kuwait,TOTAL,,,
EE6F72ASA_0000001688,SA_0000001688,EE6F72A,SA_0000001688,2013,YEAR,702,COUNTRY,PUBLISHED,Alcohol consumption (age 15+),Singapore,TOTAL,,,
EE6F72ASA_0000001688,SA_0000001688,EE6F72A,SA_0000001688,2013,YEAR,703,COUNTRY,PUBLISHED,Alcohol consumption (age 15+),Slovakia,TOTAL,,,
EE6F72ASA_0000001688,SA_0000001688,EE6F72A,SA_0000001688,2013,YEAR,704,COUNTRY,PUBLISHED,Alcohol consumption (age 15+),Viet Nam,TOTAL,,,
EE6F72ASA_0000001688,SA_0000001688,EE6F72A,SA_0000001688,2013,YEAR,724,COUNTRY,PUBLISHED,Alcohol consumption (age 15+),Spain,TOTAL,,,
EE6F72ASA_0000001688,SA_0000001688,EE6F72A,SA_0000001688,2013,YEAR,728,COUNTRY,PUBLISHED,Alcohol consumption (age 15+),South Sudan,TOTAL,,,
EE6F72ASA_0000001688,SA_0000001688,EE6F72A,SA_0000001688,2013,YEAR,705,COUNTRY,PUBLISHED,Alcohol consumption (age 15+),Slovenia,TOTAL,,,
EE6F72ASA_0000001688,SA_0000001688,EE6F72A,SA_0000001688,2011,YEAR,426,COUNTRY,PUBLISHED,Alcohol consumption (age 15+),Lesotho,TOTAL,,,
EE6F72ASA_0000001688,SA_0000001688,EE6F72A,SA_0000001688,2011,YEAR,428,COUNTRY,PUBLISHED,Alcohol consumption (age 15+),Latvia,TOTAL,,,
EE6F72ASA_0000001688,SA_0000001688,EE6F72A,SA_0000001688,2013,YEAR,716,COUNTRY,PUBLISHED,Alcohol consumption (age 15+),Zimbabwe,TOTAL,,,
EE6F72ASA_0000001688,SA_0000001688,EE6F72A,SA_0000001688,2013,YEAR,722,CLASSIFICATION,PUBLISHED,Alcohol consumption (age 15+),Small Island Developing States,TOTAL,,,
EE6F72ASA_0000001688,SA_0000001688,EE6F72A,SA_0000001688,2013,YEAR,706,COUNTRY,PUBLISHED,Alcohol consumption (age 15+),Somalia,TOTAL,,,
EE6F72ASA_0000001688,SA_0000001688,EE6F72A,SA_0000001688,2013,YEAR,710,COUNTRY,PUBLISHED,Alcohol consumption (age 15+),South Africa,TOTAL,,,
EE6F72ASA_0000001688,SA_0000001688,EE6F72A,SA_0000001688,2013,YEAR,752,COUNTRY,PUBLISHED,Alcohol consumption (age 15+),Sweden,TOTAL,,,
EE6F72ASA_0000001688,SA_0000001688,EE6F72A,SA_0000001688,2013,YEAR,753,REGION,PUBLISHED,Alcohol consumption (age 15+),Eastern and South-Eastern Asia,TOTAL,,,
EE6F72ASA_0000001688,SA_0000001688,EE6F72A,SA_0000001688,2013,YEAR,729,COUNTRY,PUBLISHED,Alcohol consumption (age 15+),Sudan,TOTAL,,,
EE6F72ASA_0000001688,SA_0000001688,EE6F72A,SA_0000001688,2013,YEAR,740,COUNTRY,PUBLISHED,Alcohol consumption (age 15+),Suriname,TOTAL,,,
EE6F72ASA_0000001688,SA_0000001688,EE6F72A,SA_0000001688,2013,YEAR,747,REGION,PUBLISHED,Alcohol consumption (age 15+),Northern Africa and Western Asia,TOTAL,,,
EE6F72ASA_0000001688,SA_0000001688,EE6F72A,SA_0000001688,2013,YEAR,748,COUNTRY,PUBLISHED,Alcohol consumption (age 15+),Eswatini,TOTAL,,,
EE6F72ASA_0000001688,SA_0000001688,EE6F72A,SA_0000001688,2013,YEAR,762,COUNTRY,PUBLISHED,Alcohol consumption (age 15+),Tajikistan,TOTAL,,,
EE6F72ASA_0000001688,SA_0000001688,EE6F72A,SA_0000001688,2013,YEAR,764,COUNTRY,PUBLISHED,Alcohol consumption (age 15+),Thailand,TOTAL,,,
EE6F72ASA_0000001688,SA_0000001688,EE6F72A,SA_0000001688,2013,YEAR,768,COUNTRY,PUBLISHED,Alcohol consumption (age 15+),Togo,TOTAL,,,
EE6F72ASA_0000001688,SA_0000001688,EE6F72A,SA_0000001688,2013,YEAR,776,COUNTRY,PUBLISHED,Alcohol consumption (age 15+),Tonga,TOTAL,,,
EE6F72ASA_0000001688,SA_0000001688,EE6F72A,SA_0000001688,2013,YEAR,756,COUNTRY,PUBLISHED,Alcohol consumption (age 15+),Switzerland,TOTAL,,,
EE6F72ASA_0000001688,SA_0000001688,EE6F72A,SA_0000001688,2013,YEAR,760,COUNTRY,PUBLISHED,Alcohol consumption (age 15+),Syrian Arab Republic,TOTAL,,,
EE6F72ASA_0000001688,SA_0000001688,EE6F72A,SA_0000001688,2013,YEAR,784,COUNTRY,PUBLISHED,Alcohol consumption (age 15+),United Arab Emirates,TOTAL,,,
EE6F72ASA_0000001688,SA_0000001688,EE6F72A,SA_0000001688,2013,YEAR,804,COUNTRY,PUBLISHED,Alcohol consumption (age 15+),Ukraine,TOTAL,,,
EE6F72ASA_0000001688,SA_0000001688,EE6F72A,SA_0000001688,2013,YEAR,807,COUNTRY,PUBLISHED,Alcohol consumption (age 15+),North Macedonia,TOTAL,,,
EE6F72ASA_0000001688,SA_0000001688,EE6F72A,SA_0000001688,2013,YEAR,818,COUNTRY,PUBLISHED,Alcohol consumption (age 15+),Egypt,TOTAL,,,
EE6F72ASA_0000001688,SA_0000001688,EE6F72A,SA_0000001688,2013,YEAR,826,COUNTRY,PUBLISHED,Alcohol consumption (age 15+),United Kingdom of Great Britain and Northern Ireland,TOTAL,,,
EE6F72ASA_0000001688,SA_0000001688,EE6F72A,SA_0000001688,2013,YEAR,788,COUNTRY,PUBLISHED,Alcohol consumption (age 15+),Tunisia,TOTAL,,,
EE6F72ASA_0000001688,SA_0000001688,EE6F72A,SA_0000001688,2013,YEAR,792,COUNTRY,PUBLISHED,Alcohol consumption (age 15+),Türkiye,TOTAL,,,
EE6F72ASA_0000001688,SA_0000001688,EE6F72A,SA_0000001688,2013,YEAR,795,COUNTRY,PUBLISHED,Alcohol consumption (age 15+),Turkmenistan,TOTAL,,,
EE6F72ASA_0000001688,SA_0000001688,EE6F72A,SA_0000001688,2013,YEAR,777,REGION,PUBLISHED,Alcohol consumption (age 15+),,TOTAL,,,
EE6F72ASA_0000001688,SA_0000001688,EE6F72A,SA_0000001688,2013,YEAR,780,COUNTRY,PUBLISHED,Alcohol consumption (age 15+),Trinidad and Tobago,TOTAL,,,
EE6F72ASA_0000001688,SA_0000001688,EE6F72A,SA_0000001688,2013,YEAR,798,COUNTRY,PUBLISHED,Alcohol consumption (age 15+),Tuvalu,TOTAL,,,
EE6F72ASA_0000001688,SA_0000001688,EE6F72A,SA_0000001688,2013,YEAR,800,COUNTRY,PUBLISHED,Alcohol consumption (age 15+),Uganda,TOTAL,,,
EE6F72ASA_0000001688,SA_0000001688,EE6F72A,SA_0000001688,2013,YEAR,834,COUNTRY,PUBLISHED,Alcohol consumption (age 15+),United Republic of Tanzania,TOTAL,,,
EE6F72ASA_0000001688,SA_0000001688,EE6F72A,SA_0000001688,2013,YEAR,894,COUNTRY,PUBLISHED,Alcohol consumption (age 15+),Zambia,TOTAL,,,
EE6F72ASA_0000001688,SA_0000001688,EE6F72A,SA_0000001688,2013,YEAR,953,WHOREGION,PUBLISHED,Alcohol consumption (age 15+),Africa,TOTAL,,,
EE6F72ASA_0000001688,SA_0000001688,EE6F72A,SA_0000001688,2013,YEAR,954,WHOREGION,PUBLISHED,Alcohol consumption (age 15+),Americas,TOTAL,,,
EE6F72ASA_0000001688,SA_0000001688,EE6F72A,SA_0000001688,2013,YEAR,955,WHOREGION,PUBLISHED,Alcohol consumption (age 15+),South-East Asia,TOTAL,,,
EE6F72ASA_0000001688,SA_0000001688,EE6F72A,SA_0000001688,2013,YEAR,840,COUNTRY,PUBLISHED,Alcohol consumption (age 15+),United States of America,TOTAL,,,
EE6F72ASA_0000001688,SA_0000001688,EE6F72A,SA_0000001688,2013,YEAR,854,COUNTRY,PUBLISHED,Alcohol consumption (age 15+),Burkina Faso,TOTAL,,,
EE6F72ASA_0000001688,SA_0000001688,EE6F72A,SA_0000001688,2013,YEAR,858,COUNTRY,PUBLISHED,Alcohol consumption (age 15+),Uruguay,TOTAL,,,
EE6F72ASA_0000001688,SA_0000001688,EE6F72A,SA_0000001688,2013,YEAR,860,COUNTRY,PUBLISHED,Alcohol consumption (age 15+),Uzbekistan,TOTAL,,,
EE6F72ASA_0000001688,SA_0000001688,EE6F72A,SA_0000001688,2013,YEAR,862,COUNTRY,PUBLISHED,Alcohol consumption (age 15+),Venezuela (Bolivarian Republic of),TOTAL,,,
EE6F72ASA_0000001688,SA_0000001688,EE6F72A,SA_0000001688,2013,YEAR,882,COUNTRY,PUBLISHED,Alcohol consumption (age 15+),Samoa,TOTAL,,,
EE6F72ASA_0000001688,SA_0000001688,EE6F72A,SA_0000001688,2013,YEAR,887,COUNTRY,PUBLISHED,Alcohol consumption (age 15+),Yemen,TOTAL,,,
EE6F72ASA_0000001688,SA_0000001688,EE6F72A,SA_0000001688,2013,YEAR,956,WHOREGION,PUBLISHED,Alcohol consumption (age 15+),Europe,TOTAL,,,
EE6F72ASA_0000001688,SA_0000001688,EE6F72A,SA_0000001688,2014,YEAR,009,REGION,PUBLISHED,Alcohol consumption (age 15+),Oceania,TOTAL,,,
EE6F72ASA_0000001688,SA_0000001688,EE6F72A,SA_0000001688,2014,YEAR,011,REGION,PUBLISHED,Alcohol consumption (age 15+),Western Africa,TOTAL,,,
EE6F72ASA_0000001688,SA_0000001688,EE6F72A,SA_0000001688,2014,YEAR,012,COUNTRY,PUBLISHED,Alcohol consumption (age 15+),Algeria,TOTAL,,,
EE6F72ASA_0000001688,SA_0000001688,EE6F72A,SA_0000001688,2014,YEAR,013,REGION,PUBLISHED,Alcohol consumption (age 15+),Central America,TOTAL,,,
EE6F72ASA_0000001688,SA_0000001688,EE6F72A,SA_0000001688,2013,YEAR,957,WHOREGION,PUBLISHED,Alcohol consumption (age 15+),Eastern Mediterranean,TOTAL,,,
EE6F72ASA_0000001688,SA_0000001688,EE6F72A,SA_0000001688,2013,YEAR,958,WHOREGION,PUBLISHED,Alcohol consumption (age 15+),Western Pacific,TOTAL,,,
EE6F72ASA_0000001688,SA_0000001688,EE6F72A,SA_0000001688,2014,YEAR,001,GLOBAL,PUBLISHED,Alcohol consumption (age 15+),World,TOTAL,,,
EE6F72ASA_0000001688,SA_0000001688,EE6F72A,SA_0000001688,2014,YEAR,002,REGION,PUBLISHED,Alcohol consumption (age 15+),Africa,TOTAL,,,
EE6F72ASA_0000001688,SA_0000001688,EE6F72A,SA_0000001688,2014,YEAR,004,COUNTRY,PUBLISHED,Alcohol consumption (age 15+),Afghanistan,TOTAL,,,
EE6F72ASA_0000001688,SA_0000001688,EE6F72A,SA_0000001688,2014,YEAR,005,REGION,PUBLISHED,Alcohol consumption (age 15+),South America,TOTAL,,,
EE6F72ASA_0000001688,SA_0000001688,EE6F72A,SA_0000001688,2014,YEAR,008,COUNTRY,PUBLISHED,Alcohol consumption (age 15+),Albania,TOTAL,,,
EE6F72ASA_0000001688,SA_0000001688,EE6F72A,SA_0000001688,2014,YEAR,014,REGION,PUBLISHED,Alcohol consumption (age 15+),Eastern Africa,TOTAL,,,
EE6F72ASA_0000001688,SA_0000001688,EE6F72A,SA_0000001688,2014,YEAR,015,REGION,PUBLISHED,Alcohol consumption (age 15+),Northern Africa,TOTAL,,,
EE6F72ASA_0000001688,SA_0000001688,EE6F72A,SA_0000001688,2014,YEAR,017,REGION,PUBLISHED,Alcohol consumption (age 15+),Middle Africa,TOTAL,,,
EE6F72ASA_0000001688,SA_0000001688,EE6F72A,SA_0000001688,2014,YEAR,018,REGION,PUBLISHED,Alcohol consumption (age 15+),Southern Africa,TOTAL,,,
EE6F72ASA_0000001688,SA_0000001688,EE6F72A,SA_0000001688,2014,YEAR,019,REGION,PUBLISHED,Alcohol consumption (age 15+),Americas,TOTAL,,,
EE6F72ASA_0000001688,SA_0000001688,EE6F72A,SA_0000001688,2014,YEAR,020,COUNTRY,PUBLISHED,Alcohol consumption (age 15+),Andorra,TOTAL,,,
EE6F72ASA_0000001688,SA_0000001688,EE6F72A,SA_0000001688,2014,YEAR,028,COUNTRY,PUBLISHED,Alcohol consumption (age 15+),Antigua and Barbuda,TOTAL,,,
EE6F72ASA_0000001688,SA_0000001688,EE6F72A,SA_0000001688,2014,YEAR,029,REGION,PUBLISHED,Alcohol consumption (age 15+),Caribbean,TOTAL,,,
EE6F72ASA_0000001688,SA_0000001688,EE6F72A,SA_0000001688,2014,YEAR,030,REGION,PUBLISHED,Alcohol consumption (age 15+),Eastern Asia,TOTAL,,,
EE6F72ASA_0000001688,SA_0000001688,EE6F72A,SA_0000001688,2014,YEAR,031,COUNTRY,PUBLISHED,Alcohol consumption (age 15+),Azerbaijan,TOTAL,,,
EE6F72ASA_0000001688,SA_0000001688,EE6F72A,SA_0000001688,2014,YEAR,021,REGION,PUBLISHED,Alcohol consumption (age 15+),Northern America,TOTAL,,,
EE6F72ASA_0000001688,SA_0000001688,EE6F72A,SA_0000001688,2014,YEAR,024,COUNTRY,PUBLISHED,Alcohol consumption (age 15+),Angola,TOTAL,,,
EE6F72ASA_0000001688,SA_0000001688,EE6F72A,SA_0000001688,2014,YEAR,035,REGION,PUBLISHED,Alcohol consumption (age 15+),South-eastern Asia,TOTAL,,,
EE6F72ASA_0000001688,SA_0000001688,EE6F72A,SA_0000001688,2014,YEAR,050,COUNTRY,PUBLISHED,Alcohol consumption (age 15+),Bangladesh,TOTAL,,,
EE6F72ASA_0000001688,SA_0000001688,EE6F72A,SA_0000001688,2014,YEAR,051,COUNTRY,PUBLISHED,Alcohol consumption (age 15+),Armenia,TOTAL,,,
EE6F72ASA_0000001688,SA_0000001688,EE6F72A,SA_0000001688,2014,YEAR,052,COUNTRY,PUBLISHED,Alcohol consumption (age 15+),Barbados,TOTAL,,,
EE6F72ASA_0000001688,SA_0000001688,EE6F72A,SA_0000001688,2014,YEAR,053,REGION,PUBLISHED,Alcohol consumption (age 15+),Australia and New Zealand,TOTAL,,,
EE6F72ASA_0000001688,SA_0000001688,EE6F72A,SA_0000001688,2014,YEAR,036,COUNTRY,PUBLISHED,Alcohol consumption (age 15+),Australia,TOTAL,,,
EE6F72ASA_0000001688,SA_0000001688,EE6F72A,SA_0000001688,2014,YEAR,039,REGION,PUBLISHED,Alcohol consumption (age 15+),Southern Europe,TOTAL,,,
EE6F72ASA_0000001688,SA_0000001688,EE6F72A,SA_0000001688,2014,YEAR,040,COUNTRY,PUBLISHED,Alcohol consumption (age 15+),Austria,TOTAL,,,
EE6F72ASA_0000001688,SA_0000001688,EE6F72A,SA_0000001688,2014,YEAR,032,COUNTRY,PUBLISHED,Alcohol consumption (age 15+),Argentina,TOTAL,,,
EE6F72ASA_0000001688,SA_0000001688,EE6F72A,SA_0000001688,2014,YEAR,034,REGION,PUBLISHED,Alcohol consumption (age 15+),Southern Asia,TOTAL,,,
EE6F72ASA_0000001688,SA_0000001688,EE6F72A,SA_0000001688,2014,YEAR,044,COUNTRY,PUBLISHED,Alcohol consumption (age 15+),Bahamas,TOTAL,,,
EE6F72ASA_0000001688,SA_0000001688,EE6F72A,SA_0000001688,2014,YEAR,048,COUNTRY,PUBLISHED,Alcohol consumption (age 15+),Bahrain,TOTAL,,,
EE6F72ASA_0000001688,SA_0000001688,EE6F72A,SA_0000001688,2014,YEAR,054,REGION,PUBLISHED,Alcohol consumption (age 15+),Melanesia,TOTAL,,,
EE6F72ASA_0000001688,SA_0000001688,EE6F72A,SA_0000001688,2014,YEAR,056,COUNTRY,PUBLISHED,Alcohol consumption (age 15+),Belgium,TOTAL,,,
EE6F72ASA_0000001688,SA_0000001688,EE6F72A,SA_0000001688,2014,YEAR,057,REGION,PUBLISHED,Alcohol consumption (age 15+),Micronesia,TOTAL,,,
EE6F72ASA_0000001688,SA_0000001688,EE6F72A,SA_0000001688,2014,YEAR,061,REGION,PUBLISHED,Alcohol consumption (age 15+),Polynesia,TOTAL,,,
EE6F72ASA_0000001688,SA_0000001688,EE6F72A,SA_0000001688,2014,YEAR,062,REGION,PUBLISHED,Alcohol consumption (age 15+),Central and Southern Asia,TOTAL,,,
EE6F72ASA_0000001688,SA_0000001688,EE6F72A,SA_0000001688,2014,YEAR,064,COUNTRY,PUBLISHED,Alcohol consumption (age 15+),Bhutan,TOTAL,,,
EE6F72ASA_0000001688,SA_0000001688,EE6F72A,SA_0000001688,2016,YEAR,703,COUNTRY,PUBLISHED,Alcohol consumption (age 15+),Slovakia,TOTAL,,,
EE6F72ASA_0000001688,SA_0000001688,EE6F72A,SA_0000001688,2016,YEAR,704,COUNTRY,PUBLISHED,Alcohol consumption (age 15+),Viet Nam,TOTAL,,,
EE6F72ASA_0000001688,SA_0000001688,EE6F72A,SA_0000001688,2016,YEAR,705,COUNTRY,PUBLISHED,Alcohol consumption (age 15+),Slovenia,TOTAL,,,
EE6F72ASA_0000001688,SA_0000001688,EE6F72A,SA_0000001688,2016,YEAR,706,COUNTRY,PUBLISHED,Alcohol consumption (age 15+),Somalia,TOTAL,,,
EE6F72ASA_0000001688,SA_0000001688,EE6F72A,SA_0000001688,2016,YEAR,694,COUNTRY,PUBLISHED,Alcohol consumption (age 15+),Sierra Leone,TOTAL,,,
EE6F72ASA_0000001688,SA_0000001688,EE6F72A,SA_0000001688,2016,YEAR,702,COUNTRY,PUBLISHED,Alcohol consumption (age 15+),Singapore,TOTAL,,,
EE6F72ASA_0000001688,SA_0000001688,EE6F72A,SA_0000001688,2016,YEAR,722,CLASSIFICATION,PUBLISHED,Alcohol consumption (age 15+),Small Island Developing States,TOTAL,,,
EE6F72ASA_0000001688,SA_0000001688,EE6F72A,SA_0000001688,2016,YEAR,748,COUNTRY,PUBLISHED,Alcohol consumption (age 15+),Eswatini,TOTAL,,,
EE6F72ASA_0000001688,SA_0000001688,EE6F72A,SA_0000001688,2016,YEAR,752,COUNTRY,PUBLISHED,Alcohol consumption (age 15+),Sweden,TOTAL,,,
EE6F72ASA_0000001688,SA_0000001688,EE6F72A,SA_0000001688,2016,YEAR,753,REGION,PUBLISHED,Alcohol consumption (age 15+),Eastern and South-Eastern Asia,TOTAL,,,
EE6F72ASA_0000001688,SA_0000001688,EE6F72A,SA_0000001688,2016,YEAR,756,COUNTRY,PUBLISHED,Alcohol consumption (age 15+),Switzerland,TOTAL,,,
EE6F72ASA_0000001688,SA_0000001688,EE6F72A,SA_0000001688,2016,YEAR,724,COUNTRY,PUBLISHED,Alcohol consumption (age 15+),Spain,TOTAL,,,
EE6F72ASA_0000001688,SA_0000001688,EE6F72A,SA_0000001688,2016,YEAR,728,COUNTRY,PUBLISHED,Alcohol consumption (age 15+),South Sudan,TOTAL,,,
EE6F72ASA_0000001688,SA_0000001688,EE6F72A,SA_0000001688,2016,YEAR,729,COUNTRY,PUBLISHED,Alcohol consumption (age 15+),Sudan,TOTAL,,,
EE6F72ASA_0000001688,SA_0000001688,EE6F72A,SA_0000001688,2016,YEAR,710,COUNTRY,PUBLISHED,Alcohol consumption (age 15+),South Africa,TOTAL,,,
EE6F72ASA_0000001688,SA_0000001688,EE6F72A,SA_0000001688,2016,YEAR,716,COUNTRY,PUBLISHED,Alcohol consumption (age 15+),Zimbabwe,TOTAL,,,
EE6F72ASA_0000001688,SA_0000001688,EE6F72A,SA_0000001688,2016,YEAR,740,COUNTRY,PUBLISHED,Alcohol consumption (age 15+),Suriname,TOTAL,,,
EE6F72ASA_0000001688,SA_0000001688,EE6F72A,SA_0000001688,2016,YEAR,747,REGION,PUBLISHED,Alcohol consumption (age 15+),Northern Africa and Western Asia,TOTAL,,,
EE6F72ASA_0000001688,SA_0000001688,EE6F72A,SA_0000001688,2016,YEAR,760,COUNTRY,PUBLISHED,Alcohol consumption (age 15+),Syrian Arab Republic,TOTAL,,,
EE6F72ASA_0000001688,SA_0000001688,EE6F72A,SA_0000001688,2016,YEAR,762,COUNTRY,PUBLISHED,Alcohol consumption (age 15+),Tajikistan,TOTAL,,,
EE6F72ASA_0000001688,SA_0000001688,EE6F72A,SA_0000001688,2016,YEAR,764,COUNTRY,PUBLISHED,Alcohol consumption (age 15+),Thailand,TOTAL,,,
EE6F72ASA_0000001688,SA_0000001688,EE6F72A,SA_0000001688,2016,YEAR,768,COUNTRY,PUBLISHED,Alcohol consumption (age 15+),Togo,TOTAL,,,
EE6F72ASA_0000001688,SA_0000001688,EE6F72A,SA_0000001688,2016,YEAR,776,COUNTRY,PUBLISHED,Alcohol consumption (age 15+),Tonga,TOTAL,,,
EE6F72ASA_0000001688,SA_0000001688,EE6F72A,SA_0000001688,2016,YEAR,777,REGION,PUBLISHED,Alcohol consumption (age 15+),,TOTAL,,,
EE6F72ASA_0000001688,SA_0000001688,EE6F72A,SA_0000001688,2016,YEAR,788,COUNTRY,PUBLISHED,Alcohol consumption (age 15+),Tunisia,TOTAL,,,
EE6F72ASA_0000001688,SA_0000001688,EE6F72A,SA_0000001688,2016,YEAR,792,COUNTRY,PUBLISHED,Alcohol consumption (age 15+),Türkiye,TOTAL,,,
EE6F72ASA_0000001688,SA_0000001688,EE6F72A,SA_0000001688,2016,YEAR,795,COUNTRY,PUBLISHED,Alcohol consumption (age 15+),Turkmenistan,TOTAL,,,
EE6F72ASA_0000001688,SA_0000001688,EE6F72A,SA_0000001688,2016,YEAR,798,COUNTRY,PUBLISHED,Alcohol consumption (age 15+),Tuvalu,TOTAL,,,
EE6F72ASA_0000001688,SA_0000001688,EE6F72A,SA_0000001688,2016,YEAR,780,COUNTRY,PUBLISHED,Alcohol consumption (age 15+),Trinidad and Tobago,TOTAL,,,
EE6F72ASA_0000001688,SA_0000001688,EE6F72A,SA_0000001688,2016,YEAR,784,COUNTRY,PUBLISHED,Alcohol consumption (age 15+),United Arab Emirates,TOTAL,,,
EE6F72ASA_0000001688,SA_0000001688,EE6F72A,SA_0000001688,2016,YEAR,807,COUNTRY,PUBLISHED,Alcohol consumption (age 15+),North Macedonia,TOTAL,,,
EE6F72ASA_0000001688,SA_0000001688,EE6F72A,SA_0000001688,2016,YEAR,858,COUNTRY,PUBLISHED,Alcohol consumption (age 15+),Uruguay,TOTAL,,,
EE6F72ASA_0000001688,SA_0000001688,EE6F72A,SA_0000001688,2016,YEAR,860,COUNTRY,PUBLISHED,Alcohol consumption (age 15+),Uzbekistan,TOTAL,,,
EE6F72ASA_0000001688,SA_0000001688,EE6F72A,SA_0000001688,2016,YEAR,862,COUNTRY,PUBLISHED,Alcohol consumption (age 15+),Venezuela (Bolivarian Republic of),TOTAL,,,
EE6F72ASA_0000001688,SA_0000001688,EE6F72A,SA_0000001688,2016,YEAR,882,COUNTRY,PUBLISHED,Alcohol consumption (age 15+),Samoa,TOTAL,,,
EE6F72ASA_0000001688,SA_0000001688,EE6F72A,SA_0000001688,2016,YEAR,818,COUNTRY,PUBLISHED,Alcohol consumption (age 15+),Egypt,TOTAL,,,
EE6F72ASA_0000001688,SA_0000001688,EE6F72A,SA_0000001688,2016,YEAR,826,COUNTRY,PUBLISHED,Alcohol consumption (age 15+),United Kingdom of Great Britain and Northern Ireland,TOTAL,,,
EE6F72ASA_0000001688,SA_0000001688,EE6F72A,SA_0000001688,2016,YEAR,834,COUNTRY,PUBLISHED,Alcohol consumption (age 15+),United Republic of Tanzania,TOTAL,,,
EE6F72ASA_0000001688,SA_0000001688,EE6F72A,SA_0000001688,2016,YEAR,800,COUNTRY,PUBLISHED,Alcohol consumption (age 15+),Uganda,TOTAL,,,
EE6F72ASA_0000001688,SA_0000001688,EE6F72A,SA_0000001688,2016,YEAR,804,COUNTRY,PUBLISHED,Alcohol consumption (age 15+),Ukraine,TOTAL,,,
EE6F72ASA_0000001688,SA_0000001688,EE6F72A,SA_0000001688,2016,YEAR,840,COUNTRY,PUBLISHED,Alcohol consumption (age 15+),United States of America,TOTAL,,,
EE6F72ASA_0000001688,SA_0000001688,EE6F72A,SA_0000001688,2016,YEAR,854,COUNTRY,PUBLISHED,Alcohol consumption (age 15+),Burkina Faso,TOTAL,,,
EE6F72ASA_0000001688,SA_0000001688,EE6F72A,SA_0000001688,2016,YEAR,887,COUNTRY,PUBLISHED,Alcohol consumption (age 15+),Yemen,TOTAL,,,
EE6F72ASA_0000001688,SA_0000001688,EE6F72A,SA_0000001688,2016,YEAR,894,COUNTRY,PUBLISHED,Alcohol consumption (age 15+),Zambia,TOTAL,,,
EE6F72ASA_0000001688,SA_0000001688,EE6F72A,SA_0000001688,2016,YEAR,953,WHOREGION,PUBLISHED,Alcohol consumption (age 15+),Africa,TOTAL,,,
EE6F72ASA_0000001688,SA_0000001688,EE6F72A,SA_0000001688,2016,YEAR,954,WHOREGION,PUBLISHED,Alcohol consumption (age 15+),Americas,TOTAL,,,
EE6F72ASA_0000001688,SA_0000001688,EE6F72A,SA_0000001688,2016,YEAR,955,WHOREGION,PUBLISHED,Alcohol consumption (age 15+),South-East Asia,TOTAL,,,
EE6F72ASA_0000001688,SA_0000001688,EE6F72A,SA_0000001688,2016,YEAR,956,WHOREGION,PUBLISHED,Alcohol consumption (age 15+),Europe,TOTAL,,,
EE6F72ASA_0000001688,SA_0000001688,EE6F72A,SA_0000001688,2017,YEAR,001,GLOBAL,PUBLISHED,Alcohol consumption (age 15+),World,TOTAL,,,
EE6F72ASA_0000001688,SA_0000001688,EE6F72A,SA_0000001688,2017,YEAR,002,REGION,PUBLISHED,Alcohol consumption (age 15+),Africa,TOTAL,,,
EE6F72ASA_0000001688,SA_0000001688,EE6F72A,SA_0000001688,2017,YEAR,004,COUNTRY,PUBLISHED,Alcohol consumption (age 15+),Afghanistan,TOTAL,,,
EE6F72ASA_0000001688,SA_0000001688,EE6F72A,SA_0000001688,2017,YEAR,005,REGION,PUBLISHED,Alcohol consumption (age 15+),South America,TOTAL,,,
EE6F72ASA_0000001688,SA_0000001688,EE6F72A,SA_0000001688,2016,YEAR,957,WHOREGION,PUBLISHED,Alcohol consumption (age 15+),Eastern Mediterranean,TOTAL,,,
EE6F72ASA_0000001688,SA_0000001688,EE6F72A,SA_0000001688,2016,YEAR,958,WHOREGION,PUBLISHED,Alcohol consumption (age 15+),Western Pacific,TOTAL,,,
EE6F72ASA_0000001688,SA_0000001688,EE6F72A,SA_0000001688,2017,YEAR,011,REGION,PUBLISHED,Alcohol consumption (age 15+),Western Africa,TOTAL,,,
EE6F72ASA_0000001688,SA_0000001688,EE6F72A,SA_0000001688,2017,YEAR,018,REGION,PUBLISHED,Alcohol consumption (age 15+),Southern Africa,TOTAL,,,
EE6F72ASA_0000001688,SA_0000001688,EE6F72A,SA_0000001688,2017,YEAR,019,REGION,PUBLISHED,Alcohol consumption (age 15+),Americas,TOTAL,,,
EE6F72ASA_0000001688,SA_0000001688,EE6F72A,SA_0000001688,2017,YEAR,020,COUNTRY,PUBLISHED,Alcohol consumption (age 15+),Andorra,TOTAL,,,
EE6F72ASA_0000001688,SA_0000001688,EE6F72A,SA_0000001688,2017,YEAR,021,REGION,PUBLISHED,Alcohol consumption (age 15+),Northern America,TOTAL,,,
EE6F72ASA_0000001688,SA_0000001688,EE6F72A,SA_0000001688,2017,YEAR,012,COUNTRY,PUBLISHED,Alcohol consumption (age 15+),Algeria,TOTAL,,,
EE6F72ASA_0000001688,SA_0000001688,EE6F72A,SA_0000001688,2017,YEAR,013,REGION,PUBLISHED,Alcohol consumption (age 15+),Central America,TOTAL,,,
EE6F72ASA_0000001688,SA_0000001688,EE6F72A,SA_0000001688,2017,YEAR,014,REGION,PUBLISHED,Alcohol consumption (age 15+),Eastern Africa,TOTAL,,,
EE6F72ASA_0000001688,SA_0000001688,EE6F72A,SA_0000001688,2017,YEAR,008,COUNTRY,PUBLISHED,Alcohol consumption (age 15+),Albania,TOTAL,,,
EE6F72ASA_0000001688,SA_0000001688,EE6F72A,SA_0000001688,2017,YEAR,009,REGION,PUBLISHED,Alcohol consumption (age 15+),Oceania,TOTAL,,,
EE6F72ASA_0000001688,SA_0000001688,EE6F72A,SA_0000001688,2017,YEAR,015,REGION,PUBLISHED,Alcohol consumption (age 15+),Northern Africa,TOTAL,,,
EE6F72ASA_0000001688,SA_0000001688,EE6F72A,SA_0000001688,2017,YEAR,017,REGION,PUBLISHED,Alcohol consumption (age 15+),Middle Africa,TOTAL,,,
EE6F72ASA_0000001688,SA_0000001688,EE6F72A,SA_0000001688,2017,YEAR,024,COUNTRY,PUBLISHED,Alcohol consumption (age 15+),Angola,TOTAL,,,
EE6F72ASA_0000001688,SA_0000001688,EE6F72A,SA_0000001688,2017,YEAR,036,COUNTRY,PUBLISHED,Alcohol consumption (age 15+),Australia,TOTAL,,,
EE6F72ASA_0000001688,SA_0000001688,EE6F72A,SA_0000001688,2017,YEAR,039,REGION,PUBLISHED,Alcohol consumption (age 15+),Southern Europe,TOTAL,,,
EE6F72ASA_0000001688,SA_0000001688,EE6F72A,SA_0000001688,2017,YEAR,040,COUNTRY,PUBLISHED,Alcohol consumption (age 15+),Austria,TOTAL,,,
EE6F72ASA_0000001688,SA_0000001688,EE6F72A,SA_0000001688,2017,YEAR,044,COUNTRY,PUBLISHED,Alcohol consumption (age 15+),Bahamas,TOTAL,,,
EE6F72ASA_0000001688,SA_0000001688,EE6F72A,SA_0000001688,2017,YEAR,028,COUNTRY,PUBLISHED,Alcohol consumption (age 15+),Antigua and Barbuda,TOTAL,,,
EE6F72ASA_0000001688,SA_0000001688,EE6F72A,SA_0000001688,2017,YEAR,029,REGION,PUBLISHED,Alcohol consumption (age 15+),Caribbean,TOTAL,,,
EE6F72ASA_0000001688,SA_0000001688,EE6F72A,SA_0000001688,2017,YEAR,030,REGION,PUBLISHED,Alcohol consumption (age 15+),Eastern Asia,TOTAL,,,
EE6F72ASA_0000001688,SA_0000001688,EE6F72A,SA_0000001688,2017,YEAR,031,COUNTRY,PUBLISHED,Alcohol consumption (age 15+),Azerbaijan,TOTAL,,,
EE6F72ASA_0000001688,SA_0000001688,EE6F72A,SA_0000001688,2017,YEAR,032,COUNTRY,PUBLISHED,Alcohol consumption (age 15+),Argentina,TOTAL,,,
EE6F72ASA_0000001688,SA_0000001688,EE6F72A,SA_0000001688,2017,YEAR,034,REGION,PUBLISHED,Alcohol consumption (age 15+),Southern Asia,TOTAL,,,
EE6F72ASA_0000001688,SA_0000001688,EE6F72A,SA_0000001688,2017,YEAR,035,REGION,PUBLISHED,Alcohol consumption (age 15+),South-eastern Asia,TOTAL,,,
EE6F72ASA_0000001688,SA_0000001688,EE6F72A,SA_0000001688,2017,YEAR,048,COUNTRY,PUBLISHED,Alcohol consumption (age 15+),Bahrain,TOTAL,,,
EE6F72ASA_0000001688,SA_0000001688,EE6F72A,SA_0000001688,2017,YEAR,061,REGION,PUBLISHED,Alcohol consumption (age 15+),Polynesia,TOTAL,,,
EE6F72ASA_0000001688,SA_0000001688,EE6F72A,SA_0000001688,2017,YEAR,062,REGION,PUBLISHED,Alcohol consumption (age 15+),Central and Southern Asia,TOTAL,,,
EE6F72ASA_0000001688,SA_0000001688,EE6F72A,SA_0000001688,2019,YEAR,296,COUNTRY,PUBLISHED,Alcohol consumption (age 15+),Kiribati,TOTAL,,,
EE6F72ASA_0000001688,SA_0000001688,EE6F72A,SA_0000001688,2019,YEAR,300,COUNTRY,PUBLISHED,Alcohol consumption (age 15+),Greece,TOTAL,,,
EE6F72ASA_0000001688,SA_0000001688,EE6F72A,SA_0000001688,2017,YEAR,050,COUNTRY,PUBLISHED,Alcohol consumption (age 15+),Bangladesh,TOTAL,,,
EE6F72ASA_0000001688,SA_0000001688,EE6F72A,SA_0000001688,2017,YEAR,051,COUNTRY,PUBLISHED,Alcohol consumption (age 15+),Armenia,TOTAL,,,
EE6F72ASA_0000001688,SA_0000001688,EE6F72A,SA_0000001688,2017,YEAR,052,COUNTRY,PUBLISHED,Alcohol consumption (age 15+),Barbados,TOTAL,,,
EE6F72ASA_0000001688,SA_0000001688,EE6F72A,SA_0000001688,2017,YEAR,053,REGION,PUBLISHED,Alcohol consumption (age 15+),Australia and New Zealand,TOTAL,,,
EE6F72ASA_0000001688,SA_0000001688,EE6F72A,SA_0000001688,2017,YEAR,054,REGION,PUBLISHED,Alcohol consumption (age 15+),Melanesia,TOTAL,,,
EE6F72ASA_0000001688,SA_0000001688,EE6F72A,SA_0000001688,2017,YEAR,056,COUNTRY,PUBLISHED,Alcohol consumption (age 15+),Belgium,TOTAL,,,
EE6F72ASA_0000001688,SA_0000001688,EE6F72A,SA_0000001688,2017,YEAR,057,REGION,PUBLISHED,Alcohol consumption (age 15+),Micronesia,TOTAL,,,
EE6F72ASA_0000001688,SA_0000001688,EE6F72A,SA_0000001688,2019,YEAR,308,COUNTRY,PUBLISHED,Alcohol consumption (age 15+),Grenada,TOTAL,,,
EE6F72ASA_0000001688,SA_0000001688,EE6F72A,SA_0000001688,2019,YEAR,320,COUNTRY,PUBLISHED,Alcohol consumption (age 15+),Guatemala,TOTAL,,,
EE6F72ASA_0000001688,SA_0000001688,EE6F72A,SA_0000001688,2019,YEAR,324,COUNTRY,PUBLISHED,Alcohol consumption (age 15+),Guinea,TOTAL,,,
EE6F72ASA_0000001688,SA_0000001688,EE6F72A,SA_0000001688,2019,YEAR,328,COUNTRY,PUBLISHED,Alcohol consumption (age 15+),Guyana,TOTAL,,,
EE6F72ASA_0000001688,SA_0000001688,EE6F72A,SA_0000001688,2019,YEAR,332,COUNTRY,PUBLISHED,Alcohol consumption (age 15+),Haiti,TOTAL,,,
EE6F72ASA_0000001688,SA_0000001688,EE6F72A,SA_0000001688,2019,YEAR,340,COUNTRY,PUBLISHED,Alcohol consumption (age 15+),Honduras,TOTAL,,,
EE6F72ASA_0000001688,SA_0000001688,EE6F72A,SA_0000001688,2019,YEAR,356,COUNTRY,PUBLISHED,Alcohol consumption (age 15+),India,TOTAL,,,
EE6F72ASA_0000001688,SA_0000001688,EE6F72A,SA_0000001688,2019,YEAR,360,COUNTRY,PUBLISHED,Alcohol consumption (age 15+),Indonesia,TOTAL,,,
EE6F72ASA_0000001688,SA_0000001688,EE6F72A,SA_0000001688,2019,YEAR,364,COUNTRY,PUBLISHED,Alcohol consumption (age 15+),Iran (Islamic Republic of),TOTAL,,,
EE6F72ASA_0000001688,SA_0000001688,EE6F72A,SA_0000001688,2019,YEAR,368,COUNTRY,PUBLISHED,Alcohol consumption (age 15+),Iraq,TOTAL,,,
EE6F72ASA_0000001688,SA_0000001688,EE6F72A,SA_0000001688,2019,YEAR,348,COUNTRY,PUBLISHED,Alcohol consumption (age 15+),Hungary,TOTAL,,,
EE6F72ASA_0000001688,SA_0000001688,EE6F72A,SA_0000001688,2019,YEAR,352,COUNTRY,PUBLISHED,Alcohol consumption (age 15+),Iceland,TOTAL,,,
EE6F72ASA_0000001688,SA_0000001688,EE6F72A,SA_0000001688,2019,YEAR,380,COUNTRY,PUBLISHED,Alcohol consumption (age 15+),Italy,TOTAL,,,
EE6F72ASA_0000001688,SA_0000001688,EE6F72A,SA_0000001688,2019,YEAR,404,COUNTRY,PUBLISHED,Alcohol consumption (age 15+),Kenya,TOTAL,,,
EE6F72ASA_0000001688,SA_0000001688,EE6F72A,SA_0000001688,2019,YEAR,408,COUNTRY,PUBLISHED,Alcohol consumption (age 15+),Democratic People's Republic of Korea,TOTAL,,,
EE6F72ASA_0000001688,SA_0000001688,EE6F72A,SA_0000001688,2019,YEAR,410,COUNTRY,PUBLISHED,Alcohol consumption (age 15+),Republic of Korea,TOTAL,,,
EE6F72ASA_0000001688,SA_0000001688,EE6F72A,SA_0000001688,2019,YEAR,414,COUNTRY,PUBLISHED,Alcohol consumption (age 15+),Kuwait,TOTAL,,,
EE6F72ASA_0000001688,SA_0000001688,EE6F72A,SA_0000001688,2019,YEAR,384,COUNTRY,PUBLISHED,Alcohol consumption (age 15+),Côte d'Ivoire,TOTAL,,,
EE6F72ASA_0000001688,SA_0000001688,EE6F72A,SA_0000001688,2019,YEAR,388,COUNTRY,PUBLISHED,Alcohol consumption (age 15+),Jamaica,TOTAL,,,
EE6F72ASA_0000001688,SA_0000001688,EE6F72A,SA_0000001688,2019,YEAR,392,COUNTRY,PUBLISHED,Alcohol consumption (age 15+),Japan,TOTAL,,,
EE6F72ASA_0000001688,SA_0000001688,EE6F72A,SA_0000001688,2019,YEAR,372,COUNTRY,PUBLISHED,Alcohol consumption (age 15+),Ireland,TOTAL,,,
EE6F72ASA_0000001688,SA_0000001688,EE6F72A,SA_0000001688,2019,YEAR,376,COUNTRY,PUBLISHED,Alcohol consumption (age 15+),Israel,TOTAL,,,
EE6F72ASA_0000001688,SA_0000001688,EE6F72A,SA_0000001688,2019,YEAR,398,COUNTRY,PUBLISHED,Alcohol consumption (age 15+),Kazakhstan,TOTAL,,,
EE6F72ASA_0000001688,SA_0000001688,EE6F72A,SA_0000001688,2019,YEAR,400,COUNTRY,PUBLISHED,Alcohol consumption (age 15+),Jordan,TOTAL,,,
EE6F72ASA_0000001688,SA_0000001688,EE6F72A,SA_0000001688,2019,YEAR,417,COUNTRY,PUBLISHED,Alcohol consumption (age 15+),Kyrgyzstan,TOTAL,,,
EE6F72ASA_0000001688,SA_0000001688,EE6F72A,SA_0000001688,2019,YEAR,418,COUNTRY,PUBLISHED,Alcohol consumption (age 15+),Lao People's Democratic Republic,TOTAL,,,
EE6F72ASA_0000001688,SA_0000001688,EE6F72A,SA_0000001688,2019,YEAR,419,REGION,PUBLISHED,Alcohol consumption (age 15+),Latin America and the Caribbean,TOTAL,,,
EE6F72ASA_0000001688,SA_0000001688,EE6F72A,SA_0000001688,2019,YEAR,422,COUNTRY,PUBLISHED,Alcohol consumption (age 15+),Lebanon,TOTAL,,,
EE6F72ASA_0000001688,SA_0000001688,EE6F72A,SA_0000001688,2019,YEAR,426,COUNTRY,PUBLISHED,Alcohol consumption (age 15+),Lesotho,TOTAL,,,
EE6F72ASA_0000001688,SA_0000001688,EE6F72A,SA_0000001688,2019,YEAR,428,COUNTRY,PUBLISHED,Alcohol consumption (age 15+),Latvia,TOTAL,,,
EE6F72ASA_0000001688,SA_0000001688,EE6F72A,SA_0000001688,2019,YEAR,434,COUNTRY,PUBLISHED,Alcohol consumption (age 15+),Libya,TOTAL,,,
EE6F72ASA_0000001688,SA_0000001688,EE6F72A,SA_0000001688,2019,YEAR,440,COUNTRY,PUBLISHED,Alcohol consumption (age 15+),Lithuania,TOTAL,,,
EE6F72ASA_0000001688,SA_0000001688,EE6F72A,SA_0000001688,2019,YEAR,442,COUNTRY,PUBLISHED,Alcohol consumption (age 15+),Luxembourg,TOTAL,,,
EE6F72ASA_0000001688,SA_0000001688,EE6F72A,SA_0000001688,2019,YEAR,450,COUNTRY,PUBLISHED,Alcohol consumption (age 15+),Madagascar,TOTAL,,,
EE6F72ASA_0000001688,SA_0000001688,EE6F72A,SA_0000001688,2019,YEAR,430,COUNTRY,PUBLISHED,Alcohol consumption (age 15+),Liberia,TOTAL,,,
EE6F72ASA_0000001688,SA_0000001688,EE6F72A,SA_0000001688,2019,YEAR,432,CLASSIFICATION,PUBLISHED,Alcohol consumption (age 15+),Landlocked developing countries,TOTAL,,,
EE6F72ASA_0000001688,SA_0000001688,EE6F72A,SA_0000001688,2019,YEAR,462,COUNTRY,PUBLISHED,Alcohol consumption (age 15+),Maldives,TOTAL,,,
EE6F72ASA_0000001688,SA_0000001688,EE6F72A,SA_0000001688,2019,YEAR,496,COUNTRY,PUBLISHED,Alcohol consumption (age 15+),Mongolia,TOTAL,,,
EE6F72ASA_0000001688,SA_0000001688,EE6F72A,SA_0000001688,2019,YEAR,498,COUNTRY,PUBLISHED,Alcohol consumption (age 15+),Republic of Moldova,TOTAL,,,
EE6F72ASA_0000001688,SA_0000001688,EE6F72A,SA_0000001688,2019,YEAR,499,COUNTRY,PUBLISHED,Alcohol consumption (age 15+),Montenegro,TOTAL,,,
EE6F72ASA_0000001688,SA_0000001688,EE6F72A,SA_0000001688,2019,YEAR,504,COUNTRY,PUBLISHED,Alcohol consumption (age 15+),Morocco,TOTAL,,,
EE6F72ASA_0000001688,SA_0000001688,EE6F72A,SA_0000001688,2019,YEAR,466,COUNTRY,PUBLISHED,Alcohol consumption (age 15+),Mali,TOTAL,,,
EE6F72ASA_0000001688,SA_0000001688,EE6F72A,SA_0000001688,2019,YEAR,470,COUNTRY,PUBLISHED,Alcohol consumption (age 15+),Malta,TOTAL,,,
EE6F72ASA_0000001688,SA_0000001688,EE6F72A,SA_0000001688,2019,YEAR,478,COUNTRY,PUBLISHED,Alcohol consumption (age 15+),Mauritania,TOTAL,,,
EE6F72ASA_0000001688,SA_0000001688,EE6F72A,SA_0000001688,2019,YEAR,454,COUNTRY,PUBLISHED,Alcohol consumption (age 15+),Malawi,TOTAL,,,
EE6F72ASA_0000001688,SA_0000001688,EE6F72A,SA_0000001688,2019,YEAR,458,COUNTRY,PUBLISHED,Alcohol consumption (age 15+),Malaysia,TOTAL,,,
EE6F72ASA_0000001688,SA_0000001688,EE6F72A,SA_0000001688,2019,YEAR,480,COUNTRY,PUBLISHED,Alcohol consumption (age 15+),Mauritius,TOTAL,,,
EE6F72ASA_0000001688,SA_0000001688,EE6F72A,SA_0000001688,2019,YEAR,484,COUNTRY,PUBLISHED,Alcohol consumption (age 15+),Mexico,TOTAL,,,
EE6F72ASA_0000001688,SA_0000001688,EE6F72A,SA_0000001688,2019,YEAR,508,COUNTRY,PUBLISHED,Alcohol consumption (age 15+),Mozambique,TOTAL,,,
EE6F72ASA_0000001688,SA_0000001688,EE6F72A,SA_0000001688,2019,YEAR,512,COUNTRY,PUBLISHED,Alcohol consumption (age 15+),Oman,TOTAL,,,
EE6F72ASA_0000001688,SA_0000001688,EE6F72A,SA_0000001688,2019,YEAR,513,REGION,PUBLISHED,Alcohol consumption (age 15+),Europe and Northern America,TOTAL,,,
EE6F72ASA_0000001688,SA_0000001688,EE6F72A,SA_0000001688,2019,YEAR,514,CLASSIFICATION,PUBLISHED,Alcohol consumption (age 15+),"Developed regions (Europe, Cyprus, Israel, Northern America, Japan, Australia & New Zealand)",TOTAL,,,
EE6F72ASA_0000001688,SA_0000001688,EE6F72A,SA_0000001688,2019,YEAR,515,CLASSIFICATION,PUBLISHED,Alcohol consumption (age 15+),Developing regions,TOTAL,,,
EE6F72ASA_0000001688,SA_0000001688,EE6F72A,SA_0000001688,2019,YEAR,516,COUNTRY,PUBLISHED,Alcohol consumption (age 15+),Namibia,TOTAL,,,
EE6F72ASA_0000001688,SA_0000001688,EE6F72A,SA_0000001688,2019,YEAR,528,COUNTRY,PUBLISHED,Alcohol consumption (age 15+),Netherlands (Kingdom of the),TOTAL,,,
EE6F72ASA_0000001688,SA_0000001688,EE6F72A,SA_0000001688,2019,YEAR,543,REGION,PUBLISHED,Alcohol consumption (age 15+),Oceania (exc. Australia and New Zealand),TOTAL,,,
EE6F72ASA_0000001688,SA_0000001688,EE6F72A,SA_0000001688,2019,YEAR,548,COUNTRY,PUBLISHED,Alcohol consumption (age 15+),Vanuatu,TOTAL,,,
EE6F72ASA_0000001688,SA_0000001688,EE6F72A,SA_0000001688,2019,YEAR,554,COUNTRY,PUBLISHED,Alcohol consumption (age 15+),New Zealand,TOTAL,,,
EE6F72ASA_0000001688,SA_0000001688,EE6F72A,SA_0000001688,2019,YEAR,520,COUNTRY,PUBLISHED,Alcohol consumption (age 15+),Nauru,TOTAL,,,
EE6F72ASA_0000001688,SA_0000001688,EE6F72A,SA_0000001688,2019,YEAR,524,COUNTRY,PUBLISHED,Alcohol consumption (age 15+),Nepal,TOTAL,,,
EE6F72ASA_0000001688,SA_0000001688,EE6F72A,SA_0000001688,2019,YEAR,566,COUNTRY,PUBLISHED,Alcohol consumption (age 15+),Nigeria,TOTAL,,,
EE6F72ASA_0000001688,SA_0000001688,EE6F72A,SA_0000001688,2019,YEAR,598,COUNTRY,PUBLISHED,Alcohol consumption (age 15+),Papua New Guinea,TOTAL,,,
EE6F72ASA_0000001688,SA_0000001688,EE6F72A,SA_0000001688,2019,YEAR,600,COUNTRY,PUBLISHED,Alcohol consumption (age 15+),Paraguay,TOTAL,,,
EE6F72ASA_0000001688,SA_0000001688,EE6F72A,SA_0000001688,2019,YEAR,604,COUNTRY,PUBLISHED,Alcohol consumption (age 15+),Peru,TOTAL,,,
EE6F72ASA_0000001688,SA_0000001688,EE6F72A,SA_0000001688,2019,YEAR,608,COUNTRY,PUBLISHED,Alcohol consumption (age 15+),Philippines,TOTAL,,,
EE6F72ASA_0000001688,SA_0000001688,EE6F72A,SA_0000001688,2019,YEAR,570,COUNTRY,PUBLISHED,Alcohol consumption (age 15+),Niue,TOTAL,,,
EE6F72ASA_0000001688,SA_0000001688,EE6F72A,SA_0000001688,2019,YEAR,578,COUNTRY,PUBLISHED,Alcohol consumption (age 15+),Norway,TOTAL,,,
EE6F72ASA_0000001688,SA_0000001688,EE6F72A,SA_0000001688,2019,YEAR,583,COUNTRY,PUBLISHED,Alcohol consumption (age 15+),Micronesia (Federated States of),TOTAL,,,
EE6F72ASA_0000001688,SA_0000001688,EE6F72A,SA_0000001688,2019,YEAR,558,COUNTRY,PUBLISHED,Alcohol consumption (age 15+),Nicaragua,TOTAL,,,
EE6F72ASA_0000001688,SA_0000001688,EE6F72A,SA_0000001688,2019,YEAR,562,COUNTRY,PUBLISHED,Alcohol consumption (age 15+),Niger,TOTAL,,,
EE6F72ASA_0000001688,SA_0000001688,EE6F72A,SA_0000001688,2019,YEAR,586,COUNTRY,PUBLISHED,Alcohol consumption (age 15+),Pakistan,TOTAL,,,
EE6F72ASA_0000001688,SA_0000001688,EE6F72A,SA_0000001688,2019,YEAR,591,COUNTRY,PUBLISHED,Alcohol consumption (age 15+),Panama,TOTAL,,,
EE6F72ASA_0000001688,SA_0000001688,EE6F72A,SA_0000001688,2019,YEAR,616,COUNTRY,PUBLISHED,Alcohol consumption (age 15+),Poland,TOTAL,,,
EE6F72ASA_0000001688,SA_0000001688,EE6F72A,SA_0000001688,2019,YEAR,620,COUNTRY,PUBLISHED,Alcohol consumption (age 15+),Portugal,TOTAL,,,
EE6F72ASA_0000001688,SA_0000001688,EE6F72A,SA_0000001688,2019,YEAR,624,COUNTRY,PUBLISHED,Alcohol consumption (age 15+),Guinea-Bissau,TOTAL,,,
EE6F72ASA_0000001688,SA_0000001688,EE6F72A,SA_0000001688,2019,YEAR,626,COUNTRY,PUBLISHED,Alcohol consumption (age 15+),Timor-Leste,TOTAL,,,
EE6F72ASA_0000001688,SA_0000001688,EE6F72A,SA_0000001688,2019,YEAR,634,COUNTRY,PUBLISHED,Alcohol consumption (age 15+),Qatar,TOTAL,,,
EE6F72ASA_0000001688,SA_0000001688,EE6F72A,SA_0000001688,2019,YEAR,642,COUNTRY,PUBLISHED,Alcohol consumption (age 15+),Romania,TOTAL,,,
EE6F72ASA_0000001688,SA_0000001688,EE6F72A,SA_0000001688,2019,YEAR,659,COUNTRY,PUBLISHED,Alcohol consumption (age 15+),Saint Kitts and Nevis,TOTAL,,,
EE6F72ASA_0000001688,SA_0000001688,EE6F72A,SA_0000001688,2019,YEAR,662,COUNTRY,PUBLISHED,Alcohol consumption (age 15+),Saint Lucia,TOTAL,,,
EE6F72ASA_0000001688,SA_0000001688,EE6F72A,SA_0000001688,2019,YEAR,670,COUNTRY,PUBLISHED,Alcohol consumption (age 15+),Saint Vincent and the Grenadines,TOTAL,,,
EE6F72ASA_0000001688,SA_0000001688,EE6F72A,SA_0000001688,2019,YEAR,678,COUNTRY,PUBLISHED,Alcohol consumption (age 15+),Sao Tome and Principe,TOTAL,,,
EE6F72ASA_0000001688,SA_0000001688,EE6F72A,SA_0000001688,2019,YEAR,643,COUNTRY,PUBLISHED,Alcohol consumption (age 15+),Russian Federation,TOTAL,,,
EE6F72ASA_0000001688,SA_0000001688,EE6F72A,SA_0000001688,2019,YEAR,646,COUNTRY,PUBLISHED,Alcohol consumption (age 15+),Rwanda,TOTAL,,,
EE6F72ASA_0000001688,SA_0000001688,EE6F72A,SA_0000001688,2022,YEAR,288,COUNTRY,PUBLISHED,Alcohol consumption (age 15+),Ghana,TOTAL,,,
EE6F72ASA_0000001688,SA_0000001688,EE6F72A,SA_0000001688,2022,YEAR,328,COUNTRY,PUBLISHED,Alcohol consumption (age 15+),Guyana,TOTAL,,,
EE6F72ASA_0000001688,SA_0000001688,EE6F72A,SA_0000001688,2022,YEAR,332,COUNTRY,PUBLISHED,Alcohol consumption (age 15+),Haiti,TOTAL,,,
EE6F72ASA_0000001688,SA_0000001688,EE6F72A,SA_0000001688,2022,YEAR,340,COUNTRY,PUBLISHED,Alcohol consumption (age 15+),Honduras,TOTAL,,,
EE6F72ASA_0000001688,SA_0000001688,EE6F72A,SA_0000001688,2022,YEAR,348,COUNTRY,PUBLISHED,Alcohol consumption (age 15+),Hungary,TOTAL,,,
EE6F72ASA_0000001688,SA_0000001688,EE6F72A,SA_0000001688,2022,YEAR,296,COUNTRY,PUBLISHED,Alcohol consumption (age 15+),Kiribati,TOTAL,,,
EE6F72ASA_0000001688,SA_0000001688,EE6F72A,SA_0000001688,2022,YEAR,300,COUNTRY,PUBLISHED,Alcohol consumption (age 15+),Greece,TOTAL,,,
EE6F72ASA_0000001688,SA_0000001688,EE6F72A,SA_0000001688,2022,YEAR,308,COUNTRY,PUBLISHED,Alcohol consumption (age 15+),Grenada,TOTAL,,,
EE6F72ASA_0000001688,SA_0000001688,EE6F72A,SA_0000001688,2019,YEAR,686,COUNTRY,PUBLISHED,Alcohol consumption (age 15+),Senegal,TOTAL,,,
EE6F72ASA_0000001688,SA_0000001688,EE6F72A,SA_0000001688,2019,YEAR,688,COUNTRY,PUBLISHED,Alcohol consumption (age 15+),Serbia,TOTAL,,,
EE6F72ASA_0000001688,SA_0000001688,EE6F72A,SA_0000001688,2022,YEAR,320,COUNTRY,PUBLISHED,Alcohol consumption (age 15+),Guatemala,TOTAL,,,
EE6F72ASA_0000001688,SA_0000001688,EE6F72A,SA_0000001688,2022,YEAR,324,COUNTRY,PUBLISHED,Alcohol consumption (age 15+),Guinea,TOTAL,,,
EE6F72ASA_0000001688,SA_0000001688,EE6F72A,SA_0000001688,2022,YEAR,352,COUNTRY,PUBLISHED,Alcohol consumption (age 15+),Iceland,TOTAL,,,
EE6F72ASA_0000001688,SA_0000001688,EE6F72A,SA_0000001688,2022,YEAR,356,COUNTRY,PUBLISHED,Alcohol consumption (age 15+),India,TOTAL,,,
EE6F72ASA_0000001688,SA_0000001688,EE6F72A,SA_0000001688,2022,YEAR,360,COUNTRY,PUBLISHED,Alcohol consumption (age 15+),Indonesia,TOTAL,,,
EE6F72ASA_0000001688,SA_0000001688,EE6F72A,SA_0000001688,2022,YEAR,364,COUNTRY,PUBLISHED,Alcohol consumption (age 15+),Iran (Islamic Republic of),TOTAL,,,
EE6F72ASA_0000001688,SA_0000001688,EE6F72A,SA_0000001688,2022,YEAR,368,COUNTRY,PUBLISHED,Alcohol consumption (age 15+),Iraq,TOTAL,,,
EE6F72ASA_0000001688,SA_0000001688,EE6F72A,SA_0000001688,2022,YEAR,372,COUNTRY,PUBLISHED,Alcohol consumption (age 15+),Ireland,TOTAL,,,
EE6F72ASA_0000001688,SA_0000001688,EE6F72A,SA_0000001688,2022,YEAR,384,COUNTRY,PUBLISHED,Alcohol consumption (age 15+),Côte d'Ivoire,TOTAL,,,
EE6F72ASA_0000001688,SA_0000001688,EE6F72A,SA_0000001688,2022,YEAR,388,COUNTRY,PUBLISHED,Alcohol consumption (age 15+),Jamaica,TOTAL,,,
EE6F72ASA_0000001688,SA_0000001688,EE6F72A,SA_0000001688,2022,YEAR,392,COUNTRY,PUBLISHED,Alcohol consumption (age 15+),Japan,TOTAL,,,
EE6F72ASA_0000001688,SA_0000001688,EE6F72A,SA_0000001688,2022,YEAR,398,COUNTRY,PUBLISHED,Alcohol consumption (age 15+),Kazakhstan,TOTAL,,,
EE6F72ASA_0000001688,SA_0000001688,EE6F72A,SA_0000001688,2022,YEAR,376,COUNTRY,PUBLISHED,Alcohol consumption (age 15+),Israel,TOTAL,,,
EE6F72ASA_0000001688,SA_0000001688,EE6F72A,SA_0000001688,2022,YEAR,380,COUNTRY,PUBLISHED,Alcohol consumption (age 15+),Italy,TOTAL,,,
EE6F72ASA_0000001688,SA_0000001688,EE6F72A,SA_0000001688,2022,YEAR,408,COUNTRY,PUBLISHED,Alcohol consumption (age 15+),Democratic People's Republic of Korea,TOTAL,,,
EE6F72ASA_0000001688,SA_0000001688,EE6F72A,SA_0000001688,2022,YEAR,410,COUNTRY,PUBLISHED,Alcohol consumption (age 15+),Republic of Korea,TOTAL,,,
EE6F72ASA_0000001688,SA_0000001688,EE6F72A,SA_0000001688,2022,YEAR,414,COUNTRY,PUBLISHED,Alcohol consumption (age 15+),Kuwait,TOTAL,,,
EE6F72ASA_0000001688,SA_0000001688,EE6F72A,SA_0000001688,2022,YEAR,417,COUNTRY,PUBLISHED,Alcohol consumption (age 15+),Kyrgyzstan,TOTAL,,,
EE6F72ASA_0000001688,SA_0000001688,EE6F72A,SA_0000001688,2022,YEAR,400,COUNTRY,PUBLISHED,Alcohol consumption (age 15+),Jordan,TOTAL,,,
EE6F72ASA_0000001688,SA_0000001688,EE6F72A,SA_0000001688,2022,YEAR,404,COUNTRY,PUBLISHED,Alcohol consumption (age 15+),Kenya,TOTAL,,,
EE6F72ASA_0000001688,SA_0000001688,EE6F72A,SA_0000001688,2022,YEAR,422,COUNTRY,PUBLISHED,Alcohol consumption (age 15+),Lebanon,TOTAL,,,
EE6F72ASA_0000001688,SA_0000001688,EE6F72A,SA_0000001688,2022,YEAR,426,COUNTRY,PUBLISHED,Alcohol consumption (age 15+),Lesotho,TOTAL,,,
EE6F72ASA_0000001688,SA_0000001688,EE6F72A,SA_0000001688,2022,YEAR,428,COUNTRY,PUBLISHED,Alcohol consumption (age 15+),Latvia,TOTAL,,,
EE6F72ASA_0000001688,SA_0000001688,EE6F72A,SA_0000001688,2022,YEAR,430,COUNTRY,PUBLISHED,Alcohol consumption (age 15+),Liberia,TOTAL,,,
EE6F72ASA_0000001688,SA_0000001688,EE6F72A,SA_0000001688,2022,YEAR,418,COUNTRY,PUBLISHED,Alcohol consumption (age 15+),Lao People's Democratic Republic,TOTAL,,,
EE6F72ASA_0000001688,SA_0000001688,EE6F72A,SA_0000001688,2022,YEAR,419,REGION,PUBLISHED,Alcohol consumption (age 15+),Latin America and the Caribbean,TOTAL,,,
EE6F72ASA_0000001688,SA_0000001688,EE6F72A,SA_0000001688,2022,YEAR,440,COUNTRY,PUBLISHED,Alcohol consumption (age 15+),Lithuania,TOTAL,,,
EE6F72ASA_0000001688,SA_0000001688,EE6F72A,SA_0000001688,2022,YEAR,466,COUNTRY,PUBLISHED,Alcohol consumption (age 15+),Mali,TOTAL,,,
EE6F72ASA_0000001688,SA_0000001688,EE6F72A,SA_0000001688,2022,YEAR,470,COUNTRY,PUBLISHED,Alcohol consumption (age 15+),Malta,TOTAL,,,
EE6F72ASA_0000001688,SA_0000001688,EE6F72A,SA_0000001688,2022,YEAR,478,COUNTRY,PUBLISHED,Alcohol consumption (age 15+),Mauritania,TOTAL,,,
EE6F72ASA_0000001688,SA_0000001688,EE6F72A,SA_0000001688,2022,YEAR,480,COUNTRY,PUBLISHED,Alcohol consumption (age 15+),Mauritius,TOTAL,,,
EE6F72ASA_0000001688,SA_0000001688,EE6F72A,SA_0000001688,2022,YEAR,442,COUNTRY,PUBLISHED,Alcohol consumption (age 15+),Luxembourg,TOTAL,,,
EE6F72ASA_0000001688,SA_0000001688,EE6F72A,SA_0000001688,2022,YEAR,450,COUNTRY,PUBLISHED,Alcohol consumption (age 15+),Madagascar,TOTAL,,,
EE6F72ASA_0000001688,SA_0000001688,EE6F72A,SA_0000001688,2022,YEAR,454,COUNTRY,PUBLISHED,Alcohol consumption (age 15+),Malawi,TOTAL,,,
EE6F72ASA_0000001688,SA_0000001688,EE6F72A,SA_0000001688,2022,YEAR,432,CLASSIFICATION,PUBLISHED,Alcohol consumption (age 15+),Landlocked developing countries,TOTAL,,,
EE6F72ASA_0000001688,SA_0000001688,EE6F72A,SA_0000001688,2022,YEAR,434,COUNTRY,PUBLISHED,Alcohol consumption (age 15+),Libya,TOTAL,,,
EE6F72ASA_0000001688,SA_0000001688,EE6F72A,SA_0000001688,2022,YEAR,458,COUNTRY,PUBLISHED,Alcohol consumption (age 15+),Malaysia,TOTAL,,,
EE6F72ASA_0000001688,SA_0000001688,EE6F72A,SA_0000001688,2022,YEAR,462,COUNTRY,PUBLISHED,Alcohol consumption (age 15+),Maldives,TOTAL,,,
EE6F72ASA_0000001688,SA_0000001688,EE6F72A,SA_0000001688,2022,YEAR,484,COUNTRY,PUBLISHED,Alcohol consumption (age 15+),Mexico,TOTAL,,,
EE6F72ASA_0000001688,SA_0000001688,EE6F72A,SA_0000001688,2022,YEAR,496,COUNTRY,PUBLISHED,Alcohol consumption (age 15+),Mongolia,TOTAL,,,
EE6F72ASA_0000001688,SA_0000001688,EE6F72A,SA_0000001688,2022,YEAR,498,COUNTRY,PUBLISHED,Alcohol consumption (age 15+),Republic of Moldova,TOTAL,,,
EE6F72ASA_0000001688,SA_0000001688,EE6F72A,SA_0000001688,2022,YEAR,499,COUNTRY,PUBLISHED,Alcohol consumption (age 15+),Montenegro,TOTAL,,,
EE6F72ASA_0000001688,SA_0000001688,EE6F72A,SA_0000001688,2022,YEAR,504,COUNTRY,PUBLISHED,Alcohol consumption (age 15+),Morocco,TOTAL,,,
EE6F72ASA_0000001688,SA_0000001688,EE6F72A,SA_0000001688,2022,YEAR,508,COUNTRY,PUBLISHED,Alcohol consumption (age 15+),Mozambique,TOTAL,,,
EE6F72ASA_0000001688,SA_0000001688,EE6F72A,SA_0000001688,2022,YEAR,514,CLASSIFICATION,PUBLISHED,Alcohol consumption (age 15+),"Developed regions (Europe, Cyprus, Israel, Northern America, Japan, Australia & New Zealand)",TOTAL,,,
EE6F72ASA_0000001688,SA_0000001688,EE6F72A,SA_0000001688,2022,YEAR,515,CLASSIFICATION,PUBLISHED,Alcohol consumption (age 15+),Developing regions,TOTAL,,,
EE6F72ASA_0000001688,SA_0000001688,EE6F72A,SA_0000001688,2022,YEAR,516,COUNTRY,PUBLISHED,Alcohol consumption (age 15+),Namibia,TOTAL,,,
EE6F72ASA_0000001688,SA_0000001688,EE6F72A,SA_0000001688,2022,YEAR,520,COUNTRY,PUBLISHED,Alcohol consumption (age 15+),Nauru,TOTAL,,,
EE6F72ASA_0000001688,SA_0000001688,EE6F72A,SA_0000001688,2022,YEAR,512,COUNTRY,PUBLISHED,Alcohol consumption (age 15+),Oman,TOTAL,,,
EE6F72ASA_0000001688,SA_0000001688,EE6F72A,SA_0000001688,2022,YEAR,513,REGION,PUBLISHED,Alcohol consumption (age 15+),Europe and Northern America,TOTAL,,,
EE6F72ASA_0000001688,SA_0000001688,EE6F72A,SA_0000001688,2022,YEAR,543,REGION,PUBLISHED,Alcohol consumption (age 15+),Oceania (exc. Australia and New Zealand),TOTAL,,,
EE6F72ASA_0000001688,SA_0000001688,EE6F72A,SA_0000001688,2022,YEAR,548,COUNTRY,PUBLISHED,Alcohol consumption (age 15+),Vanuatu,TOTAL,,,
EE6F72ASA_0000001688,SA_0000001688,EE6F72A,SA_0000001688,2022,YEAR,554,COUNTRY,PUBLISHED,Alcohol consumption (age 15+),New Zealand,TOTAL,,,
EE6F72ASA_0000001688,SA_0000001688,EE6F72A,SA_0000001688,2022,YEAR,558,COUNTRY,PUBLISHED,Alcohol consumption (age 15+),Nicaragua,TOTAL,,,
EE6F72ASA_0000001688,SA_0000001688,EE6F72A,SA_0000001688,2022,YEAR,524,COUNTRY,PUBLISHED,Alcohol consumption (age 15+),Nepal,TOTAL,,,
EE6F72ASA_0000001688,SA_0000001688,EE6F72A,SA_0000001688,2022,YEAR,528,COUNTRY,PUBLISHED,Alcohol consumption (age 15+),Netherlands (Kingdom of the),TOTAL,,,
EE6F72ASA_0000001688,SA_0000001688,EE6F72A,SA_0000001688,2022,YEAR,570,COUNTRY,PUBLISHED,Alcohol consumption (age 15+),Niue,TOTAL,,,
EE6F72ASA_0000001688,SA_0000001688,EE6F72A,SA_0000001688,2022,YEAR,578,COUNTRY,PUBLISHED,Alcohol consumption (age 15+),Norway,TOTAL,,,
EE6F72ASA_0000001688,SA_0000001688,EE6F72A,SA_0000001688,2022,YEAR,583,COUNTRY,PUBLISHED,Alcohol consumption (age 15+),Micronesia (Federated States of),TOTAL,,,
EE6F72ASA_0000001688,SA_0000001688,EE6F72A,SA_0000001688,2022,YEAR,586,COUNTRY,PUBLISHED,Alcohol consumption (age 15+),Pakistan,TOTAL,,,
EE6F72ASA_0000001688,SA_0000001688,EE6F72A,SA_0000001688,2022,YEAR,562,COUNTRY,PUBLISHED,Alcohol consumption (age 15+),Niger,TOTAL,,,
EE6F72ASA_0000001688,SA_0000001688,EE6F72A,SA_0000001688,2022,YEAR,566,COUNTRY,PUBLISHED,Alcohol consumption (age 15+),Nigeria,TOTAL,,,
EE6F72ASA_0000001688,SA_0000001688,EE6F72A,SA_0000001688,2022,YEAR,600,COUNTRY,PUBLISHED,Alcohol consumption (age 15+),Paraguay,TOTAL,,,
EE6F72ASA_0000001688,SA_0000001688,EE6F72A,SA_0000001688,2022,YEAR,626,COUNTRY,PUBLISHED,Alcohol consumption (age 15+),Timor-Leste,TOTAL,,,
EE6F72ASA_0000001688,SA_0000001688,EE6F72A,SA_0000001688,2022,YEAR,634,COUNTRY,PUBLISHED,Alcohol consumption (age 15+),Qatar,TOTAL,,,
EE6F72ASA_0000001688,SA_0000001688,EE6F72A,SA_0000001688,2022,YEAR,642,COUNTRY,PUBLISHED,Alcohol consumption (age 15+),Romania,TOTAL,,,
EE6F72ASA_0000001688,SA_0000001688,EE6F72A,SA_0000001688,2022,YEAR,643,COUNTRY,PUBLISHED,Alcohol consumption (age 15+),Russian Federation,TOTAL,,,
EE6F72ASA_0000001688,SA_0000001688,EE6F72A,SA_0000001688,2022,YEAR,604,COUNTRY,PUBLISHED,Alcohol consumption (age 15+),Peru,TOTAL,,,
EE6F72ASA_0000001688,SA_0000001688,EE6F72A,SA_0000001688,2022,YEAR,608,COUNTRY,PUBLISHED,Alcohol consumption (age 15+),Philippines,TOTAL,,,
EE6F72ASA_0000001688,SA_0000001688,EE6F72A,SA_0000001688,2022,YEAR,616,COUNTRY,PUBLISHED,Alcohol consumption (age 15+),Poland,TOTAL,,,
EE6F72ASA_0000001688,SA_0000001688,EE6F72A,SA_0000001688,2022,YEAR,591,COUNTRY,PUBLISHED,Alcohol consumption (age 15+),Panama,TOTAL,,,
EE6F72ASA_0000001688,SA_0000001688,EE6F72A,SA_0000001688,2022,YEAR,598,COUNTRY,PUBLISHED,Alcohol consumption (age 15+),Papua New Guinea,TOTAL,,,
EE6F72ASA_0000001688,SA_0000001688,EE6F72A,SA_0000001688,2022,YEAR,620,COUNTRY,PUBLISHED,Alcohol consumption (age 15+),Portugal,TOTAL,,,
EE6F72ASA_0000001688,SA_0000001688,EE6F72A,SA_0000001688,2022,YEAR,624,COUNTRY,PUBLISHED,Alcohol consumption (age 15+),Guinea-Bissau,TOTAL,,,
EE6F72ASA_0000001688,SA_0000001688,EE6F72A,SA_0000001688,2022,YEAR,646,COUNTRY,PUBLISHED,Alcohol consumption (age 15+),Rwanda,TOTAL,,,
EE6F72ASA_0000001688,SA_0000001688,EE6F72A,SA_0000001688,2022,YEAR,659,COUNTRY,PUBLISHED,Alcohol consumption (age 15+),Saint Kitts and Nevis,TOTAL,,,
EE6F72ASA_0000001688,SA_0000001688,EE6F72A,SA_0000001688,2022,YEAR,662,COUNTRY,PUBLISHED,Alcohol consumption (age 15+),Saint Lucia,TOTAL,,,
EE6F72ASA_0000001688,SA_0000001688,EE6F72A,SA_0000001688,2022,YEAR,670,COUNTRY,PUBLISHED,Alcohol consumption (age 15+),Saint Vincent and the Grenadines,TOTAL,,,
EE6F72ASA_0000001688,SA_0000001688,EE6F72A,SA_0000001688,2022,YEAR,678,COUNTRY,PUBLISHED,Alcohol consumption (age 15+),Sao Tome and Principe,TOTAL,,,
EE6F72ASA_0000001688,SA_0000001688,EE6F72A,SA_0000001688,2022,YEAR,686,COUNTRY,PUBLISHED,Alcohol consumption (age 15+),Senegal,TOTAL,,,
EE6F72ASA_0000001688,SA_0000001688,EE6F72A,SA_0000001688,2013,YEAR,324,COUNTRY,PUBLISHED,Alcohol consumption (age 15+),Guinea,TOTAL,,,
EE6F72ASA_0000001688,SA_0000001688,EE6F72A,SA_0000001688,2013,YEAR,328,COUNTRY,PUBLISHED,Alcohol consumption (age 15+),Guyana,TOTAL,,,
EE6F72ASA_0000001688,SA_0000001688,EE6F72A,SA_0000001688,2013,YEAR,332,COUNTRY,PUBLISHED,Alcohol consumption (age 15+),Haiti,TOTAL,,,
EE6F72ASA_0000001688,SA_0000001688,EE6F72A,SA_0000001688,2013,YEAR,340,COUNTRY,PUBLISHED,Alcohol consumption (age 15+),Honduras,TOTAL,,,
EE6F72ASA_0000001688,SA_0000001688,EE6F72A,SA_0000001688,2013,YEAR,308,COUNTRY,PUBLISHED,Alcohol consumption (age 15+),Grenada,TOTAL,,,
EE6F72ASA_0000001688,SA_0000001688,EE6F72A,SA_0000001688,2013,YEAR,320,COUNTRY,PUBLISHED,Alcohol consumption (age 15+),Guatemala,TOTAL,,,
EE6F72ASA_0000001688,SA_0000001688,EE6F72A,SA_0000001688,2013,YEAR,356,COUNTRY,PUBLISHED,Alcohol consumption (age 15+),India,TOTAL,,,
EE6F72ASA_0000001688,SA_0000001688,EE6F72A,SA_0000001688,2013,YEAR,380,COUNTRY,PUBLISHED,Alcohol consumption (age 15+),Italy,TOTAL,,,
EE6F72ASA_0000001688,SA_0000001688,EE6F72A,SA_0000001688,2013,YEAR,384,COUNTRY,PUBLISHED,Alcohol consumption (age 15+),Côte d'Ivoire,TOTAL,,,
EE6F72ASA_0000001688,SA_0000001688,EE6F72A,SA_0000001688,2013,YEAR,388,COUNTRY,PUBLISHED,Alcohol consumption (age 15+),Jamaica,TOTAL,,,
EE6F72ASA_0000001688,SA_0000001688,EE6F72A,SA_0000001688,2013,YEAR,392,COUNTRY,PUBLISHED,Alcohol consumption (age 15+),Japan,TOTAL,,,
EE6F72ASA_0000001688,SA_0000001688,EE6F72A,SA_0000001688,2013,YEAR,360,COUNTRY,PUBLISHED,Alcohol consumption (age 15+),Indonesia,TOTAL,,,
EE6F72ASA_0000001688,SA_0000001688,EE6F72A,SA_0000001688,2013,YEAR,364,COUNTRY,PUBLISHED,Alcohol consumption (age 15+),Iran (Islamic Republic of),TOTAL,,,
EE6F72ASA_0000001688,SA_0000001688,EE6F72A,SA_0000001688,2013,YEAR,368,COUNTRY,PUBLISHED,Alcohol consumption (age 15+),Iraq,TOTAL,,,
EE6F72ASA_0000001688,SA_0000001688,EE6F72A,SA_0000001688,2013,YEAR,348,COUNTRY,PUBLISHED,Alcohol consumption (age 15+),Hungary,TOTAL,,,
EE6F72ASA_0000001688,SA_0000001688,EE6F72A,SA_0000001688,2013,YEAR,352,COUNTRY,PUBLISHED,Alcohol consumption (age 15+),Iceland,TOTAL,,,
EE6F72ASA_0000001688,SA_0000001688,EE6F72A,SA_0000001688,2013,YEAR,372,COUNTRY,PUBLISHED,Alcohol consumption (age 15+),Ireland,TOTAL,,,
EE6F72ASA_0000001688,SA_0000001688,EE6F72A,SA_0000001688,2013,YEAR,376,COUNTRY,PUBLISHED,Alcohol consumption (age 15+),Israel,TOTAL,,,
EE6F72ASA_0000001688,SA_0000001688,EE6F72A,SA_0000001688,2013,YEAR,398,COUNTRY,PUBLISHED,Alcohol consumption (age 15+),Kazakhstan,TOTAL,,,
EE6F72ASA_0000001688,SA_0000001688,EE6F72A,SA_0000001688,2013,YEAR,400,COUNTRY,PUBLISHED,Alcohol consumption (age 15+),Jordan,TOTAL,,,
EE6F72ASA_0000001688,SA_0000001688,EE6F72A,SA_0000001688,2013,YEAR,422,COUNTRY,PUBLISHED,Alcohol consumption (age 15+),Lebanon,TOTAL,,,
EE6F72ASA_0000001688,SA_0000001688,EE6F72A,SA_0000001688,2013,YEAR,426,COUNTRY,PUBLISHED,Alcohol consumption (age 15+),Lesotho,TOTAL,,,
EE6F72ASA_0000001688,SA_0000001688,EE6F72A,SA_0000001688,2013,YEAR,428,COUNTRY,PUBLISHED,Alcohol consumption (age 15+),Latvia,TOTAL,,,
EE6F72ASA_0000001688,SA_0000001688,EE6F72A,SA_0000001688,2013,YEAR,404,COUNTRY,PUBLISHED,Alcohol consumption (age 15+),Kenya,TOTAL,,,
EE6F72ASA_0000001688,SA_0000001688,EE6F72A,SA_0000001688,2013,YEAR,408,COUNTRY,PUBLISHED,Alcohol consumption (age 15+),Democratic People's Republic of Korea,TOTAL,,,
EE6F72ASA_0000001688,SA_0000001688,EE6F72A,SA_0000001688,2013,YEAR,410,COUNTRY,PUBLISHED,Alcohol consumption (age 15+),Republic of Korea,TOTAL,,,
EE6F72ASA_0000001688,SA_0000001688,EE6F72A,SA_0000001688,2013,YEAR,414,COUNTRY,PUBLISHED,Alcohol consumption (age 15+),Kuwait,TOTAL,,,
EE6F72ASA_0000001688,SA_0000001688,EE6F72A,SA_0000001688,2013,YEAR,419,REGION,PUBLISHED,Alcohol consumption (age 15+),Latin America and the Caribbean,TOTAL,,,
EE6F72ASA_0000001688,SA_0000001688,EE6F72A,SA_0000001688,2013,YEAR,417,COUNTRY,PUBLISHED,Alcohol consumption (age 15+),Kyrgyzstan,TOTAL,,,
EE6F72ASA_0000001688,SA_0000001688,EE6F72A,SA_0000001688,2013,YEAR,418,COUNTRY,PUBLISHED,Alcohol consumption (age 15+),Lao People's Democratic Republic,TOTAL,,,
EE6F72ASA_0000001688,SA_0000001688,EE6F72A,SA_0000001688,2013,YEAR,450,COUNTRY,PUBLISHED,Alcohol consumption (age 15+),Madagascar,TOTAL,,,
EE6F72ASA_0000001688,SA_0000001688,EE6F72A,SA_0000001688,2013,YEAR,430,COUNTRY,PUBLISHED,Alcohol consumption (age 15+),Liberia,TOTAL,,,
EE6F72ASA_0000001688,SA_0000001688,EE6F72A,SA_0000001688,2013,YEAR,432,CLASSIFICATION,PUBLISHED,Alcohol consumption (age 15+),Landlocked developing countries,TOTAL,,,
EE6F72ASA_0000001688,SA_0000001688,EE6F72A,SA_0000001688,2013,YEAR,434,COUNTRY,PUBLISHED,Alcohol consumption (age 15+),Libya,TOTAL,,,
EE6F72ASA_0000001688,SA_0000001688,EE6F72A,SA_0000001688,2013,YEAR,478,COUNTRY,PUBLISHED,Alcohol consumption (age 15+),Mauritania,TOTAL,,,
EE6F72ASA_0000001688,SA_0000001688,EE6F72A,SA_0000001688,2013,YEAR,440,COUNTRY,PUBLISHED,Alcohol consumption (age 15+),Lithuania,TOTAL,,,
EE6F72ASA_0000001688,SA_0000001688,EE6F72A,SA_0000001688,2013,YEAR,442,COUNTRY,PUBLISHED,Alcohol consumption (age 15+),Luxembourg,TOTAL,,,
EE6F72ASA_0000001688,SA_0000001688,EE6F72A,SA_0000001688,2013,YEAR,462,COUNTRY,PUBLISHED,Alcohol consumption (age 15+),Maldives,TOTAL,,,
EE6F72ASA_0000001688,SA_0000001688,EE6F72A,SA_0000001688,2013,YEAR,466,COUNTRY,PUBLISHED,Alcohol consumption (age 15+),Mali,TOTAL,,,
EE6F72ASA_0000001688,SA_0000001688,EE6F72A,SA_0000001688,2013,YEAR,470,COUNTRY,PUBLISHED,Alcohol consumption (age 15+),Malta,TOTAL,,,
EE6F72ASA_0000001688,SA_0000001688,EE6F72A,SA_0000001688,2013,YEAR,454,COUNTRY,PUBLISHED,Alcohol consumption (age 15+),Malawi,TOTAL,,,
EE6F72ASA_0000001688,SA_0000001688,EE6F72A,SA_0000001688,2013,YEAR,458,COUNTRY,PUBLISHED,Alcohol consumption (age 15+),Malaysia,TOTAL,,,
EE6F72ASA_0000001688,SA_0000001688,EE6F72A,SA_0000001688,2013,YEAR,498,COUNTRY,PUBLISHED,Alcohol consumption (age 15+),Republic of Moldova,TOTAL,,,
EE6F72ASA_0000001688,SA_0000001688,EE6F72A,SA_0000001688,2013,YEAR,513,REGION,PUBLISHED,Alcohol consumption (age 15+),Europe and Northern America,TOTAL,,,
EE6F72ASA_0000001688,SA_0000001688,EE6F72A,SA_0000001688,2013,YEAR,514,CLASSIFICATION,PUBLISHED,Alcohol consumption (age 15+),"Developed regions (Europe, Cyprus, Israel, Northern America, Japan, Australia & New Zealand)",TOTAL,,,
EE6F72ASA_0000001688,SA_0000001688,EE6F72A,SA_0000001688,2013,YEAR,515,CLASSIFICATION,PUBLISHED,Alcohol consumption (age 15+),Developing regions,TOTAL,,,
EE6F72ASA_0000001688,SA_0000001688,EE6F72A,SA_0000001688,2013,YEAR,516,COUNTRY,PUBLISHED,Alcohol consumption (age 15+),Namibia,TOTAL,,,
EE6F72ASA_0000001688,SA_0000001688,EE6F72A,SA_0000001688,2013,YEAR,499,COUNTRY,PUBLISHED,Alcohol consumption (age 15+),Montenegro,TOTAL,,,
EE6F72ASA_0000001688,SA_0000001688,EE6F72A,SA_0000001688,2013,YEAR,504,COUNTRY,PUBLISHED,Alcohol consumption (age 15+),Morocco,TOTAL,,,
EE6F72ASA_0000001688,SA_0000001688,EE6F72A,SA_0000001688,2013,YEAR,480,COUNTRY,PUBLISHED,Alcohol consumption (age 15+),Mauritius,TOTAL,,,
EE6F72ASA_0000001688,SA_0000001688,EE6F72A,SA_0000001688,2013,YEAR,484,COUNTRY,PUBLISHED,Alcohol consumption (age 15+),Mexico,TOTAL,,,
EE6F72ASA_0000001688,SA_0000001688,EE6F72A,SA_0000001688,2013,YEAR,496,COUNTRY,PUBLISHED,Alcohol consumption (age 15+),Mongolia,TOTAL,,,
EE6F72ASA_0000001688,SA_0000001688,EE6F72A,SA_0000001688,2013,YEAR,508,COUNTRY,PUBLISHED,Alcohol consumption (age 15+),Mozambique,TOTAL,,,
EE6F72ASA_0000001688,SA_0000001688,EE6F72A,SA_0000001688,2013,YEAR,512,COUNTRY,PUBLISHED,Alcohol consumption (age 15+),Oman,TOTAL,,,
EE6F72ASA_0000001688,SA_0000001688,EE6F72A,SA_0000001688,2013,YEAR,520,COUNTRY,PUBLISHED,Alcohol consumption (age 15+),Nauru,TOTAL,,,
EE6F72ASA_0000001688,SA_0000001688,EE6F72A,SA_0000001688,2013,YEAR,524,COUNTRY,PUBLISHED,Alcohol consumption (age 15+),Nepal,TOTAL,,,
EE6F72ASA_0000001688,SA_0000001688,EE6F72A,SA_0000001688,2013,YEAR,528,COUNTRY,PUBLISHED,Alcohol consumption (age 15+),Netherlands (Kingdom of the),TOTAL,,,
EE6F72ASA_0000001688,SA_0000001688,EE6F72A,SA_0000001688,2013,YEAR,543,REGION,PUBLISHED,Alcohol consumption (age 15+),Oceania (exc. Australia and New Zealand),TOTAL,,,
EE6F72ASA_0000001688,SA_0000001688,EE6F72A,SA_0000001688,2013,YEAR,548,COUNTRY,PUBLISHED,Alcohol consumption (age 15+),Vanuatu,TOTAL,,,
EE6F72ASA_0000001688,SA_0000001688,EE6F72A,SA_0000001688,2013,YEAR,554,COUNTRY,PUBLISHED,Alcohol consumption (age 15+),New Zealand,TOTAL,,,
EE6F72ASA_0000001688,SA_0000001688,EE6F72A,SA_0000001688,2013,YEAR,566,COUNTRY,PUBLISHED,Alcohol consumption (age 15+),Nigeria,TOTAL,,,
EE6F72ASA_0000001688,SA_0000001688,EE6F72A,SA_0000001688,2013,YEAR,570,COUNTRY,PUBLISHED,Alcohol consumption (age 15+),Niue,TOTAL,,,
EE6F72ASA_0000001688,SA_0000001688,EE6F72A,SA_0000001688,2013,YEAR,578,COUNTRY,PUBLISHED,Alcohol consumption (age 15+),Norway,TOTAL,,,
EE6F72ASA_0000001688,SA_0000001688,EE6F72A,SA_0000001688,2013,YEAR,583,COUNTRY,PUBLISHED,Alcohol consumption (age 15+),Micronesia (Federated States of),TOTAL,,,
EE6F72ASA_0000001688,SA_0000001688,EE6F72A,SA_0000001688,2013,YEAR,558,COUNTRY,PUBLISHED,Alcohol consumption (age 15+),Nicaragua,TOTAL,,,
EE6F72ASA_0000001688,SA_0000001688,EE6F72A,SA_0000001688,2013,YEAR,562,COUNTRY,PUBLISHED,Alcohol consumption (age 15+),Niger,TOTAL,,,
EE6F72ASA_0000001688,SA_0000001688,EE6F72A,SA_0000001688,2013,YEAR,598,COUNTRY,PUBLISHED,Alcohol consumption (age 15+),Papua New Guinea,TOTAL,,,
EE6F72ASA_0000001688,SA_0000001688,EE6F72A,SA_0000001688,2013,YEAR,600,COUNTRY,PUBLISHED,Alcohol consumption (age 15+),Paraguay,TOTAL,,,
EE6F72ASA_0000001688,SA_0000001688,EE6F72A,SA_0000001688,2013,YEAR,604,COUNTRY,PUBLISHED,Alcohol consumption (age 15+),Peru,TOTAL,,,
EE6F72ASA_0000001688,SA_0000001688,EE6F72A,SA_0000001688,2013,YEAR,608,COUNTRY,PUBLISHED,Alcohol consumption (age 15+),Philippines,TOTAL,,,
EE6F72ASA_0000001688,SA_0000001688,EE6F72A,SA_0000001688,2013,YEAR,586,COUNTRY,PUBLISHED,Alcohol consumption (age 15+),Pakistan,TOTAL,,,
EE6F72ASA_0000001688,SA_0000001688,EE6F72A,SA_0000001688,2013,YEAR,591,COUNTRY,PUBLISHED,Alcohol consumption (age 15+),Panama,TOTAL,,,
EE6F72ASA_0000001688,SA_0000001688,EE6F72A,SA_0000001688,2013,YEAR,624,COUNTRY,PUBLISHED,Alcohol consumption (age 15+),Guinea-Bissau,TOTAL,,,
EE6F72ASA_0000001688,SA_0000001688,EE6F72A,SA_0000001688,2013,YEAR,626,COUNTRY,PUBLISHED,Alcohol consumption (age 15+),Timor-Leste,TOTAL,,,
EE6F72ASA_0000001688,SA_0000001688,EE6F72A,SA_0000001688,2013,YEAR,634,COUNTRY,PUBLISHED,Alcohol consumption (age 15+),Qatar,TOTAL,,,
EE6F72ASA_0000001688,SA_0000001688,EE6F72A,SA_0000001688,2013,YEAR,642,COUNTRY,PUBLISHED,Alcohol consumption (age 15+),Romania,TOTAL,,,
EE6F72ASA_0000001688,SA_0000001688,EE6F72A,SA_0000001688,2013,YEAR,616,COUNTRY,PUBLISHED,Alcohol consumption (age 15+),Poland,TOTAL,,,
EE6F72ASA_0000001688,SA_0000001688,EE6F72A,SA_0000001688,2013,YEAR,620,COUNTRY,PUBLISHED,Alcohol consumption (age 15+),Portugal,TOTAL,,,
EE6F72ASA_0000001688,SA_0000001688,EE6F72A,SA_0000001688,2013,YEAR,659,COUNTRY,PUBLISHED,Alcohol consumption (age 15+),Saint Kitts and Nevis,TOTAL,,,
EE6F72ASA_0000001688,SA_0000001688,EE6F72A,SA_0000001688,2013,YEAR,662,COUNTRY,PUBLISHED,Alcohol consumption (age 15+),Saint Lucia,TOTAL,,,
EE6F72ASA_0000001688,SA_0000001688,EE6F72A,SA_0000001688,2013,YEAR,670,COUNTRY,PUBLISHED,Alcohol consumption (age 15+),Saint Vincent and the Grenadines,TOTAL,,,
EE6F72ASA_0000001688,SA_0000001688,EE6F72A,SA_0000001688,2013,YEAR,678,COUNTRY,PUBLISHED,Alcohol consumption (age 15+),Sao Tome and Principe,TOTAL,,,
EE6F72ASA_0000001688,SA_0000001688,EE6F72A,SA_0000001688,2013,YEAR,643,COUNTRY,PUBLISHED,Alcohol consumption (age 15+),Russian Federation,TOTAL,,,
EE6F72ASA_0000001688,SA_0000001688,EE6F72A,SA_0000001688,2013,YEAR,646,COUNTRY,PUBLISHED,Alcohol consumption (age 15+),Rwanda,TOTAL,,,
EE6F72ASA_0000001688,SA_0000001688,EE6F72A,SA_0000001688,2013,YEAR,690,COUNTRY,PUBLISHED,Alcohol consumption (age 15+),Seychelles,TOTAL,,,
EE6F72ASA_0000001688,SA_0000001688,EE6F72A,SA_0000001688,2013,YEAR,694,COUNTRY,PUBLISHED,Alcohol consumption (age 15+),Sierra Leone,TOTAL,,,
EE6F72ASA_0000001688,SA_0000001688,EE6F72A,SA_0000001688,2016,YEAR,300,COUNTRY,PUBLISHED,Alcohol consumption (age 15+),Greece,TOTAL,,,
EE6F72ASA_0000001688,SA_0000001688,EE6F72A,SA_0000001688,2016,YEAR,308,COUNTRY,PUBLISHED,Alcohol consumption (age 15+),Grenada,TOTAL,,,
EE6F72ASA_0000001688,SA_0000001688,EE6F72A,SA_0000001688,2013,YEAR,686,COUNTRY,PUBLISHED,Alcohol consumption (age 15+),Senegal,TOTAL,,,
EE6F72ASA_0000001688,SA_0000001688,EE6F72A,SA_0000001688,2013,YEAR,688,COUNTRY,PUBLISHED,Alcohol consumption (age 15+),Serbia,TOTAL,,,
EE6F72ASA_0000001688,SA_0000001688,EE6F72A,SA_0000001688,2016,YEAR,328,COUNTRY,PUBLISHED,Alcohol consumption (age 15+),Guyana,TOTAL,,,
EE6F72ASA_0000001688,SA_0000001688,EE6F72A,SA_0000001688,2016,YEAR,332,COUNTRY,PUBLISHED,Alcohol consumption (age 15+),Haiti,TOTAL,,,
EE6F72ASA_0000001688,SA_0000001688,EE6F72A,SA_0000001688,2016,YEAR,340,COUNTRY,PUBLISHED,Alcohol consumption (age 15+),Honduras,TOTAL,,,
EE6F72ASA_0000001688,SA_0000001688,EE6F72A,SA_0000001688,2016,YEAR,348,COUNTRY,PUBLISHED,Alcohol consumption (age 15+),Hungary,TOTAL,,,
EE6F72ASA_0000001688,SA_0000001688,EE6F72A,SA_0000001688,2016,YEAR,320,COUNTRY,PUBLISHED,Alcohol consumption (age 15+),Guatemala,TOTAL,,,
EE6F72ASA_0000001688,SA_0000001688,EE6F72A,SA_0000001688,2016,YEAR,324,COUNTRY,PUBLISHED,Alcohol consumption (age 15+),Guinea,TOTAL,,,
EE6F72ASA_0000001688,SA_0000001688,EE6F72A,SA_0000001688,2016,YEAR,360,COUNTRY,PUBLISHED,Alcohol consumption (age 15+),Indonesia,TOTAL,,,
EE6F72ASA_0000001688,SA_0000001688,EE6F72A,SA_0000001688,2016,YEAR,364,COUNTRY,PUBLISHED,Alcohol consumption (age 15+),Iran (Islamic Republic of),TOTAL,,,
EE6F72ASA_0000001688,SA_0000001688,EE6F72A,SA_0000001688,2016,YEAR,368,COUNTRY,PUBLISHED,Alcohol consumption (age 15+),Iraq,TOTAL,,,
EE6F72ASA_0000001688,SA_0000001688,EE6F72A,SA_0000001688,2016,YEAR,372,COUNTRY,PUBLISHED,Alcohol consumption (age 15+),Ireland,TOTAL,,,
EE6F72ASA_0000001688,SA_0000001688,EE6F72A,SA_0000001688,2016,YEAR,352,COUNTRY,PUBLISHED,Alcohol consumption (age 15+),Iceland,TOTAL,,,
EE6F72ASA_0000001688,SA_0000001688,EE6F72A,SA_0000001688,2016,YEAR,356,COUNTRY,PUBLISHED,Alcohol consumption (age 15+),India,TOTAL,,,
EE6F72ASA_0000001688,SA_0000001688,EE6F72A,SA_0000001688,2016,YEAR,384,COUNTRY,PUBLISHED,Alcohol consumption (age 15+),Côte d'Ivoire,TOTAL,,,
EE6F72ASA_0000001688,SA_0000001688,EE6F72A,SA_0000001688,2016,YEAR,408,COUNTRY,PUBLISHED,Alcohol consumption (age 15+),Democratic People's Republic of Korea,TOTAL,,,
EE6F72ASA_0000001688,SA_0000001688,EE6F72A,SA_0000001688,2016,YEAR,410,COUNTRY,PUBLISHED,Alcohol consumption (age 15+),Republic of Korea,TOTAL,,,
EE6F72ASA_0000001688,SA_0000001688,EE6F72A,SA_0000001688,2016,YEAR,414,COUNTRY,PUBLISHED,Alcohol consumption (age 15+),Kuwait,TOTAL,,,
EE6F72ASA_0000001688,SA_0000001688,EE6F72A,SA_0000001688,2016,YEAR,417,COUNTRY,PUBLISHED,Alcohol consumption (age 15+),Kyrgyzstan,TOTAL,,,
EE6F72ASA_0000001688,SA_0000001688,EE6F72A,SA_0000001688,2016,YEAR,388,COUNTRY,PUBLISHED,Alcohol consumption (age 15+),Jamaica,TOTAL,,,
EE6F72ASA_0000001688,SA_0000001688,EE6F72A,SA_0000001688,2016,YEAR,392,COUNTRY,PUBLISHED,Alcohol consumption (age 15+),Japan,TOTAL,,,
EE6F72ASA_0000001688,SA_0000001688,EE6F72A,SA_0000001688,2016,YEAR,398,COUNTRY,PUBLISHED,Alcohol consumption (age 15+),Kazakhstan,TOTAL,,,
EE6F72ASA_0000001688,SA_0000001688,EE6F72A,SA_0000001688,2016,YEAR,376,COUNTRY,PUBLISHED,Alcohol consumption (age 15+),Israel,TOTAL,,,
EE6F72ASA_0000001688,SA_0000001688,EE6F72A,SA_0000001688,2016,YEAR,380,COUNTRY,PUBLISHED,Alcohol consumption (age 15+),Italy,TOTAL,,,
EE6F72ASA_0000001688,SA_0000001688,EE6F72A,SA_0000001688,2016,YEAR,400,COUNTRY,PUBLISHED,Alcohol consumption (age 15+),Jordan,TOTAL,,,
EE6F72ASA_0000001688,SA_0000001688,EE6F72A,SA_0000001688,2016,YEAR,404,COUNTRY,PUBLISHED,Alcohol consumption (age 15+),Kenya,TOTAL,,,
EE6F72ASA_0000001688,SA_0000001688,EE6F72A,SA_0000001688,2016,YEAR,418,COUNTRY,PUBLISHED,Alcohol consumption (age 15+),Lao People's Democratic Republic,TOTAL,,,
EE6F72ASA_0000001688,SA_0000001688,EE6F72A,SA_0000001688,2016,YEAR,419,REGION,PUBLISHED,Alcohol consumption (age 15+),Latin America and the Caribbean,TOTAL,,,
EE6F72ASA_0000001688,SA_0000001688,EE6F72A,SA_0000001688,2016,YEAR,422,COUNTRY,PUBLISHED,Alcohol consumption (age 15+),Lebanon,TOTAL,,,
EE6F72ASA_0000001688,SA_0000001688,EE6F72A,SA_0000001688,2016,YEAR,450,COUNTRY,PUBLISHED,Alcohol consumption (age 15+),Madagascar,TOTAL,,,
EE6F72ASA_0000001688,SA_0000001688,EE6F72A,SA_0000001688,2016,YEAR,454,COUNTRY,PUBLISHED,Alcohol consumption (age 15+),Malawi,TOTAL,,,
EE6F72ASA_0000001688,SA_0000001688,EE6F72A,SA_0000001688,2016,YEAR,426,COUNTRY,PUBLISHED,Alcohol consumption (age 15+),Lesotho,TOTAL,,,
EE6F72ASA_0000001688,SA_0000001688,EE6F72A,SA_0000001688,2016,YEAR,428,COUNTRY,PUBLISHED,Alcohol consumption (age 15+),Latvia,TOTAL,,,
EE6F72ASA_0000001688,SA_0000001688,EE6F72A,SA_0000001688,2016,YEAR,430,COUNTRY,PUBLISHED,Alcohol consumption (age 15+),Liberia,TOTAL,,,
EE6F72ASA_0000001688,SA_0000001688,EE6F72A,SA_0000001688,2016,YEAR,440,COUNTRY,PUBLISHED,Alcohol consumption (age 15+),Lithuania,TOTAL,,,
EE6F72ASA_0000001688,SA_0000001688,EE6F72A,SA_0000001688,2016,YEAR,442,COUNTRY,PUBLISHED,Alcohol consumption (age 15+),Luxembourg,TOTAL,,,
EE6F72ASA_0000001688,SA_0000001688,EE6F72A,SA_0000001688,2016,YEAR,432,CLASSIFICATION,PUBLISHED,Alcohol consumption (age 15+),Landlocked developing countries,TOTAL,,,
EE6F72ASA_0000001688,SA_0000001688,EE6F72A,SA_0000001688,2016,YEAR,434,COUNTRY,PUBLISHED,Alcohol consumption (age 15+),Libya,TOTAL,,,
EE6F72ASA_0000001688,SA_0000001688,EE6F72A,SA_0000001688,2016,YEAR,478,COUNTRY,PUBLISHED,Alcohol consumption (age 15+),Mauritania,TOTAL,,,
EE6F72ASA_0000001688,SA_0000001688,EE6F72A,SA_0000001688,2016,YEAR,498,COUNTRY,PUBLISHED,Alcohol consumption (age 15+),Republic of Moldova,TOTAL,,,
EE6F72ASA_0000001688,SA_0000001688,EE6F72A,SA_0000001688,2016,YEAR,499,COUNTRY,PUBLISHED,Alcohol consumption (age 15+),Montenegro,TOTAL,,,
EE6F72ASA_0000001688,SA_0000001688,EE6F72A,SA_0000001688,2016,YEAR,504,COUNTRY,PUBLISHED,Alcohol consumption (age 15+),Morocco,TOTAL,,,
EE6F72ASA_0000001688,SA_0000001688,EE6F72A,SA_0000001688,2016,YEAR,508,COUNTRY,PUBLISHED,Alcohol consumption (age 15+),Mozambique,TOTAL,,,
EE6F72ASA_0000001688,SA_0000001688,EE6F72A,SA_0000001688,2016,YEAR,480,COUNTRY,PUBLISHED,Alcohol consumption (age 15+),Mauritius,TOTAL,,,
EE6F72ASA_0000001688,SA_0000001688,EE6F72A,SA_0000001688,2016,YEAR,458,COUNTRY,PUBLISHED,Alcohol consumption (age 15+),Malaysia,TOTAL,,,
EE6F72ASA_0000001688,SA_0000001688,EE6F72A,SA_0000001688,2016,YEAR,462,COUNTRY,PUBLISHED,Alcohol consumption (age 15+),Maldives,TOTAL,,,
EE6F72ASA_0000001688,SA_0000001688,EE6F72A,SA_0000001688,2016,YEAR,466,COUNTRY,PUBLISHED,Alcohol consumption (age 15+),Mali,TOTAL,,,
EE6F72ASA_0000001688,SA_0000001688,EE6F72A,SA_0000001688,2016,YEAR,470,COUNTRY,PUBLISHED,Alcohol consumption (age 15+),Malta,TOTAL,,,
EE6F72ASA_0000001688,SA_0000001688,EE6F72A,SA_0000001688,2016,YEAR,484,COUNTRY,PUBLISHED,Alcohol consumption (age 15+),Mexico,TOTAL,,,
EE6F72ASA_0000001688,SA_0000001688,EE6F72A,SA_0000001688,2016,YEAR,496,COUNTRY,PUBLISHED,Alcohol consumption (age 15+),Mongolia,TOTAL,,,
EE6F72ASA_0000001688,SA_0000001688,EE6F72A,SA_0000001688,2016,YEAR,512,COUNTRY,PUBLISHED,Alcohol consumption (age 15+),Oman,TOTAL,,,
EE6F72ASA_0000001688,SA_0000001688,EE6F72A,SA_0000001688,2016,YEAR,513,REGION,PUBLISHED,Alcohol consumption (age 15+),Europe and Northern America,TOTAL,,,
EE6F72ASA_0000001688,SA_0000001688,EE6F72A,SA_0000001688,2016,YEAR,514,CLASSIFICATION,PUBLISHED,Alcohol consumption (age 15+),"Developed regions (Europe, Cyprus, Israel, Northern America, Japan, Australia & New Zealand)",TOTAL,,,
EE6F72ASA_0000001688,SA_0000001688,EE6F72A,SA_0000001688,2016,YEAR,515,CLASSIFICATION,PUBLISHED,Alcohol consumption (age 15+),Developing regions,TOTAL,,,
EE6F72ASA_0000001688,SA_0000001688,EE6F72A,SA_0000001688,2016,YEAR,558,COUNTRY,PUBLISHED,Alcohol consumption (age 15+),Nicaragua,TOTAL,,,
EE6F72ASA_0000001688,SA_0000001688,EE6F72A,SA_0000001688,2016,YEAR,516,COUNTRY,PUBLISHED,Alcohol consumption (age 15+),Namibia,TOTAL,,,
EE6F72ASA_0000001688,SA_0000001688,EE6F72A,SA_0000001688,2016,YEAR,520,COUNTRY,PUBLISHED,Alcohol consumption (age 15+),Nauru,TOTAL,,,
EE6F72ASA_0000001688,SA_0000001688,EE6F72A,SA_0000001688,2016,YEAR,543,REGION,PUBLISHED,Alcohol consumption (age 15+),Oceania (exc. Australia and New Zealand),TOTAL,,,
EE6F72ASA_0000001688,SA_0000001688,EE6F72A,SA_0000001688,2016,YEAR,548,COUNTRY,PUBLISHED,Alcohol consumption (age 15+),Vanuatu,TOTAL,,,
EE6F72ASA_0000001688,SA_0000001688,EE6F72A,SA_0000001688,2016,YEAR,554,COUNTRY,PUBLISHED,Alcohol consumption (age 15+),New Zealand,TOTAL,,,
EE6F72ASA_0000001688,SA_0000001688,EE6F72A,SA_0000001688,2016,YEAR,524,COUNTRY,PUBLISHED,Alcohol consumption (age 15+),Nepal,TOTAL,,,
EE6F72ASA_0000001688,SA_0000001688,EE6F72A,SA_0000001688,2016,YEAR,528,COUNTRY,PUBLISHED,Alcohol consumption (age 15+),Netherlands (Kingdom of the),TOTAL,,,
EE6F72ASA_0000001688,SA_0000001688,EE6F72A,SA_0000001688,2016,YEAR,578,COUNTRY,PUBLISHED,Alcohol consumption (age 15+),Norway,TOTAL,,,
EE6F72ASA_0000001688,SA_0000001688,EE6F72A,SA_0000001688,2016,YEAR,600,COUNTRY,PUBLISHED,Alcohol consumption (age 15+),Paraguay,TOTAL,,,
EE6F72ASA_0000001688,SA_0000001688,EE6F72A,SA_0000001688,2016,YEAR,604,COUNTRY,PUBLISHED,Alcohol consumption (age 15+),Peru,TOTAL,,,
EE6F72ASA_0000001688,SA_0000001688,EE6F72A,SA_0000001688,2016,YEAR,608,COUNTRY,PUBLISHED,Alcohol consumption (age 15+),Philippines,TOTAL,,,
EE6F72ASA_0000001688,SA_0000001688,EE6F72A,SA_0000001688,2016,YEAR,616,COUNTRY,PUBLISHED,Alcohol consumption (age 15+),Poland,TOTAL,,,
EE6F72ASA_0000001688,SA_0000001688,EE6F72A,SA_0000001688,2016,YEAR,583,COUNTRY,PUBLISHED,Alcohol consumption (age 15+),Micronesia (Federated States of),TOTAL,,,
EE6F72ASA_0000001688,SA_0000001688,EE6F72A,SA_0000001688,2016,YEAR,586,COUNTRY,PUBLISHED,Alcohol consumption (age 15+),Pakistan,TOTAL,,,
EE6F72ASA_0000001688,SA_0000001688,EE6F72A,SA_0000001688,2016,YEAR,562,COUNTRY,PUBLISHED,Alcohol consumption (age 15+),Niger,TOTAL,,,
EE6F72ASA_0000001688,SA_0000001688,EE6F72A,SA_0000001688,2016,YEAR,566,COUNTRY,PUBLISHED,Alcohol consumption (age 15+),Nigeria,TOTAL,,,
EE6F72ASA_0000001688,SA_0000001688,EE6F72A,SA_0000001688,2016,YEAR,570,COUNTRY,PUBLISHED,Alcohol consumption (age 15+),Niue,TOTAL,,,
EE6F72ASA_0000001688,SA_0000001688,EE6F72A,SA_0000001688,2016,YEAR,591,COUNTRY,PUBLISHED,Alcohol consumption (age 15+),Panama,TOTAL,,,
EE6F72ASA_0000001688,SA_0000001688,EE6F72A,SA_0000001688,2016,YEAR,598,COUNTRY,PUBLISHED,Alcohol consumption (age 15+),Papua New Guinea,TOTAL,,,
EE6F72ASA_0000001688,SA_0000001688,EE6F72A,SA_0000001688,2016,YEAR,620,COUNTRY,PUBLISHED,Alcohol consumption (age 15+),Portugal,TOTAL,,,
EE6F72ASA_0000001688,SA_0000001688,EE6F72A,SA_0000001688,2016,YEAR,624,COUNTRY,PUBLISHED,Alcohol consumption (age 15+),Guinea-Bissau,TOTAL,,,
EE6F72ASA_0000001688,SA_0000001688,EE6F72A,SA_0000001688,2016,YEAR,626,COUNTRY,PUBLISHED,Alcohol consumption (age 15+),Timor-Leste,TOTAL,,,
EE6F72ASA_0000001688,SA_0000001688,EE6F72A,SA_0000001688,2016,YEAR,678,COUNTRY,PUBLISHED,Alcohol consumption (age 15+),Sao Tome and Principe,TOTAL,,,
EE6F72ASA_0000001688,SA_0000001688,EE6F72A,SA_0000001688,2016,YEAR,686,COUNTRY,PUBLISHED,Alcohol consumption (age 15+),Senegal,TOTAL,,,
EE6F72ASA_0000001688,SA_0000001688,EE6F72A,SA_0000001688,2016,YEAR,634,COUNTRY,PUBLISHED,Alcohol consumption (age 15+),Qatar,TOTAL,,,
EE6F72ASA_0000001688,SA_0000001688,EE6F72A,SA_0000001688,2016,YEAR,642,COUNTRY,PUBLISHED,Alcohol consumption (age 15+),Romania,TOTAL,,,
EE6F72ASA_0000001688,SA_0000001688,EE6F72A,SA_0000001688,2016,YEAR,643,COUNTRY,PUBLISHED,Alcohol consumption (age 15+),Russian Federation,TOTAL,,,
EE6F72ASA_0000001688,SA_0000001688,EE6F72A,SA_0000001688,2016,YEAR,662,COUNTRY,PUBLISHED,Alcohol consumption (age 15+),Saint Lucia,TOTAL,,,
EE6F72ASA_0000001688,SA_0000001688,EE6F72A,SA_0000001688,2016,YEAR,670,COUNTRY,PUBLISHED,Alcohol consumption (age 15+),Saint Vincent and the Grenadines,TOTAL,,,
EE6F72ASA_0000001688,SA_0000001688,EE6F72A,SA_0000001688,2016,YEAR,646,COUNTRY,PUBLISHED,Alcohol consumption (age 15+),Rwanda,TOTAL,,,
EE6F72ASA_0000001688,SA_0000001688,EE6F72A,SA_0000001688,2016,YEAR,659,COUNTRY,PUBLISHED,Alcohol consumption (age 15+),Saint Kitts and Nevis,TOTAL,,,
EE6F72ASA_0000001688,SA_0000001688,EE6F72A,SA_0000001688,2019,YEAR,015,REGION,PUBLISHED,Alcohol consumption (age 15+),Northern Africa,TOTAL,,,
EE6F72ASA_0000001688,SA_0000001688,EE6F72A,SA_0000001688,2019,YEAR,020,COUNTRY,PUBLISHED,Alcohol consumption (age 15+),Andorra,TOTAL,,,
EE6F72ASA_0000001688,SA_0000001688,EE6F72A,SA_0000001688,2019,YEAR,021,REGION,PUBLISHED,Alcohol consumption (age 15+),Northern America,TOTAL,,,
EE6F72ASA_0000001688,SA_0000001688,EE6F72A,SA_0000001688,2019,YEAR,024,COUNTRY,PUBLISHED,Alcohol consumption (age 15+),Angola,TOTAL,,,
EE6F72ASA_0000001688,SA_0000001688,EE6F72A,SA_0000001688,2019,YEAR,028,COUNTRY,PUBLISHED,Alcohol consumption (age 15+),Antigua and Barbuda,TOTAL,,,
EE6F72ASA_0000001688,SA_0000001688,EE6F72A,SA_0000001688,2019,YEAR,017,REGION,PUBLISHED,Alcohol consumption (age 15+),Middle Africa,TOTAL,,,
EE6F72ASA_0000001688,SA_0000001688,EE6F72A,SA_0000001688,2016,YEAR,688,COUNTRY,PUBLISHED,Alcohol consumption (age 15+),Serbia,TOTAL,,,
EE6F72ASA_0000001688,SA_0000001688,EE6F72A,SA_0000001688,2016,YEAR,690,COUNTRY,PUBLISHED,Alcohol consumption (age 15+),Seychelles,TOTAL,,,
EE6F72ASA_0000001688,SA_0000001688,EE6F72A,SA_0000001688,2019,YEAR,013,REGION,PUBLISHED,Alcohol consumption (age 15+),Central America,TOTAL,,,
EE6F72ASA_0000001688,SA_0000001688,EE6F72A,SA_0000001688,2019,YEAR,014,REGION,PUBLISHED,Alcohol consumption (age 15+),Eastern Africa,TOTAL,,,
EE6F72ASA_0000001688,SA_0000001688,EE6F72A,SA_0000001688,2019,YEAR,018,REGION,PUBLISHED,Alcohol consumption (age 15+),Southern Africa,TOTAL,,,
EE6F72ASA_0000001688,SA_0000001688,EE6F72A,SA_0000001688,2019,YEAR,019,REGION,PUBLISHED,Alcohol consumption (age 15+),Americas,TOTAL,,,
EE6F72ASA_0000001688,SA_0000001688,EE6F72A,SA_0000001688,2019,YEAR,029,REGION,PUBLISHED,Alcohol consumption (age 15+),Caribbean,TOTAL,,,
EE6F72ASA_0000001688,SA_0000001688,EE6F72A,SA_0000001688,2019,YEAR,030,REGION,PUBLISHED,Alcohol consumption (age 15+),Eastern Asia,TOTAL,,,
EE6F72ASA_0000001688,SA_0000001688,EE6F72A,SA_0000001688,2019,YEAR,031,COUNTRY,PUBLISHED,Alcohol consumption (age 15+),Azerbaijan,TOTAL,,,
EE6F72ASA_0000001688,SA_0000001688,EE6F72A,SA_0000001688,2019,YEAR,032,COUNTRY,PUBLISHED,Alcohol consumption (age 15+),Argentina,TOTAL,,,
EE6F72ASA_0000001688,SA_0000001688,EE6F72A,SA_0000001688,2019,YEAR,034,REGION,PUBLISHED,Alcohol consumption (age 15+),Southern Asia,TOTAL,,,
EE6F72ASA_0000001688,SA_0000001688,EE6F72A,SA_0000001688,2019,YEAR,035,REGION,PUBLISHED,Alcohol consumption (age 15+),South-eastern Asia,TOTAL,,,
EE6F72ASA_0000001688,SA_0000001688,EE6F72A,SA_0000001688,2019,YEAR,040,COUNTRY,PUBLISHED,Alcohol consumption (age 15+),Austria,TOTAL,,,
EE6F72ASA_0000001688,SA_0000001688,EE6F72A,SA_0000001688,2019,YEAR,044,COUNTRY,PUBLISHED,Alcohol consumption (age 15+),Bahamas,TOTAL,,,
EE6F72ASA_0000001688,SA_0000001688,EE6F72A,SA_0000001688,2019,YEAR,048,COUNTRY,PUBLISHED,Alcohol consumption (age 15+),Bahrain,TOTAL,,,
EE6F72ASA_0000001688,SA_0000001688,EE6F72A,SA_0000001688,2019,YEAR,050,COUNTRY,PUBLISHED,Alcohol consumption (age 15+),Bangladesh,TOTAL,,,
EE6F72ASA_0000001688,SA_0000001688,EE6F72A,SA_0000001688,2019,YEAR,036,COUNTRY,PUBLISHED,Alcohol consumption (age 15+),Australia,TOTAL,,,
EE6F72ASA_0000001688,SA_0000001688,EE6F72A,SA_0000001688,2019,YEAR,039,REGION,PUBLISHED,Alcohol consumption (age 15+),Southern Europe,TOTAL,,,
EE6F72ASA_0000001688,SA_0000001688,EE6F72A,SA_0000001688,2019,YEAR,053,REGION,PUBLISHED,Alcohol consumption (age 15+),Australia and New Zealand,TOTAL,,,
EE6F72ASA_0000001688,SA_0000001688,EE6F72A,SA_0000001688,2019,YEAR,054,REGION,PUBLISHED,Alcohol consumption (age 15+),Melanesia,TOTAL,,,
EE6F72ASA_0000001688,SA_0000001688,EE6F72A,SA_0000001688,2019,YEAR,056,COUNTRY,PUBLISHED,Alcohol consumption (age 15+),Belgium,TOTAL,,,
EE6F72ASA_0000001688,SA_0000001688,EE6F72A,SA_0000001688,2019,YEAR,057,REGION,PUBLISHED,Alcohol consumption (age 15+),Micronesia,TOTAL,,,
EE6F72ASA_0000001688,SA_0000001688,EE6F72A,SA_0000001688,2019,YEAR,051,COUNTRY,PUBLISHED,Alcohol consumption (age 15+),Armenia,TOTAL,,,
EE6F72ASA_0000001688,SA_0000001688,EE6F72A,SA_0000001688,2019,YEAR,052,COUNTRY,PUBLISHED,Alcohol consumption (age 15+),Barbados,TOTAL,,,
EE6F72ASA_0000001688,SA_0000001688,EE6F72A,SA_0000001688,2019,YEAR,064,COUNTRY,PUBLISHED,Alcohol consumption (age 15+),Bhutan,TOTAL,,,
EE6F72ASA_0000001688,SA_0000001688,EE6F72A,SA_0000001688,2019,YEAR,090,COUNTRY,PUBLISHED,Alcohol consumption (age 15+),Solomon Islands,TOTAL,,,
EE6F72ASA_0000001688,SA_0000001688,EE6F72A,SA_0000001688,2019,YEAR,096,COUNTRY,PUBLISHED,Alcohol consumption (age 15+),Brunei Darussalam,TOTAL,,,
EE6F72ASA_0000001688,SA_0000001688,EE6F72A,SA_0000001688,2019,YEAR,100,COUNTRY,PUBLISHED,Alcohol consumption (age 15+),Bulgaria,TOTAL,,,
EE6F72ASA_0000001688,SA_0000001688,EE6F72A,SA_0000001688,2019,YEAR,104,COUNTRY,PUBLISHED,Alcohol consumption (age 15+),Myanmar,TOTAL,,,
EE6F72ASA_0000001688,SA_0000001688,EE6F72A,SA_0000001688,2019,YEAR,068,COUNTRY,PUBLISHED,Alcohol consumption (age 15+),Bolivia (Plurinational State of),TOTAL,,,
EE6F72ASA_0000001688,SA_0000001688,EE6F72A,SA_0000001688,2019,YEAR,070,COUNTRY,PUBLISHED,Alcohol consumption (age 15+),Bosnia and Herzegovina,TOTAL,,,
EE6F72ASA_0000001688,SA_0000001688,EE6F72A,SA_0000001688,2019,YEAR,072,COUNTRY,PUBLISHED,Alcohol consumption (age 15+),Botswana,TOTAL,,,
EE6F72ASA_0000001688,SA_0000001688,EE6F72A,SA_0000001688,2019,YEAR,076,COUNTRY,PUBLISHED,Alcohol consumption (age 15+),Brazil,TOTAL,,,
EE6F72ASA_0000001688,SA_0000001688,EE6F72A,SA_0000001688,2019,YEAR,084,COUNTRY,PUBLISHED,Alcohol consumption (age 15+),Belize,TOTAL,,,
EE6F72ASA_0000001688,SA_0000001688,EE6F72A,SA_0000001688,2019,YEAR,061,REGION,PUBLISHED,Alcohol consumption (age 15+),Polynesia,TOTAL,,,
EE6F72ASA_0000001688,SA_0000001688,EE6F72A,SA_0000001688,2019,YEAR,062,REGION,PUBLISHED,Alcohol consumption (age 15+),Central and Southern Asia,TOTAL,,,
EE6F72ASA_0000001688,SA_0000001688,EE6F72A,SA_0000001688,2019,YEAR,108,COUNTRY,PUBLISHED,Alcohol consumption (age 15+),Burundi,TOTAL,,,
EE6F72ASA_0000001688,SA_0000001688,EE6F72A,SA_0000001688,2019,YEAR,112,COUNTRY,PUBLISHED,Alcohol consumption (age 15+),Belarus,TOTAL,,,
EE6F72ASA_0000001688,SA_0000001688,EE6F72A,SA_0000001688,2019,YEAR,116,COUNTRY,PUBLISHED,Alcohol consumption (age 15+),Cambodia,TOTAL,,,
EE6F72ASA_0000001688,SA_0000001688,EE6F72A,SA_0000001688,2019,YEAR,120,COUNTRY,PUBLISHED,Alcohol consumption (age 15+),Cameroon,TOTAL,,,
EE6F72ASA_0000001688,SA_0000001688,EE6F72A,SA_0000001688,2019,YEAR,124,COUNTRY,PUBLISHED,Alcohol consumption (age 15+),Canada,TOTAL,,,
EE6F72ASA_0000001688,SA_0000001688,EE6F72A,SA_0000001688,2019,YEAR,132,COUNTRY,PUBLISHED,Alcohol consumption (age 15+),Cabo Verde,TOTAL,,,
EE6F72ASA_0000001688,SA_0000001688,EE6F72A,SA_0000001688,2019,YEAR,143,REGION,PUBLISHED,Alcohol consumption (age 15+),Central Asia,TOTAL,,,
EE6F72ASA_0000001688,SA_0000001688,EE6F72A,SA_0000001688,2019,YEAR,152,COUNTRY,PUBLISHED,Alcohol consumption (age 15+),Chile,TOTAL,,,
EE6F72ASA_0000001688,SA_0000001688,EE6F72A,SA_0000001688,2019,YEAR,154,REGION,PUBLISHED,Alcohol consumption (age 15+),Northern Europe,TOTAL,,,
EE6F72ASA_0000001688,SA_0000001688,EE6F72A,SA_0000001688,2019,YEAR,155,REGION,PUBLISHED,Alcohol consumption (age 15+),Western Europe,TOTAL,,,
EE6F72ASA_0000001688,SA_0000001688,EE6F72A,SA_0000001688,2019,YEAR,156,COUNTRY,PUBLISHED,Alcohol consumption (age 15+),China,TOTAL,,,
EE6F72ASA_0000001688,SA_0000001688,EE6F72A,SA_0000001688,2019,YEAR,144,COUNTRY,PUBLISHED,Alcohol consumption (age 15+),Sri Lanka,TOTAL,,,
EE6F72ASA_0000001688,SA_0000001688,EE6F72A,SA_0000001688,2019,YEAR,145,REGION,PUBLISHED,Alcohol consumption (age 15+),Western Asia,TOTAL,,,
EE6F72ASA_0000001688,SA_0000001688,EE6F72A,SA_0000001688,2019,YEAR,148,COUNTRY,PUBLISHED,Alcohol consumption (age 15+),Chad,TOTAL,,,
EE6F72ASA_0000001688,SA_0000001688,EE6F72A,SA_0000001688,2019,YEAR,150,REGION,PUBLISHED,Alcohol consumption (age 15+),Europe,TOTAL,,,
EE6F72ASA_0000001688,SA_0000001688,EE6F72A,SA_0000001688,2019,YEAR,151,REGION,PUBLISHED,Alcohol consumption (age 15+),Eastern Europe,TOTAL,,,
EE6F72ASA_0000001688,SA_0000001688,EE6F72A,SA_0000001688,2019,YEAR,140,COUNTRY,PUBLISHED,Alcohol consumption (age 15+),Central African Republic,TOTAL,,,
EE6F72ASA_0000001688,SA_0000001688,EE6F72A,SA_0000001688,2019,YEAR,142,REGION,PUBLISHED,Alcohol consumption (age 15+),Asia,TOTAL,,,
EE6F72ASA_0000001688,SA_0000001688,EE6F72A,SA_0000001688,2019,YEAR,170,COUNTRY,PUBLISHED,Alcohol consumption (age 15+),Colombia,TOTAL,,,
EE6F72ASA_0000001688,SA_0000001688,EE6F72A,SA_0000001688,2019,YEAR,174,COUNTRY,PUBLISHED,Alcohol consumption (age 15+),Comoros,TOTAL,,,
EE6F72ASA_0000001688,SA_0000001688,EE6F72A,SA_0000001688,2019,YEAR,178,COUNTRY,PUBLISHED,Alcohol consumption (age 15+),Congo,TOTAL,,,
EE6F72ASA_0000001688,SA_0000001688,EE6F72A,SA_0000001688,2019,YEAR,180,COUNTRY,PUBLISHED,Alcohol consumption (age 15+),Democratic Republic of the Congo,TOTAL,,,
EE6F72ASA_0000001688,SA_0000001688,EE6F72A,SA_0000001688,2019,YEAR,188,COUNTRY,PUBLISHED,Alcohol consumption (age 15+),Costa Rica,TOTAL,,,
EE6F72ASA_0000001688,SA_0000001688,EE6F72A,SA_0000001688,2019,YEAR,191,COUNTRY,PUBLISHED,Alcohol consumption (age 15+),Croatia,TOTAL,,,
EE6F72ASA_0000001688,SA_0000001688,EE6F72A,SA_0000001688,2019,YEAR,199,CLASSIFICATION,PUBLISHED,Alcohol consumption (age 15+),Least developed countries,TOTAL,,,
EE6F72ASA_0000001688,SA_0000001688,EE6F72A,SA_0000001688,2019,YEAR,202,REGION,PUBLISHED,Alcohol consumption (age 15+),Sub-Saharan Africa,TOTAL,,,
EE6F72ASA_0000001688,SA_0000001688,EE6F72A,SA_0000001688,2019,YEAR,203,COUNTRY,PUBLISHED,Alcohol consumption (age 15+),Czechia,TOTAL,,,
EE6F72ASA_0000001688,SA_0000001688,EE6F72A,SA_0000001688,2019,YEAR,204,COUNTRY,PUBLISHED,Alcohol consumption (age 15+),Benin,TOTAL,,,
EE6F72ASA_0000001688,SA_0000001688,EE6F72A,SA_0000001688,2019,YEAR,192,COUNTRY,PUBLISHED,Alcohol consumption (age 15+),Cuba,TOTAL,,,
EE6F72ASA_0000001688,SA_0000001688,EE6F72A,SA_0000001688,2019,YEAR,196,COUNTRY,PUBLISHED,Alcohol consumption (age 15+),Cyprus,TOTAL,,,
EE6F72ASA_0000001688,SA_0000001688,EE6F72A,SA_0000001688,2019,YEAR,214,COUNTRY,PUBLISHED,Alcohol consumption (age 15+),Dominican Republic,TOTAL,,,
EE6F72ASA_0000001688,SA_0000001688,EE6F72A,SA_0000001688,2019,YEAR,233,COUNTRY,PUBLISHED,Alcohol consumption (age 15+),Estonia,TOTAL,,,
EE6F72ASA_0000001688,SA_0000001688,EE6F72A,SA_0000001688,2019,YEAR,242,COUNTRY,PUBLISHED,Alcohol consumption (age 15+),Fiji,TOTAL,,,
EE6F72ASA_0000001688,SA_0000001688,EE6F72A,SA_0000001688,2019,YEAR,246,COUNTRY,PUBLISHED,Alcohol consumption (age 15+),Finland,TOTAL,,,
EE6F72ASA_0000001688,SA_0000001688,EE6F72A,SA_0000001688,2019,YEAR,250,COUNTRY,PUBLISHED,Alcohol consumption (age 15+),France,TOTAL,,,
EE6F72ASA_0000001688,SA_0000001688,EE6F72A,SA_0000001688,2019,YEAR,218,COUNTRY,PUBLISHED,Alcohol consumption (age 15+),Ecuador,TOTAL,,,
EE6F72ASA_0000001688,SA_0000001688,EE6F72A,SA_0000001688,2019,YEAR,222,COUNTRY,PUBLISHED,Alcohol consumption (age 15+),El Salvador,TOTAL,,,
EE6F72ASA_0000001688,SA_0000001688,EE6F72A,SA_0000001688,2019,YEAR,226,COUNTRY,PUBLISHED,Alcohol consumption (age 15+),Equatorial Guinea,TOTAL,,,
EE6F72ASA_0000001688,SA_0000001688,EE6F72A,SA_0000001688,2019,YEAR,208,COUNTRY,PUBLISHED,Alcohol consumption (age 15+),Denmark,TOTAL,,,
EE6F72ASA_0000001688,SA_0000001688,EE6F72A,SA_0000001688,2019,YEAR,212,COUNTRY,PUBLISHED,Alcohol consumption (age 15+),Dominica,TOTAL,,,
EE6F72ASA_0000001688,SA_0000001688,EE6F72A,SA_0000001688,2019,YEAR,231,COUNTRY,PUBLISHED,Alcohol consumption (age 15+),Ethiopia,TOTAL,,,
EE6F72ASA_0000001688,SA_0000001688,EE6F72A,SA_0000001688,2019,YEAR,232,COUNTRY,PUBLISHED,Alcohol consumption (age 15+),Eritrea,TOTAL,,,
EE6F72ASA_0000001688,SA_0000001688,EE6F72A,SA_0000001688,2019,YEAR,262,COUNTRY,PUBLISHED,Alcohol consumption (age 15+),Djibouti,TOTAL,,,
EE6F72ASA_0000001688,SA_0000001688,EE6F72A,SA_0000001688,2019,YEAR,266,COUNTRY,PUBLISHED,Alcohol consumption (age 15+),Gabon,TOTAL,,,
EE6F72ASA_0000001688,SA_0000001688,EE6F72A,SA_0000001688,2019,YEAR,268,COUNTRY,PUBLISHED,Alcohol consumption (age 15+),Georgia,TOTAL,,,
EE6F72ASA_0000001688,SA_0000001688,EE6F72A,SA_0000001688,2019,YEAR,270,COUNTRY,PUBLISHED,Alcohol consumption (age 15+),Gambia,TOTAL,,,
EE6F72ASA_0000001688,SA_0000001688,EE6F72A,SA_0000001688,2019,YEAR,276,COUNTRY,PUBLISHED,Alcohol consumption (age 15+),Germany,TOTAL,,,
EE6F72ASA_0000001688,SA_0000001688,EE6F72A,SA_0000001688,2019,YEAR,288,COUNTRY,PUBLISHED,Alcohol consumption (age 15+),Ghana,TOTAL,,,
EE6F72ASA_0000001688,SA_0000001688,EE6F72A,SA_0000001688,2022,YEAR,014,REGION,PUBLISHED,Alcohol consumption (age 15+),Eastern Africa,TOTAL,,,
EE6F72ASA_0000001688,SA_0000001688,EE6F72A,SA_0000001688,2022,YEAR,015,REGION,PUBLISHED,Alcohol consumption (age 15+),Northern Africa,TOTAL,,,
EE6F72ASA_0000001688,SA_0000001688,EE6F72A,SA_0000001688,2022,YEAR,017,REGION,PUBLISHED,Alcohol consumption (age 15+),Middle Africa,TOTAL,,,
EE6F72ASA_0000001688,SA_0000001688,EE6F72A,SA_0000001688,2022,YEAR,018,REGION,PUBLISHED,Alcohol consumption (age 15+),Southern Africa,TOTAL,,,
EE6F72ASA_0000001688,SA_0000001688,EE6F72A,SA_0000001688,2022,YEAR,012,COUNTRY,PUBLISHED,Alcohol consumption (age 15+),Algeria,TOTAL,,,
EE6F72ASA_0000001688,SA_0000001688,EE6F72A,SA_0000001688,2022,YEAR,013,REGION,PUBLISHED,Alcohol consumption (age 15+),Central America,TOTAL,,,
EE6F72ASA_0000001688,SA_0000001688,EE6F72A,SA_0000001688,2022,YEAR,021,REGION,PUBLISHED,Alcohol consumption (age 15+),Northern America,TOTAL,,,
EE6F72ASA_0000001688,SA_0000001688,EE6F72A,SA_0000001688,2022,YEAR,024,COUNTRY,PUBLISHED,Alcohol consumption (age 15+),Angola,TOTAL,,,
EE6F72ASA_0000001688,SA_0000001688,EE6F72A,SA_0000001688,2022,YEAR,028,COUNTRY,PUBLISHED,Alcohol consumption (age 15+),Antigua and Barbuda,TOTAL,,,
EE6F72ASA_0000001688,SA_0000001688,EE6F72A,SA_0000001688,2022,YEAR,029,REGION,PUBLISHED,Alcohol consumption (age 15+),Caribbean,TOTAL,,,
EE6F72ASA_0000001688,SA_0000001688,EE6F72A,SA_0000001688,2022,YEAR,019,REGION,PUBLISHED,Alcohol consumption (age 15+),Americas,TOTAL,,,
EE6F72ASA_0000001688,SA_0000001688,EE6F72A,SA_0000001688,2022,YEAR,020,COUNTRY,PUBLISHED,Alcohol consumption (age 15+),Andorra,TOTAL,,,
EE6F72ASA_0000001688,SA_0000001688,EE6F72A,SA_0000001688,2022,YEAR,032,COUNTRY,PUBLISHED,Alcohol consumption (age 15+),Argentina,TOTAL,,,
EE6F72ASA_0000001688,SA_0000001688,EE6F72A,SA_0000001688,2022,YEAR,034,REGION,PUBLISHED,Alcohol consumption (age 15+),Southern Asia,TOTAL,,,
EE6F72ASA_0000001688,SA_0000001688,EE6F72A,SA_0000001688,2022,YEAR,035,REGION,PUBLISHED,Alcohol consumption (age 15+),South-eastern Asia,TOTAL,,,
EE6F72ASA_0000001688,SA_0000001688,EE6F72A,SA_0000001688,2022,YEAR,036,COUNTRY,PUBLISHED,Alcohol consumption (age 15+),Australia,TOTAL,,,
EE6F72ASA_0000001688,SA_0000001688,EE6F72A,SA_0000001688,2022,YEAR,030,REGION,PUBLISHED,Alcohol consumption (age 15+),Eastern Asia,TOTAL,,,
EE6F72ASA_0000001688,SA_0000001688,EE6F72A,SA_0000001688,2022,YEAR,031,COUNTRY,PUBLISHED,Alcohol consumption (age 15+),Azerbaijan,TOTAL,,,
EE6F72ASA_0000001688,SA_0000001688,EE6F72A,SA_0000001688,2022,YEAR,044,COUNTRY,PUBLISHED,Alcohol consumption (age 15+),Bahamas,TOTAL,,,
EE6F72ASA_0000001688,SA_0000001688,EE6F72A,SA_0000001688,2022,YEAR,048,COUNTRY,PUBLISHED,Alcohol consumption (age 15+),Bahrain,TOTAL,,,
EE6F72ASA_0000001688,SA_0000001688,EE6F72A,SA_0000001688,2022,YEAR,050,COUNTRY,PUBLISHED,Alcohol consumption (age 15+),Bangladesh,TOTAL,,,
EE6F72ASA_0000001688,SA_0000001688,EE6F72A,SA_0000001688,2022,YEAR,051,COUNTRY,PUBLISHED,Alcohol consumption (age 15+),Armenia,TOTAL,,,
EE6F72ASA_0000001688,SA_0000001688,EE6F72A,SA_0000001688,2022,YEAR,039,REGION,PUBLISHED,Alcohol consumption (age 15+),Southern Europe,TOTAL,,,
EE6F72ASA_0000001688,SA_0000001688,EE6F72A,SA_0000001688,2022,YEAR,040,COUNTRY,PUBLISHED,Alcohol consumption (age 15+),Austria,TOTAL,,,
EE6F72ASA_0000001688,SA_0000001688,EE6F72A,SA_0000001688,2022,YEAR,054,REGION,PUBLISHED,Alcohol consumption (age 15+),Melanesia,TOTAL,,,
EE6F72ASA_0000001688,SA_0000001688,EE6F72A,SA_0000001688,2022,YEAR,056,COUNTRY,PUBLISHED,Alcohol consumption (age 15+),Belgium,TOTAL,,,
EE6F72ASA_0000001688,SA_0000001688,EE6F72A,SA_0000001688,2022,YEAR,057,REGION,PUBLISHED,Alcohol consumption (age 15+),Micronesia,TOTAL,,,
EE6F72ASA_0000001688,SA_0000001688,EE6F72A,SA_0000001688,2022,YEAR,061,REGION,PUBLISHED,Alcohol consumption (age 15+),Polynesia,TOTAL,,,
EE6F72ASA_0000001688,SA_0000001688,EE6F72A,SA_0000001688,2022,YEAR,052,COUNTRY,PUBLISHED,Alcohol consumption (age 15+),Barbados,TOTAL,,,
EE6F72ASA_0000001688,SA_0000001688,EE6F72A,SA_0000001688,2022,YEAR,053,REGION,PUBLISHED,Alcohol consumption (age 15+),Australia and New Zealand,TOTAL,,,
EE6F72ASA_0000001688,SA_0000001688,EE6F72A,SA_0000001688,2022,YEAR,068,COUNTRY,PUBLISHED,Alcohol consumption (age 15+),Bolivia (Plurinational State of),TOTAL,,,
EE6F72ASA_0000001688,SA_0000001688,EE6F72A,SA_0000001688,2022,YEAR,070,COUNTRY,PUBLISHED,Alcohol consumption (age 15+),Bosnia and Herzegovina,TOTAL,,,
EE6F72ASA_0000001688,SA_0000001688,EE6F72A,SA_0000001688,2022,YEAR,072,COUNTRY,PUBLISHED,Alcohol consumption (age 15+),Botswana,TOTAL,,,
EE6F72ASA_0000001688,SA_0000001688,EE6F72A,SA_0000001688,2022,YEAR,076,COUNTRY,PUBLISHED,Alcohol consumption (age 15+),Brazil,TOTAL,,,
EE6F72ASA_0000001688,SA_0000001688,EE6F72A,SA_0000001688,2022,YEAR,062,REGION,PUBLISHED,Alcohol consumption (age 15+),Central and Southern Asia,TOTAL,,,
EE6F72ASA_0000001688,SA_0000001688,EE6F72A,SA_0000001688,2022,YEAR,064,COUNTRY,PUBLISHED,Alcohol consumption (age 15+),Bhutan,TOTAL,,,
EE6F72ASA_0000001688,SA_0000001688,EE6F72A,SA_0000001688,2022,YEAR,096,COUNTRY,PUBLISHED,Alcohol consumption (age 15+),Brunei Darussalam,TOTAL,,,
EE6F72ASA_0000001688,SA_0000001688,EE6F72A,SA_0000001688,2022,YEAR,100,COUNTRY,PUBLISHED,Alcohol consumption (age 15+),Bulgaria,TOTAL,,,
EE6F72ASA_0000001688,SA_0000001688,EE6F72A,SA_0000001688,2022,YEAR,104,COUNTRY,PUBLISHED,Alcohol consumption (age 15+),Myanmar,TOTAL,,,
EE6F72ASA_0000001688,SA_0000001688,EE6F72A,SA_0000001688,2022,YEAR,108,COUNTRY,PUBLISHED,Alcohol consumption (age 15+),Burundi,TOTAL,,,
EE6F72ASA_0000001688,SA_0000001688,EE6F72A,SA_0000001688,2022,YEAR,084,COUNTRY,PUBLISHED,Alcohol consumption (age 15+),Belize,TOTAL,,,
EE6F72ASA_0000001688,SA_0000001688,EE6F72A,SA_0000001688,2022,YEAR,090,COUNTRY,PUBLISHED,Alcohol consumption (age 15+),Solomon Islands,TOTAL,,,
EE6F72ASA_0000001688,SA_0000001688,EE6F72A,SA_0000001688,2022,YEAR,120,COUNTRY,PUBLISHED,Alcohol consumption (age 15+),Cameroon,TOTAL,,,
EE6F72ASA_0000001688,SA_0000001688,EE6F72A,SA_0000001688,2022,YEAR,124,COUNTRY,PUBLISHED,Alcohol consumption (age 15+),Canada,TOTAL,,,
EE6F72ASA_0000001688,SA_0000001688,EE6F72A,SA_0000001688,2022,YEAR,132,COUNTRY,PUBLISHED,Alcohol consumption (age 15+),Cabo Verde,TOTAL,,,
EE6F72ASA_0000001688,SA_0000001688,EE6F72A,SA_0000001688,2022,YEAR,140,COUNTRY,PUBLISHED,Alcohol consumption (age 15+),Central African Republic,TOTAL,,,
EE6F72ASA_0000001688,SA_0000001688,EE6F72A,SA_0000001688,2022,YEAR,112,COUNTRY,PUBLISHED,Alcohol consumption (age 15+),Belarus,TOTAL,,,
EE6F72ASA_0000001688,SA_0000001688,EE6F72A,SA_0000001688,2022,YEAR,116,COUNTRY,PUBLISHED,Alcohol consumption (age 15+),Cambodia,TOTAL,,,
EE6F72ASA_0000001688,SA_0000001688,EE6F72A,SA_0000001688,2022,YEAR,144,COUNTRY,PUBLISHED,Alcohol consumption (age 15+),Sri Lanka,TOTAL,,,
EE6F72ASA_0000001688,SA_0000001688,EE6F72A,SA_0000001688,2022,YEAR,145,REGION,PUBLISHED,Alcohol consumption (age 15+),Western Asia,TOTAL,,,
EE6F72ASA_0000001688,SA_0000001688,EE6F72A,SA_0000001688,2022,YEAR,148,COUNTRY,PUBLISHED,Alcohol consumption (age 15+),Chad,TOTAL,,,
EE6F72ASA_0000001688,SA_0000001688,EE6F72A,SA_0000001688,2022,YEAR,150,REGION,PUBLISHED,Alcohol consumption (age 15+),Europe,TOTAL,,,
EE6F72ASA_0000001688,SA_0000001688,EE6F72A,SA_0000001688,2022,YEAR,142,REGION,PUBLISHED,Alcohol consumption (age 15+),Asia,TOTAL,,,
EE6F72ASA_0000001688,SA_0000001688,EE6F72A,SA_0000001688,2022,YEAR,143,REGION,PUBLISHED,Alcohol consumption (age 15+),Central Asia,TOTAL,,,
EE6F72ASA_0000001688,SA_0000001688,EE6F72A,SA_0000001688,2022,YEAR,154,REGION,PUBLISHED,Alcohol consumption (age 15+),Northern Europe,TOTAL,,,
EE6F72ASA_0000001688,SA_0000001688,EE6F72A,SA_0000001688,2022,YEAR,155,REGION,PUBLISHED,Alcohol consumption (age 15+),Western Europe,TOTAL,,,
EE6F72ASA_0000001688,SA_0000001688,EE6F72A,SA_0000001688,2022,YEAR,156,COUNTRY,PUBLISHED,Alcohol consumption (age 15+),China,TOTAL,,,
EE6F72ASA_0000001688,SA_0000001688,EE6F72A,SA_0000001688,2022,YEAR,170,COUNTRY,PUBLISHED,Alcohol consumption (age 15+),Colombia,TOTAL,,,
EE6F72ASA_0000001688,SA_0000001688,EE6F72A,SA_0000001688,2022,YEAR,151,REGION,PUBLISHED,Alcohol consumption (age 15+),Eastern Europe,TOTAL,,,
EE6F72ASA_0000001688,SA_0000001688,EE6F72A,SA_0000001688,2022,YEAR,152,COUNTRY,PUBLISHED,Alcohol consumption (age 15+),Chile,TOTAL,,,
EE6F72ASA_0000001688,SA_0000001688,EE6F72A,SA_0000001688,2022,YEAR,180,COUNTRY,PUBLISHED,Alcohol consumption (age 15+),Democratic Republic of the Congo,TOTAL,,,
EE6F72ASA_0000001688,SA_0000001688,EE6F72A,SA_0000001688,2022,YEAR,188,COUNTRY,PUBLISHED,Alcohol consumption (age 15+),Costa Rica,TOTAL,,,
EE6F72ASA_0000001688,SA_0000001688,EE6F72A,SA_0000001688,2022,YEAR,191,COUNTRY,PUBLISHED,Alcohol consumption (age 15+),Croatia,TOTAL,,,
EE6F72ASA_0000001688,SA_0000001688,EE6F72A,SA_0000001688,2022,YEAR,192,COUNTRY,PUBLISHED,Alcohol consumption (age 15+),Cuba,TOTAL,,,
EE6F72ASA_0000001688,SA_0000001688,EE6F72A,SA_0000001688,2022,YEAR,174,COUNTRY,PUBLISHED,Alcohol consumption (age 15+),Comoros,TOTAL,,,
EE6F72ASA_0000001688,SA_0000001688,EE6F72A,SA_0000001688,2022,YEAR,178,COUNTRY,PUBLISHED,Alcohol consumption (age 15+),Congo,TOTAL,,,
EE6F72ASA_0000001688,SA_0000001688,EE6F72A,SA_0000001688,2022,YEAR,202,REGION,PUBLISHED,Alcohol consumption (age 15+),Sub-Saharan Africa,TOTAL,,,
EE6F72ASA_0000001688,SA_0000001688,EE6F72A,SA_0000001688,2022,YEAR,203,COUNTRY,PUBLISHED,Alcohol consumption (age 15+),Czechia,TOTAL,,,
EE6F72ASA_0000001688,SA_0000001688,EE6F72A,SA_0000001688,2022,YEAR,204,COUNTRY,PUBLISHED,Alcohol consumption (age 15+),Benin,TOTAL,,,
EE6F72ASA_0000001688,SA_0000001688,EE6F72A,SA_0000001688,2022,YEAR,208,COUNTRY,PUBLISHED,Alcohol consumption (age 15+),Denmark,TOTAL,,,
EE6F72ASA_0000001688,SA_0000001688,EE6F72A,SA_0000001688,2022,YEAR,196,COUNTRY,PUBLISHED,Alcohol consumption (age 15+),Cyprus,TOTAL,,,
EE6F72ASA_0000001688,SA_0000001688,EE6F72A,SA_0000001688,2022,YEAR,199,CLASSIFICATION,PUBLISHED,Alcohol consumption (age 15+),Least developed countries,TOTAL,,,
EE6F72ASA_0000001688,SA_0000001688,EE6F72A,SA_0000001688,2022,YEAR,218,COUNTRY,PUBLISHED,Alcohol consumption (age 15+),Ecuador,TOTAL,,,
EE6F72ASA_0000001688,SA_0000001688,EE6F72A,SA_0000001688,2022,YEAR,222,COUNTRY,PUBLISHED,Alcohol consumption (age 15+),El Salvador,TOTAL,,,
EE6F72ASA_0000001688,SA_0000001688,EE6F72A,SA_0000001688,2022,YEAR,226,COUNTRY,PUBLISHED,Alcohol consumption (age 15+),Equatorial Guinea,TOTAL,,,
EE6F72ASA_0000001688,SA_0000001688,EE6F72A,SA_0000001688,2022,YEAR,231,COUNTRY,PUBLISHED,Alcohol consumption (age 15+),Ethiopia,TOTAL,,,
EE6F72ASA_0000001688,SA_0000001688,EE6F72A,SA_0000001688,2022,YEAR,212,COUNTRY,PUBLISHED,Alcohol consumption (age 15+),Dominica,TOTAL,,,
EE6F72ASA_0000001688,SA_0000001688,EE6F72A,SA_0000001688,2022,YEAR,214,COUNTRY,PUBLISHED,Alcohol consumption (age 15+),Dominican Republic,TOTAL,,,
EE6F72ASA_0000001688,SA_0000001688,EE6F72A,SA_0000001688,2022,YEAR,242,COUNTRY,PUBLISHED,Alcohol consumption (age 15+),Fiji,TOTAL,,,
EE6F72ASA_0000001688,SA_0000001688,EE6F72A,SA_0000001688,2022,YEAR,270,COUNTRY,PUBLISHED,Alcohol consumption (age 15+),Gambia,TOTAL,,,
EE6F72ASA_0000001688,SA_0000001688,EE6F72A,SA_0000001688,2022,YEAR,276,COUNTRY,PUBLISHED,Alcohol consumption (age 15+),Germany,TOTAL,,,
EE6F72ASA_0000001688,SA_0000001688,EE6F72A,SA_0000001688,2013,YEAR,015,REGION,PUBLISHED,Alcohol consumption (age 15+),Northern Africa,TOTAL,,,
EE6F72ASA_0000001688,SA_0000001688,EE6F72A,SA_0000001688,2013,YEAR,017,REGION,PUBLISHED,Alcohol consumption (age 15+),Middle Africa,TOTAL,,,
EE6F72ASA_0000001688,SA_0000001688,EE6F72A,SA_0000001688,2022,YEAR,246,COUNTRY,PUBLISHED,Alcohol consumption (age 15+),Finland,TOTAL,,,
EE6F72ASA_0000001688,SA_0000001688,EE6F72A,SA_0000001688,2022,YEAR,250,COUNTRY,PUBLISHED,Alcohol consumption (age 15+),France,TOTAL,,,
EE6F72ASA_0000001688,SA_0000001688,EE6F72A,SA_0000001688,2022,YEAR,262,COUNTRY,PUBLISHED,Alcohol consumption (age 15+),Djibouti,TOTAL,,,
EE6F72ASA_0000001688,SA_0000001688,EE6F72A,SA_0000001688,2022,YEAR,232,COUNTRY,PUBLISHED,Alcohol consumption (age 15+),Eritrea,TOTAL,,,
EE6F72ASA_0000001688,SA_0000001688,EE6F72A,SA_0000001688,2022,YEAR,233,COUNTRY,PUBLISHED,Alcohol consumption (age 15+),Estonia,TOTAL,,,
EE6F72ASA_0000001688,SA_0000001688,EE6F72A,SA_0000001688,2022,YEAR,266,COUNTRY,PUBLISHED,Alcohol consumption (age 15+),Gabon,TOTAL,,,
EE6F72ASA_0000001688,SA_0000001688,EE6F72A,SA_0000001688,2022,YEAR,268,COUNTRY,PUBLISHED,Alcohol consumption (age 15+),Georgia,TOTAL,,,
EE6F72ASA_0000001688,SA_0000001688,EE6F72A,SA_0000001688,2013,YEAR,018,REGION,PUBLISHED,Alcohol consumption (age 15+),Southern Africa,TOTAL,,,
EE6F72ASA_0000001688,SA_0000001688,EE6F72A,SA_0000001688,2013,YEAR,031,COUNTRY,PUBLISHED,Alcohol consumption (age 15+),Azerbaijan,TOTAL,,,
EE6F72ASA_0000001688,SA_0000001688,EE6F72A,SA_0000001688,2013,YEAR,032,COUNTRY,PUBLISHED,Alcohol consumption (age 15+),Argentina,TOTAL,,,
EE6F72ASA_0000001688,SA_0000001688,EE6F72A,SA_0000001688,2013,YEAR,034,REGION,PUBLISHED,Alcohol consumption (age 15+),Southern Asia,TOTAL,,,
EE6F72ASA_0000001688,SA_0000001688,EE6F72A,SA_0000001688,2013,YEAR,035,REGION,PUBLISHED,Alcohol consumption (age 15+),South-eastern Asia,TOTAL,,,
EE6F72ASA_0000001688,SA_0000001688,EE6F72A,SA_0000001688,2013,YEAR,019,REGION,PUBLISHED,Alcohol consumption (age 15+),Americas,TOTAL,,,
EE6F72ASA_0000001688,SA_0000001688,EE6F72A,SA_0000001688,2013,YEAR,020,COUNTRY,PUBLISHED,Alcohol consumption (age 15+),Andorra,TOTAL,,,
EE6F72ASA_0000001688,SA_0000001688,EE6F72A,SA_0000001688,2013,YEAR,021,REGION,PUBLISHED,Alcohol consumption (age 15+),Northern America,TOTAL,,,
EE6F72ASA_0000001688,SA_0000001688,EE6F72A,SA_0000001688,2013,YEAR,024,COUNTRY,PUBLISHED,Alcohol consumption (age 15+),Angola,TOTAL,,,
EE6F72ASA_0000001688,SA_0000001688,EE6F72A,SA_0000001688,2013,YEAR,028,COUNTRY,PUBLISHED,Alcohol consumption (age 15+),Antigua and Barbuda,TOTAL,,,
EE6F72ASA_0000001688,SA_0000001688,EE6F72A,SA_0000001688,2013,YEAR,029,REGION,PUBLISHED,Alcohol consumption (age 15+),Caribbean,TOTAL,,,
EE6F72ASA_0000001688,SA_0000001688,EE6F72A,SA_0000001688,2013,YEAR,030,REGION,PUBLISHED,Alcohol consumption (age 15+),Eastern Asia,TOTAL,,,
EE6F72ASA_0000001688,SA_0000001688,EE6F72A,SA_0000001688,2013,YEAR,036,COUNTRY,PUBLISHED,Alcohol consumption (age 15+),Australia,TOTAL,,,
EE6F72ASA_0000001688,SA_0000001688,EE6F72A,SA_0000001688,2013,YEAR,039,REGION,PUBLISHED,Alcohol consumption (age 15+),Southern Europe,TOTAL,,,
EE6F72ASA_0000001688,SA_0000001688,EE6F72A,SA_0000001688,2013,YEAR,040,COUNTRY,PUBLISHED,Alcohol consumption (age 15+),Austria,TOTAL,,,
EE6F72ASA_0000001688,SA_0000001688,EE6F72A,SA_0000001688,2013,YEAR,044,COUNTRY,PUBLISHED,Alcohol consumption (age 15+),Bahamas,TOTAL,,,
EE6F72ASA_0000001688,SA_0000001688,EE6F72A,SA_0000001688,2013,YEAR,048,COUNTRY,PUBLISHED,Alcohol consumption (age 15+),Bahrain,TOTAL,,,
EE6F72ASA_0000001688,SA_0000001688,EE6F72A,SA_0000001688,2013,YEAR,050,COUNTRY,PUBLISHED,Alcohol consumption (age 15+),Bangladesh,TOTAL,,,
EE6F72ASA_0000001688,SA_0000001688,EE6F72A,SA_0000001688,2013,YEAR,053,REGION,PUBLISHED,Alcohol consumption (age 15+),Australia and New Zealand,TOTAL,,,
EE6F72ASA_0000001688,SA_0000001688,EE6F72A,SA_0000001688,2013,YEAR,054,REGION,PUBLISHED,Alcohol consumption (age 15+),Melanesia,TOTAL,,,
EE6F72ASA_0000001688,SA_0000001688,EE6F72A,SA_0000001688,2013,YEAR,056,COUNTRY,PUBLISHED,Alcohol consumption (age 15+),Belgium,TOTAL,,,
EE6F72ASA_0000001688,SA_0000001688,EE6F72A,SA_0000001688,2013,YEAR,057,REGION,PUBLISHED,Alcohol consumption (age 15+),Micronesia,TOTAL,,,
EE6F72ASA_0000001688,SA_0000001688,EE6F72A,SA_0000001688,2013,YEAR,051,COUNTRY,PUBLISHED,Alcohol consumption (age 15+),Armenia,TOTAL,,,
EE6F72ASA_0000001688,SA_0000001688,EE6F72A,SA_0000001688,2013,YEAR,052,COUNTRY,PUBLISHED,Alcohol consumption (age 15+),Barbados,TOTAL,,,
EE6F72ASA_0000001688,SA_0000001688,EE6F72A,SA_0000001688,2013,YEAR,064,COUNTRY,PUBLISHED,Alcohol consumption (age 15+),Bhutan,TOTAL,,,
EE6F72ASA_0000001688,SA_0000001688,EE6F72A,SA_0000001688,2013,YEAR,068,COUNTRY,PUBLISHED,Alcohol consumption (age 15+),Bolivia (Plurinational State of),TOTAL,,,
EE6F72ASA_0000001688,SA_0000001688,EE6F72A,SA_0000001688,2013,YEAR,070,COUNTRY,PUBLISHED,Alcohol consumption (age 15+),Bosnia and Herzegovina,TOTAL,,,
EE6F72ASA_0000001688,SA_0000001688,EE6F72A,SA_0000001688,2013,YEAR,100,COUNTRY,PUBLISHED,Alcohol consumption (age 15+),Bulgaria,TOTAL,,,
EE6F72ASA_0000001688,SA_0000001688,EE6F72A,SA_0000001688,2013,YEAR,104,COUNTRY,PUBLISHED,Alcohol consumption (age 15+),Myanmar,TOTAL,,,
EE6F72ASA_0000001688,SA_0000001688,EE6F72A,SA_0000001688,2013,YEAR,072,COUNTRY,PUBLISHED,Alcohol consumption (age 15+),Botswana,TOTAL,,,
EE6F72ASA_0000001688,SA_0000001688,EE6F72A,SA_0000001688,2013,YEAR,061,REGION,PUBLISHED,Alcohol consumption (age 15+),Polynesia,TOTAL,,,
EE6F72ASA_0000001688,SA_0000001688,EE6F72A,SA_0000001688,2013,YEAR,062,REGION,PUBLISHED,Alcohol consumption (age 15+),Central and Southern Asia,TOTAL,,,
EE6F72ASA_0000001688,SA_0000001688,EE6F72A,SA_0000001688,2013,YEAR,090,COUNTRY,PUBLISHED,Alcohol consumption (age 15+),Solomon Islands,TOTAL,,,
EE6F72ASA_0000001688,SA_0000001688,EE6F72A,SA_0000001688,2013,YEAR,096,COUNTRY,PUBLISHED,Alcohol consumption (age 15+),Brunei Darussalam,TOTAL,,,
EE6F72ASA_0000001688,SA_0000001688,EE6F72A,SA_0000001688,2013,YEAR,076,COUNTRY,PUBLISHED,Alcohol consumption (age 15+),Brazil,TOTAL,,,
EE6F72ASA_0000001688,SA_0000001688,EE6F72A,SA_0000001688,2013,YEAR,084,COUNTRY,PUBLISHED,Alcohol consumption (age 15+),Belize,TOTAL,,,
EE6F72ASA_0000001688,SA_0000001688,EE6F72A,SA_0000001688,2013,YEAR,124,COUNTRY,PUBLISHED,Alcohol consumption (age 15+),Canada,TOTAL,,,
EE6F72ASA_0000001688,SA_0000001688,EE6F72A,SA_0000001688,2013,YEAR,132,COUNTRY,PUBLISHED,Alcohol consumption (age 15+),Cabo Verde,TOTAL,,,
EE6F72ASA_0000001688,SA_0000001688,EE6F72A,SA_0000001688,2013,YEAR,108,COUNTRY,PUBLISHED,Alcohol consumption (age 15+),Burundi,TOTAL,,,
EE6F72ASA_0000001688,SA_0000001688,EE6F72A,SA_0000001688,2013,YEAR,112,COUNTRY,PUBLISHED,Alcohol consumption (age 15+),Belarus,TOTAL,,,
EE6F72ASA_0000001688,SA_0000001688,EE6F72A,SA_0000001688,2013,YEAR,116,COUNTRY,PUBLISHED,Alcohol consumption (age 15+),Cambodia,TOTAL,,,
EE6F72ASA_0000001688,SA_0000001688,EE6F72A,SA_0000001688,2013,YEAR,120,COUNTRY,PUBLISHED,Alcohol consumption (age 15+),Cameroon,TOTAL,,,
EE6F72ASA_0000001688,SA_0000001688,EE6F72A,SA_0000001688,2013,YEAR,143,REGION,PUBLISHED,Alcohol consumption (age 15+),Central Asia,TOTAL,,,
EE6F72ASA_0000001688,SA_0000001688,EE6F72A,SA_0000001688,2013,YEAR,144,COUNTRY,PUBLISHED,Alcohol consumption (age 15+),Sri Lanka,TOTAL,,,
EE6F72ASA_0000001688,SA_0000001688,EE6F72A,SA_0000001688,2013,YEAR,145,REGION,PUBLISHED,Alcohol consumption (age 15+),Western Asia,TOTAL,,,
EE6F72ASA_0000001688,SA_0000001688,EE6F72A,SA_0000001688,2013,YEAR,148,COUNTRY,PUBLISHED,Alcohol consumption (age 15+),Chad,TOTAL,,,
EE6F72ASA_0000001688,SA_0000001688,EE6F72A,SA_0000001688,2013,YEAR,140,COUNTRY,PUBLISHED,Alcohol consumption (age 15+),Central African Republic,TOTAL,,,
EE6F72ASA_0000001688,SA_0000001688,EE6F72A,SA_0000001688,2013,YEAR,142,REGION,PUBLISHED,Alcohol consumption (age 15+),Asia,TOTAL,,,
EE6F72ASA_0000001688,SA_0000001688,EE6F72A,SA_0000001688,2013,YEAR,152,COUNTRY,PUBLISHED,Alcohol consumption (age 15+),Chile,TOTAL,,,
EE6F72ASA_0000001688,SA_0000001688,EE6F72A,SA_0000001688,2013,YEAR,178,COUNTRY,PUBLISHED,Alcohol consumption (age 15+),Congo,TOTAL,,,
EE6F72ASA_0000001688,SA_0000001688,EE6F72A,SA_0000001688,2013,YEAR,180,COUNTRY,PUBLISHED,Alcohol consumption (age 15+),Democratic Republic of the Congo,TOTAL,,,
EE6F72ASA_0000001688,SA_0000001688,EE6F72A,SA_0000001688,2013,YEAR,188,COUNTRY,PUBLISHED,Alcohol consumption (age 15+),Costa Rica,TOTAL,,,
EE6F72ASA_0000001688,SA_0000001688,EE6F72A,SA_0000001688,2013,YEAR,191,COUNTRY,PUBLISHED,Alcohol consumption (age 15+),Croatia,TOTAL,,,
EE6F72ASA_0000001688,SA_0000001688,EE6F72A,SA_0000001688,2013,YEAR,154,REGION,PUBLISHED,Alcohol consumption (age 15+),Northern Europe,TOTAL,,,
EE6F72ASA_0000001688,SA_0000001688,EE6F72A,SA_0000001688,2013,YEAR,155,REGION,PUBLISHED,Alcohol consumption (age 15+),Western Europe,TOTAL,,,
EE6F72ASA_0000001688,SA_0000001688,EE6F72A,SA_0000001688,2013,YEAR,156,COUNTRY,PUBLISHED,Alcohol consumption (age 15+),China,TOTAL,,,
EE6F72ASA_0000001688,SA_0000001688,EE6F72A,SA_0000001688,2013,YEAR,150,REGION,PUBLISHED,Alcohol consumption (age 15+),Europe,TOTAL,,,
EE6F72ASA_0000001688,SA_0000001688,EE6F72A,SA_0000001688,2013,YEAR,151,REGION,PUBLISHED,Alcohol consumption (age 15+),Eastern Europe,TOTAL,,,
EE6F72ASA_0000001688,SA_0000001688,EE6F72A,SA_0000001688,2013,YEAR,170,COUNTRY,PUBLISHED,Alcohol consumption (age 15+),Colombia,TOTAL,,,
EE6F72ASA_0000001688,SA_0000001688,EE6F72A,SA_0000001688,2013,YEAR,174,COUNTRY,PUBLISHED,Alcohol consumption (age 15+),Comoros,TOTAL,,,
EE6F72ASA_0000001688,SA_0000001688,EE6F72A,SA_0000001688,2013,YEAR,192,COUNTRY,PUBLISHED,Alcohol consumption (age 15+),Cuba,TOTAL,,,
EE6F72ASA_0000001688,SA_0000001688,EE6F72A,SA_0000001688,2013,YEAR,196,COUNTRY,PUBLISHED,Alcohol consumption (age 15+),Cyprus,TOTAL,,,
EE6F72ASA_0000001688,SA_0000001688,EE6F72A,SA_0000001688,2013,YEAR,199,CLASSIFICATION,PUBLISHED,Alcohol consumption (age 15+),Least developed countries,TOTAL,,,
EE6F72ASA_0000001688,SA_0000001688,EE6F72A,SA_0000001688,2013,YEAR,202,REGION,PUBLISHED,Alcohol consumption (age 15+),Sub-Saharan Africa,TOTAL,,,
EE6F72ASA_0000001688,SA_0000001688,EE6F72A,SA_0000001688,2013,YEAR,203,COUNTRY,PUBLISHED,Alcohol consumption (age 15+),Czechia,TOTAL,,,
EE6F72ASA_0000001688,SA_0000001688,EE6F72A,SA_0000001688,2013,YEAR,204,COUNTRY,PUBLISHED,Alcohol consumption (age 15+),Benin,TOTAL,,,
EE6F72ASA_0000001688,SA_0000001688,EE6F72A,SA_0000001688,2013,YEAR,214,COUNTRY,PUBLISHED,Alcohol consumption (age 15+),Dominican Republic,TOTAL,,,
EE6F72ASA_0000001688,SA_0000001688,EE6F72A,SA_0000001688,2013,YEAR,218,COUNTRY,PUBLISHED,Alcohol consumption (age 15+),Ecuador,TOTAL,,,
EE6F72ASA_0000001688,SA_0000001688,EE6F72A,SA_0000001688,2013,YEAR,222,COUNTRY,PUBLISHED,Alcohol consumption (age 15+),El Salvador,TOTAL,,,
EE6F72ASA_0000001688,SA_0000001688,EE6F72A,SA_0000001688,2013,YEAR,226,COUNTRY,PUBLISHED,Alcohol consumption (age 15+),Equatorial Guinea,TOTAL,,,
EE6F72ASA_0000001688,SA_0000001688,EE6F72A,SA_0000001688,2013,YEAR,208,COUNTRY,PUBLISHED,Alcohol consumption (age 15+),Denmark,TOTAL,,,
EE6F72ASA_0000001688,SA_0000001688,EE6F72A,SA_0000001688,2013,YEAR,212,COUNTRY,PUBLISHED,Alcohol consumption (age 15+),Dominica,TOTAL,,,
EE6F72ASA_0000001688,SA_0000001688,EE6F72A,SA_0000001688,2013,YEAR,233,COUNTRY,PUBLISHED,Alcohol consumption (age 15+),Estonia,TOTAL,,,
EE6F72ASA_0000001688,SA_0000001688,EE6F72A,SA_0000001688,2013,YEAR,242,COUNTRY,PUBLISHED,Alcohol consumption (age 15+),Fiji,TOTAL,,,
EE6F72ASA_0000001688,SA_0000001688,EE6F72A,SA_0000001688,2013,YEAR,246,COUNTRY,PUBLISHED,Alcohol consumption (age 15+),Finland,TOTAL,,,
EE6F72ASA_0000001688,SA_0000001688,EE6F72A,SA_0000001688,2013,YEAR,250,COUNTRY,PUBLISHED,Alcohol consumption (age 15+),France,TOTAL,,,
EE6F72ASA_0000001688,SA_0000001688,EE6F72A,SA_0000001688,2013,YEAR,231,COUNTRY,PUBLISHED,Alcohol consumption (age 15+),Ethiopia,TOTAL,,,
EE6F72ASA_0000001688,SA_0000001688,EE6F72A,SA_0000001688,2013,YEAR,232,COUNTRY,PUBLISHED,Alcohol consumption (age 15+),Eritrea,TOTAL,,,
EE6F72ASA_0000001688,SA_0000001688,EE6F72A,SA_0000001688,2013,YEAR,268,COUNTRY,PUBLISHED,Alcohol consumption (age 15+),Georgia,TOTAL,,,
EE6F72ASA_0000001688,SA_0000001688,EE6F72A,SA_0000001688,2013,YEAR,270,COUNTRY,PUBLISHED,Alcohol consumption (age 15+),Gambia,TOTAL,,,
EE6F72ASA_0000001688,SA_0000001688,EE6F72A,SA_0000001688,2013,YEAR,276,COUNTRY,PUBLISHED,Alcohol consumption (age 15+),Germany,TOTAL,,,
EE6F72ASA_0000001688,SA_0000001688,EE6F72A,SA_0000001688,2013,YEAR,288,COUNTRY,PUBLISHED,Alcohol consumption (age 15+),Ghana,TOTAL,,,
EE6F72ASA_0000001688,SA_0000001688,EE6F72A,SA_0000001688,2013,YEAR,262,COUNTRY,PUBLISHED,Alcohol consumption (age 15+),Djibouti,TOTAL,,,
EE6F72ASA_0000001688,SA_0000001688,EE6F72A,SA_0000001688,2013,YEAR,266,COUNTRY,PUBLISHED,Alcohol consumption (age 15+),Gabon,TOTAL,,,
EE6F72ASA_0000001688,SA_0000001688,EE6F72A,SA_0000001688,2016,YEAR,014,REGION,PUBLISHED,Alcohol consumption (age 15+),Eastern Africa,TOTAL,,,
EE6F72ASA_0000001688,SA_0000001688,EE6F72A,SA_0000001688,2016,YEAR,015,REGION,PUBLISHED,Alcohol consumption (age 15+),Northern Africa,TOTAL,,,
EE6F72ASA_0000001688,SA_0000001688,EE6F72A,SA_0000001688,2016,YEAR,017,REGION,PUBLISHED,Alcohol consumption (age 15+),Middle Africa,TOTAL,,,
EE6F72ASA_0000001688,SA_0000001688,EE6F72A,SA_0000001688,2016,YEAR,018,REGION,PUBLISHED,Alcohol consumption (age 15+),Southern Africa,TOTAL,,,
EE6F72ASA_0000001688,SA_0000001688,EE6F72A,SA_0000001688,2013,YEAR,296,COUNTRY,PUBLISHED,Alcohol consumption (age 15+),Kiribati,TOTAL,,,
EE6F72ASA_0000001688,SA_0000001688,EE6F72A,SA_0000001688,2013,YEAR,300,COUNTRY,PUBLISHED,Alcohol consumption (age 15+),Greece,TOTAL,,,
EE6F72ASA_0000001688,SA_0000001688,EE6F72A,SA_0000001688,2016,YEAR,021,REGION,PUBLISHED,Alcohol consumption (age 15+),Northern America,TOTAL,,,
EE6F72ASA_0000001688,SA_0000001688,EE6F72A,SA_0000001688,2016,YEAR,024,COUNTRY,PUBLISHED,Alcohol consumption (age 15+),Angola,TOTAL,,,
EE6F72ASA_0000001688,SA_0000001688,EE6F72A,SA_0000001688,2016,YEAR,028,COUNTRY,PUBLISHED,Alcohol consumption (age 15+),Antigua and Barbuda,TOTAL,,,
EE6F72ASA_0000001688,SA_0000001688,EE6F72A,SA_0000001688,2016,YEAR,029,REGION,PUBLISHED,Alcohol consumption (age 15+),Caribbean,TOTAL,,,
EE6F72ASA_0000001688,SA_0000001688,EE6F72A,SA_0000001688,2016,YEAR,019,REGION,PUBLISHED,Alcohol consumption (age 15+),Americas,TOTAL,,,
EE6F72ASA_0000001688,SA_0000001688,EE6F72A,SA_0000001688,2016,YEAR,020,COUNTRY,PUBLISHED,Alcohol consumption (age 15+),Andorra,TOTAL,,,
EE6F72ASA_0000001688,SA_0000001688,EE6F72A,SA_0000001688,2016,YEAR,032,COUNTRY,PUBLISHED,Alcohol consumption (age 15+),Argentina,TOTAL,,,
EE6F72ASA_0000001688,SA_0000001688,EE6F72A,SA_0000001688,2016,YEAR,034,REGION,PUBLISHED,Alcohol consumption (age 15+),Southern Asia,TOTAL,,,
EE6F72ASA_0000001688,SA_0000001688,EE6F72A,SA_0000001688,2016,YEAR,035,REGION,PUBLISHED,Alcohol consumption (age 15+),South-eastern Asia,TOTAL,,,
EE6F72ASA_0000001688,SA_0000001688,EE6F72A,SA_0000001688,2016,YEAR,036,COUNTRY,PUBLISHED,Alcohol consumption (age 15+),Australia,TOTAL,,,
EE6F72ASA_0000001688,SA_0000001688,EE6F72A,SA_0000001688,2016,YEAR,030,REGION,PUBLISHED,Alcohol consumption (age 15+),Eastern Asia,TOTAL,,,
EE6F72ASA_0000001688,SA_0000001688,EE6F72A,SA_0000001688,2016,YEAR,031,COUNTRY,PUBLISHED,Alcohol consumption (age 15+),Azerbaijan,TOTAL,,,
EE6F72ASA_0000001688,SA_0000001688,EE6F72A,SA_0000001688,2016,YEAR,044,COUNTRY,PUBLISHED,Alcohol consumption (age 15+),Bahamas,TOTAL,,,
EE6F72ASA_0000001688,SA_0000001688,EE6F72A,SA_0000001688,2016,YEAR,048,COUNTRY,PUBLISHED,Alcohol consumption (age 15+),Bahrain,TOTAL,,,
EE6F72ASA_0000001688,SA_0000001688,EE6F72A,SA_0000001688,2016,YEAR,050,COUNTRY,PUBLISHED,Alcohol consumption (age 15+),Bangladesh,TOTAL,,,
EE6F72ASA_0000001688,SA_0000001688,EE6F72A,SA_0000001688,2016,YEAR,051,COUNTRY,PUBLISHED,Alcohol consumption (age 15+),Armenia,TOTAL,,,
EE6F72ASA_0000001688,SA_0000001688,EE6F72A,SA_0000001688,2016,YEAR,039,REGION,PUBLISHED,Alcohol consumption (age 15+),Southern Europe,TOTAL,,,
EE6F72ASA_0000001688,SA_0000001688,EE6F72A,SA_0000001688,2016,YEAR,040,COUNTRY,PUBLISHED,Alcohol consumption (age 15+),Austria,TOTAL,,,
EE6F72ASA_0000001688,SA_0000001688,EE6F72A,SA_0000001688,2016,YEAR,054,REGION,PUBLISHED,Alcohol consumption (age 15+),Melanesia,TOTAL,,,
EE6F72ASA_0000001688,SA_0000001688,EE6F72A,SA_0000001688,2016,YEAR,068,COUNTRY,PUBLISHED,Alcohol consumption (age 15+),Bolivia (Plurinational State of),TOTAL,,,
EE6F72ASA_0000001688,SA_0000001688,EE6F72A,SA_0000001688,2016,YEAR,070,COUNTRY,PUBLISHED,Alcohol consumption (age 15+),Bosnia and Herzegovina,TOTAL,,,
EE6F72ASA_0000001688,SA_0000001688,EE6F72A,SA_0000001688,2016,YEAR,072,COUNTRY,PUBLISHED,Alcohol consumption (age 15+),Botswana,TOTAL,,,
EE6F72ASA_0000001688,SA_0000001688,EE6F72A,SA_0000001688,2016,YEAR,076,COUNTRY,PUBLISHED,Alcohol consumption (age 15+),Brazil,TOTAL,,,
EE6F72ASA_0000001688,SA_0000001688,EE6F72A,SA_0000001688,2016,YEAR,056,COUNTRY,PUBLISHED,Alcohol consumption (age 15+),Belgium,TOTAL,,,
EE6F72ASA_0000001688,SA_0000001688,EE6F72A,SA_0000001688,2016,YEAR,057,REGION,PUBLISHED,Alcohol consumption (age 15+),Micronesia,TOTAL,,,
EE6F72ASA_0000001688,SA_0000001688,EE6F72A,SA_0000001688,2016,YEAR,061,REGION,PUBLISHED,Alcohol consumption (age 15+),Polynesia,TOTAL,,,
EE6F72ASA_0000001688,SA_0000001688,EE6F72A,SA_0000001688,2016,YEAR,052,COUNTRY,PUBLISHED,Alcohol consumption (age 15+),Barbados,TOTAL,,,
EE6F72ASA_0000001688,SA_0000001688,EE6F72A,SA_0000001688,2016,YEAR,053,REGION,PUBLISHED,Alcohol consumption (age 15+),Australia and New Zealand,TOTAL,,,
EE6F72ASA_0000001688,SA_0000001688,EE6F72A,SA_0000001688,2016,YEAR,062,REGION,PUBLISHED,Alcohol consumption (age 15+),Central and Southern Asia,TOTAL,,,
EE6F72ASA_0000001688,SA_0000001688,EE6F72A,SA_0000001688,2016,YEAR,064,COUNTRY,PUBLISHED,Alcohol consumption (age 15+),Bhutan,TOTAL,,,
EE6F72ASA_0000001688,SA_0000001688,EE6F72A,SA_0000001688,2016,YEAR,084,COUNTRY,PUBLISHED,Alcohol consumption (age 15+),Belize,TOTAL,,,
EE6F72ASA_0000001688,SA_0000001688,EE6F72A,SA_0000001688,2016,YEAR,090,COUNTRY,PUBLISHED,Alcohol consumption (age 15+),Solomon Islands,TOTAL,,,
EE6F72ASA_0000001688,SA_0000001688,EE6F72A,SA_0000001688,2016,YEAR,096,COUNTRY,PUBLISHED,Alcohol consumption (age 15+),Brunei Darussalam,TOTAL,,,
EE6F72ASA_0000001688,SA_0000001688,EE6F72A,SA_0000001688,2016,YEAR,100,COUNTRY,PUBLISHED,Alcohol consumption (age 15+),Bulgaria,TOTAL,,,
EE6F72ASA_0000001688,SA_0000001688,EE6F72A,SA_0000001688,2016,YEAR,104,COUNTRY,PUBLISHED,Alcohol consumption (age 15+),Myanmar,TOTAL,,,
EE6F72ASA_0000001688,SA_0000001688,EE6F72A,SA_0000001688,2016,YEAR,108,COUNTRY,PUBLISHED,Alcohol consumption (age 15+),Burundi,TOTAL,,,
EE6F72ASA_0000001688,SA_0000001688,EE6F72A,SA_0000001688,2016,YEAR,120,COUNTRY,PUBLISHED,Alcohol consumption (age 15+),Cameroon,TOTAL,,,
EE6F72ASA_0000001688,SA_0000001688,EE6F72A,SA_0000001688,2016,YEAR,124,COUNTRY,PUBLISHED,Alcohol consumption (age 15+),Canada,TOTAL,,,
EE6F72ASA_0000001688,SA_0000001688,EE6F72A,SA_0000001688,2016,YEAR,132,COUNTRY,PUBLISHED,Alcohol consumption (age 15+),Cabo Verde,TOTAL,,,
EE6F72ASA_0000001688,SA_0000001688,EE6F72A,SA_0000001688,2016,YEAR,140,COUNTRY,PUBLISHED,Alcohol consumption (age 15+),Central African Republic,TOTAL,,,
EE6F72ASA_0000001688,SA_0000001688,EE6F72A,SA_0000001688,2016,YEAR,112,COUNTRY,PUBLISHED,Alcohol consumption (age 15+),Belarus,TOTAL,,,
EE6F72ASA_0000001688,SA_0000001688,EE6F72A,SA_0000001688,2016,YEAR,116,COUNTRY,PUBLISHED,Alcohol consumption (age 15+),Cambodia,TOTAL,,,
EE6F72ASA_0000001688,SA_0000001688,EE6F72A,SA_0000001688,2016,YEAR,144,COUNTRY,PUBLISHED,Alcohol consumption (age 15+),Sri Lanka,TOTAL,,,
EE6F72ASA_0000001688,SA_0000001688,EE6F72A,SA_0000001688,2016,YEAR,154,REGION,PUBLISHED,Alcohol consumption (age 15+),Northern Europe,TOTAL,,,
EE6F72ASA_0000001688,SA_0000001688,EE6F72A,SA_0000001688,2016,YEAR,155,REGION,PUBLISHED,Alcohol consumption (age 15+),Western Europe,TOTAL,,,
EE6F72ASA_0000001688,SA_0000001688,EE6F72A,SA_0000001688,2016,YEAR,156,COUNTRY,PUBLISHED,Alcohol consumption (age 15+),China,TOTAL,,,
EE6F72ASA_0000001688,SA_0000001688,EE6F72A,SA_0000001688,2016,YEAR,170,COUNTRY,PUBLISHED,Alcohol consumption (age 15+),Colombia,TOTAL,,,
EE6F72ASA_0000001688,SA_0000001688,EE6F72A,SA_0000001688,2016,YEAR,145,REGION,PUBLISHED,Alcohol consumption (age 15+),Western Asia,TOTAL,,,
EE6F72ASA_0000001688,SA_0000001688,EE6F72A,SA_0000001688,2016,YEAR,148,COUNTRY,PUBLISHED,Alcohol consumption (age 15+),Chad,TOTAL,,,
EE6F72ASA_0000001688,SA_0000001688,EE6F72A,SA_0000001688,2016,YEAR,150,REGION,PUBLISHED,Alcohol consumption (age 15+),Europe,TOTAL,,,
EE6F72ASA_0000001688,SA_0000001688,EE6F72A,SA_0000001688,2016,YEAR,142,REGION,PUBLISHED,Alcohol consumption (age 15+),Asia,TOTAL,,,
EE6F72ASA_0000001688,SA_0000001688,EE6F72A,SA_0000001688,2016,YEAR,143,REGION,PUBLISHED,Alcohol consumption (age 15+),Central Asia,TOTAL,,,
EE6F72ASA_0000001688,SA_0000001688,EE6F72A,SA_0000001688,2016,YEAR,151,REGION,PUBLISHED,Alcohol consumption (age 15+),Eastern Europe,TOTAL,,,
EE6F72ASA_0000001688,SA_0000001688,EE6F72A,SA_0000001688,2016,YEAR,152,COUNTRY,PUBLISHED,Alcohol consumption (age 15+),Chile,TOTAL,,,
EE6F72ASA_0000001688,SA_0000001688,EE6F72A,SA_0000001688,2016,YEAR,174,COUNTRY,PUBLISHED,Alcohol consumption (age 15+),Comoros,TOTAL,,,
EE6F72ASA_0000001688,SA_0000001688,EE6F72A,SA_0000001688,2016,YEAR,178,COUNTRY,PUBLISHED,Alcohol consumption (age 15+),Congo,TOTAL,,,
EE6F72ASA_0000001688,SA_0000001688,EE6F72A,SA_0000001688,2016,YEAR,180,COUNTRY,PUBLISHED,Alcohol consumption (age 15+),Democratic Republic of the Congo,TOTAL,,,
EE6F72ASA_0000001688,SA_0000001688,EE6F72A,SA_0000001688,2016,YEAR,188,COUNTRY,PUBLISHED,Alcohol consumption (age 15+),Costa Rica,TOTAL,,,
EE6F72ASA_0000001688,SA_0000001688,EE6F72A,SA_0000001688,2016,YEAR,191,COUNTRY,PUBLISHED,Alcohol consumption (age 15+),Croatia,TOTAL,,,
EE6F72ASA_0000001688,SA_0000001688,EE6F72A,SA_0000001688,2016,YEAR,192,COUNTRY,PUBLISHED,Alcohol consumption (age 15+),Cuba,TOTAL,,,
EE6F72ASA_0000001688,SA_0000001688,EE6F72A,SA_0000001688,2016,YEAR,202,REGION,PUBLISHED,Alcohol consumption (age 15+),Sub-Saharan Africa,TOTAL,,,
EE6F72ASA_0000001688,SA_0000001688,EE6F72A,SA_0000001688,2016,YEAR,203,COUNTRY,PUBLISHED,Alcohol consumption (age 15+),Czechia,TOTAL,,,
EE6F72ASA_0000001688,SA_0000001688,EE6F72A,SA_0000001688,2016,YEAR,204,COUNTRY,PUBLISHED,Alcohol consumption (age 15+),Benin,TOTAL,,,
EE6F72ASA_0000001688,SA_0000001688,EE6F72A,SA_0000001688,2016,YEAR,208,COUNTRY,PUBLISHED,Alcohol consumption (age 15+),Denmark,TOTAL,,,
EE6F72ASA_0000001688,SA_0000001688,EE6F72A,SA_0000001688,2016,YEAR,196,COUNTRY,PUBLISHED,Alcohol consumption (age 15+),Cyprus,TOTAL,,,
EE6F72ASA_0000001688,SA_0000001688,EE6F72A,SA_0000001688,2016,YEAR,199,CLASSIFICATION,PUBLISHED,Alcohol consumption (age 15+),Least developed countries,TOTAL,,,
EE6F72ASA_0000001688,SA_0000001688,EE6F72A,SA_0000001688,2016,YEAR,218,COUNTRY,PUBLISHED,Alcohol consumption (age 15+),Ecuador,TOTAL,,,
EE6F72ASA_0000001688,SA_0000001688,EE6F72A,SA_0000001688,2016,YEAR,242,COUNTRY,PUBLISHED,Alcohol consumption (age 15+),Fiji,TOTAL,,,
EE6F72ASA_0000001688,SA_0000001688,EE6F72A,SA_0000001688,2016,YEAR,246,COUNTRY,PUBLISHED,Alcohol consumption (age 15+),Finland,TOTAL,,,
EE6F72ASA_0000001688,SA_0000001688,EE6F72A,SA_0000001688,2016,YEAR,250,COUNTRY,PUBLISHED,Alcohol consumption (age 15+),France,TOTAL,,,
EE6F72ASA_0000001688,SA_0000001688,EE6F72A,SA_0000001688,2016,YEAR,262,COUNTRY,PUBLISHED,Alcohol consumption (age 15+),Djibouti,TOTAL,,,
EE6F72ASA_0000001688,SA_0000001688,EE6F72A,SA_0000001688,2016,YEAR,222,COUNTRY,PUBLISHED,Alcohol consumption (age 15+),El Salvador,TOTAL,,,
EE6F72ASA_0000001688,SA_0000001688,EE6F72A,SA_0000001688,2016,YEAR,226,COUNTRY,PUBLISHED,Alcohol consumption (age 15+),Equatorial Guinea,TOTAL,,,
EE6F72ASA_0000001688,SA_0000001688,EE6F72A,SA_0000001688,2016,YEAR,231,COUNTRY,PUBLISHED,Alcohol consumption (age 15+),Ethiopia,TOTAL,,,
EE6F72ASA_0000001688,SA_0000001688,EE6F72A,SA_0000001688,2016,YEAR,212,COUNTRY,PUBLISHED,Alcohol consumption (age 15+),Dominica,TOTAL,,,
EE6F72ASA_0000001688,SA_0000001688,EE6F72A,SA_0000001688,2016,YEAR,214,COUNTRY,PUBLISHED,Alcohol consumption (age 15+),Dominican Republic,TOTAL,,,
EE6F72ASA_0000001688,SA_0000001688,EE6F72A,SA_0000001688,2016,YEAR,232,COUNTRY,PUBLISHED,Alcohol consumption (age 15+),Eritrea,TOTAL,,,
EE6F72ASA_0000001688,SA_0000001688,EE6F72A,SA_0000001688,2016,YEAR,233,COUNTRY,PUBLISHED,Alcohol consumption (age 15+),Estonia,TOTAL,,,
EE6F72ASA_0000001688,SA_0000001688,EE6F72A,SA_0000001688,2016,YEAR,266,COUNTRY,PUBLISHED,Alcohol consumption (age 15+),Gabon,TOTAL,,,
EE6F72ASA_0000001688,SA_0000001688,EE6F72A,SA_0000001688,2016,YEAR,268,COUNTRY,PUBLISHED,Alcohol consumption (age 15+),Georgia,TOTAL,,,
EE6F72ASA_0000001688,SA_0000001688,EE6F72A,SA_0000001688,2016,YEAR,270,COUNTRY,PUBLISHED,Alcohol consumption (age 15+),Gambia,TOTAL,,,
EE6F72ASA_0000001688,SA_0000001688,EE6F72A,SA_0000001688,2016,YEAR,276,COUNTRY,PUBLISHED,Alcohol consumption (age 15+),Germany,TOTAL,,,
EE6F72ASA_0000001688,SA_0000001688,EE6F72A,SA_0000001688,2018,YEAR,566,COUNTRY,PUBLISHED,Alcohol consumption (age 15+),Nigeria,TOTAL,,,
EE6F72ASA_0000001688,SA_0000001688,EE6F72A,SA_0000001688,2016,YEAR,288,COUNTRY,PUBLISHED,Alcohol consumption (age 15+),Ghana,TOTAL,,,
EE6F72ASA_0000001688,SA_0000001688,EE6F72A,SA_0000001688,2016,YEAR,296,COUNTRY,PUBLISHED,Alcohol consumption (age 15+),Kiribati,TOTAL,,,
EE6F72ASA_0000001688,SA_0000001688,EE6F72A,SA_0000001688,2018,YEAR,554,COUNTRY,PUBLISHED,Alcohol consumption (age 15+),New Zealand,TOTAL,,,
EE6F72ASA_0000001688,SA_0000001688,EE6F72A,SA_0000001688,2018,YEAR,558,COUNTRY,PUBLISHED,Alcohol consumption (age 15+),Nicaragua,TOTAL,,,
EE6F72ASA_0000001688,SA_0000001688,EE6F72A,SA_0000001688,2018,YEAR,562,COUNTRY,PUBLISHED,Alcohol consumption (age 15+),Niger,TOTAL,,,
EE6F72ASA_0000001688,SA_0000001688,EE6F72A,SA_0000001688,2018,YEAR,543,REGION,PUBLISHED,Alcohol consumption (age 15+),Oceania (exc. Australia and New Zealand),TOTAL,,,
EE6F72ASA_0000001688,SA_0000001688,EE6F72A,SA_0000001688,2018,YEAR,548,COUNTRY,PUBLISHED,Alcohol consumption (age 15+),Vanuatu,TOTAL,,,
EE6F72ASA_0000001688,SA_0000001688,EE6F72A,SA_0000001688,2018,YEAR,586,COUNTRY,PUBLISHED,Alcohol consumption (age 15+),Pakistan,TOTAL,,,
EE6F72ASA_0000001688,SA_0000001688,EE6F72A,SA_0000001688,2018,YEAR,591,COUNTRY,PUBLISHED,Alcohol consumption (age 15+),Panama,TOTAL,,,
EE6F72ASA_0000001688,SA_0000001688,EE6F72A,SA_0000001688,2018,YEAR,598,COUNTRY,PUBLISHED,Alcohol consumption (age 15+),Papua New Guinea,TOTAL,,,
EE6F72ASA_0000001688,SA_0000001688,EE6F72A,SA_0000001688,2018,YEAR,570,COUNTRY,PUBLISHED,Alcohol consumption (age 15+),Niue,TOTAL,,,
EE6F72ASA_0000001688,SA_0000001688,EE6F72A,SA_0000001688,2018,YEAR,578,COUNTRY,PUBLISHED,Alcohol consumption (age 15+),Norway,TOTAL,,,
EE6F72ASA_0000001688,SA_0000001688,EE6F72A,SA_0000001688,2018,YEAR,583,COUNTRY,PUBLISHED,Alcohol consumption (age 15+),Micronesia (Federated States of),TOTAL,,,
EE6F72ASA_0000001688,SA_0000001688,EE6F72A,SA_0000001688,2018,YEAR,608,COUNTRY,PUBLISHED,Alcohol consumption (age 15+),Philippines,TOTAL,,,
EE6F72ASA_0000001688,SA_0000001688,EE6F72A,SA_0000001688,2018,YEAR,616,COUNTRY,PUBLISHED,Alcohol consumption (age 15+),Poland,TOTAL,,,
EE6F72ASA_0000001688,SA_0000001688,EE6F72A,SA_0000001688,2018,YEAR,620,COUNTRY,PUBLISHED,Alcohol consumption (age 15+),Portugal,TOTAL,,,
EE6F72ASA_0000001688,SA_0000001688,EE6F72A,SA_0000001688,2018,YEAR,624,COUNTRY,PUBLISHED,Alcohol consumption (age 15+),Guinea-Bissau,TOTAL,,,
EE6F72ASA_0000001688,SA_0000001688,EE6F72A,SA_0000001688,2018,YEAR,600,COUNTRY,PUBLISHED,Alcohol consumption (age 15+),Paraguay,TOTAL,,,
EE6F72ASA_0000001688,SA_0000001688,EE6F72A,SA_0000001688,2018,YEAR,604,COUNTRY,PUBLISHED,Alcohol consumption (age 15+),Peru,TOTAL,,,
EE6F72ASA_0000001688,SA_0000001688,EE6F72A,SA_0000001688,2018,YEAR,642,COUNTRY,PUBLISHED,Alcohol consumption (age 15+),Romania,TOTAL,,,
EE6F72ASA_0000001688,SA_0000001688,EE6F72A,SA_0000001688,2018,YEAR,643,COUNTRY,PUBLISHED,Alcohol consumption (age 15+),Russian Federation,TOTAL,,,
EE6F72ASA_0000001688,SA_0000001688,EE6F72A,SA_0000001688,2018,YEAR,646,COUNTRY,PUBLISHED,Alcohol consumption (age 15+),Rwanda,TOTAL,,,
EE6F72ASA_0000001688,SA_0000001688,EE6F72A,SA_0000001688,2018,YEAR,659,COUNTRY,PUBLISHED,Alcohol consumption (age 15+),Saint Kitts and Nevis,TOTAL,,,
EE6F72ASA_0000001688,SA_0000001688,EE6F72A,SA_0000001688,2018,YEAR,626,COUNTRY,PUBLISHED,Alcohol consumption (age 15+),Timor-Leste,TOTAL,,,
EE6F72ASA_0000001688,SA_0000001688,EE6F72A,SA_0000001688,2018,YEAR,634,COUNTRY,PUBLISHED,Alcohol consumption (age 15+),Qatar,TOTAL,,,
EE6F72ASA_0000001688,SA_0000001688,EE6F72A,SA_0000001688,2018,YEAR,678,COUNTRY,PUBLISHED,Alcohol consumption (age 15+),Sao Tome and Principe,TOTAL,,,
EE6F72ASA_0000001688,SA_0000001688,EE6F72A,SA_0000001688,2018,YEAR,686,COUNTRY,PUBLISHED,Alcohol consumption (age 15+),Senegal,TOTAL,,,
EE6F72ASA_0000001688,SA_0000001688,EE6F72A,SA_0000001688,2018,YEAR,688,COUNTRY,PUBLISHED,Alcohol consumption (age 15+),Serbia,TOTAL,,,
EE6F72ASA_0000001688,SA_0000001688,EE6F72A,SA_0000001688,2018,YEAR,690,COUNTRY,PUBLISHED,Alcohol consumption (age 15+),Seychelles,TOTAL,,,
EE6F72ASA_0000001688,SA_0000001688,EE6F72A,SA_0000001688,2018,YEAR,662,COUNTRY,PUBLISHED,Alcohol consumption (age 15+),Saint Lucia,TOTAL,,,
EE6F72ASA_0000001688,SA_0000001688,EE6F72A,SA_0000001688,2018,YEAR,670,COUNTRY,PUBLISHED,Alcohol consumption (age 15+),Saint Vincent and the Grenadines,TOTAL,,,
EE6F72ASA_0000001688,SA_0000001688,EE6F72A,SA_0000001688,2018,YEAR,703,COUNTRY,PUBLISHED,Alcohol consumption (age 15+),Slovakia,TOTAL,,,
EE6F72ASA_0000001688,SA_0000001688,EE6F72A,SA_0000001688,2018,YEAR,704,COUNTRY,PUBLISHED,Alcohol consumption (age 15+),Viet Nam,TOTAL,,,
EE6F72ASA_0000001688,SA_0000001688,EE6F72A,SA_0000001688,2018,YEAR,705,COUNTRY,PUBLISHED,Alcohol consumption (age 15+),Slovenia,TOTAL,,,
EE6F72ASA_0000001688,SA_0000001688,EE6F72A,SA_0000001688,2018,YEAR,706,COUNTRY,PUBLISHED,Alcohol consumption (age 15+),Somalia,TOTAL,,,
EE6F72ASA_0000001688,SA_0000001688,EE6F72A,SA_0000001688,2018,YEAR,694,COUNTRY,PUBLISHED,Alcohol consumption (age 15+),Sierra Leone,TOTAL,,,
EE6F72ASA_0000001688,SA_0000001688,EE6F72A,SA_0000001688,2018,YEAR,702,COUNTRY,PUBLISHED,Alcohol consumption (age 15+),Singapore,TOTAL,,,
EE6F72ASA_0000001688,SA_0000001688,EE6F72A,SA_0000001688,2018,YEAR,722,CLASSIFICATION,PUBLISHED,Alcohol consumption (age 15+),Small Island Developing States,TOTAL,,,
EE6F72ASA_0000001688,SA_0000001688,EE6F72A,SA_0000001688,2018,YEAR,724,COUNTRY,PUBLISHED,Alcohol consumption (age 15+),Spain,TOTAL,,,
EE6F72ASA_0000001688,SA_0000001688,EE6F72A,SA_0000001688,2018,YEAR,728,COUNTRY,PUBLISHED,Alcohol consumption (age 15+),South Sudan,TOTAL,,,
EE6F72ASA_0000001688,SA_0000001688,EE6F72A,SA_0000001688,2018,YEAR,729,COUNTRY,PUBLISHED,Alcohol consumption (age 15+),Sudan,TOTAL,,,
EE6F72ASA_0000001688,SA_0000001688,EE6F72A,SA_0000001688,2018,YEAR,710,COUNTRY,PUBLISHED,Alcohol consumption (age 15+),South Africa,TOTAL,,,
EE6F72ASA_0000001688,SA_0000001688,EE6F72A,SA_0000001688,2018,YEAR,716,COUNTRY,PUBLISHED,Alcohol consumption (age 15+),Zimbabwe,TOTAL,,,
EE6F72ASA_0000001688,SA_0000001688,EE6F72A,SA_0000001688,2018,YEAR,748,COUNTRY,PUBLISHED,Alcohol consumption (age 15+),Eswatini,TOTAL,,,
EE6F72ASA_0000001688,SA_0000001688,EE6F72A,SA_0000001688,2018,YEAR,764,COUNTRY,PUBLISHED,Alcohol consumption (age 15+),Thailand,TOTAL,,,
EE6F72ASA_0000001688,SA_0000001688,EE6F72A,SA_0000001688,2018,YEAR,768,COUNTRY,PUBLISHED,Alcohol consumption (age 15+),Togo,TOTAL,,,
EE6F72ASA_0000001688,SA_0000001688,EE6F72A,SA_0000001688,2018,YEAR,776,COUNTRY,PUBLISHED,Alcohol consumption (age 15+),Tonga,TOTAL,,,
EE6F72ASA_0000001688,SA_0000001688,EE6F72A,SA_0000001688,2018,YEAR,777,REGION,PUBLISHED,Alcohol consumption (age 15+),,TOTAL,,,
EE6F72ASA_0000001688,SA_0000001688,EE6F72A,SA_0000001688,2018,YEAR,752,COUNTRY,PUBLISHED,Alcohol consumption (age 15+),Sweden,TOTAL,,,
EE6F72ASA_0000001688,SA_0000001688,EE6F72A,SA_0000001688,2018,YEAR,753,REGION,PUBLISHED,Alcohol consumption (age 15+),Eastern and South-Eastern Asia,TOTAL,,,
EE6F72ASA_0000001688,SA_0000001688,EE6F72A,SA_0000001688,2018,YEAR,756,COUNTRY,PUBLISHED,Alcohol consumption (age 15+),Switzerland,TOTAL,,,
EE6F72ASA_0000001688,SA_0000001688,EE6F72A,SA_0000001688,2018,YEAR,740,COUNTRY,PUBLISHED,Alcohol consumption (age 15+),Suriname,TOTAL,,,
EE6F72ASA_0000001688,SA_0000001688,EE6F72A,SA_0000001688,2018,YEAR,747,REGION,PUBLISHED,Alcohol consumption (age 15+),Northern Africa and Western Asia,TOTAL,,,
EE6F72ASA_0000001688,SA_0000001688,EE6F72A,SA_0000001688,2018,YEAR,760,COUNTRY,PUBLISHED,Alcohol consumption (age 15+),Syrian Arab Republic,TOTAL,,,
EE6F72ASA_0000001688,SA_0000001688,EE6F72A,SA_0000001688,2018,YEAR,762,COUNTRY,PUBLISHED,Alcohol consumption (age 15+),Tajikistan,TOTAL,,,
EE6F72ASA_0000001688,SA_0000001688,EE6F72A,SA_0000001688,2018,YEAR,780,COUNTRY,PUBLISHED,Alcohol consumption (age 15+),Trinidad and Tobago,TOTAL,,,
EE6F72ASA_0000001688,SA_0000001688,EE6F72A,SA_0000001688,2018,YEAR,784,COUNTRY,PUBLISHED,Alcohol consumption (age 15+),United Arab Emirates,TOTAL,,,
EE6F72ASA_0000001688,SA_0000001688,EE6F72A,SA_0000001688,2018,YEAR,818,COUNTRY,PUBLISHED,Alcohol consumption (age 15+),Egypt,TOTAL,,,
EE6F72ASA_0000001688,SA_0000001688,EE6F72A,SA_0000001688,2018,YEAR,826,COUNTRY,PUBLISHED,Alcohol consumption (age 15+),United Kingdom of Great Britain and Northern Ireland,TOTAL,,,
EE6F72ASA_0000001688,SA_0000001688,EE6F72A,SA_0000001688,2018,YEAR,834,COUNTRY,PUBLISHED,Alcohol consumption (age 15+),United Republic of Tanzania,TOTAL,,,
EE6F72ASA_0000001688,SA_0000001688,EE6F72A,SA_0000001688,2018,YEAR,788,COUNTRY,PUBLISHED,Alcohol consumption (age 15+),Tunisia,TOTAL,,,
EE6F72ASA_0000001688,SA_0000001688,EE6F72A,SA_0000001688,2018,YEAR,792,COUNTRY,PUBLISHED,Alcohol consumption (age 15+),Türkiye,TOTAL,,,
EE6F72ASA_0000001688,SA_0000001688,EE6F72A,SA_0000001688,2018,YEAR,795,COUNTRY,PUBLISHED,Alcohol consumption (age 15+),Turkmenistan,TOTAL,,,
EE6F72ASA_0000001688,SA_0000001688,EE6F72A,SA_0000001688,2018,YEAR,798,COUNTRY,PUBLISHED,Alcohol consumption (age 15+),Tuvalu,TOTAL,,,
EE6F72ASA_0000001688,SA_0000001688,EE6F72A,SA_0000001688,2018,YEAR,807,COUNTRY,PUBLISHED,Alcohol consumption (age 15+),North Macedonia,TOTAL,,,
EE6F72ASA_0000001688,SA_0000001688,EE6F72A,SA_0000001688,2018,YEAR,800,COUNTRY,PUBLISHED,Alcohol consumption (age 15+),Uganda,TOTAL,,,
EE6F72ASA_0000001688,SA_0000001688,EE6F72A,SA_0000001688,2018,YEAR,804,COUNTRY,PUBLISHED,Alcohol consumption (age 15+),Ukraine,TOTAL,,,
EE6F72ASA_0000001688,SA_0000001688,EE6F72A,SA_0000001688,2018,YEAR,882,COUNTRY,PUBLISHED,Alcohol consumption (age 15+),Samoa,TOTAL,,,
EE6F72ASA_0000001688,SA_0000001688,EE6F72A,SA_0000001688,2018,YEAR,840,COUNTRY,PUBLISHED,Alcohol consumption (age 15+),United States of America,TOTAL,,,
EE6F72ASA_0000001688,SA_0000001688,EE6F72A,SA_0000001688,2018,YEAR,854,COUNTRY,PUBLISHED,Alcohol consumption (age 15+),Burkina Faso,TOTAL,,,
EE6F72ASA_0000001688,SA_0000001688,EE6F72A,SA_0000001688,2018,YEAR,858,COUNTRY,PUBLISHED,Alcohol consumption (age 15+),Uruguay,TOTAL,,,
EE6F72ASA_0000001688,SA_0000001688,EE6F72A,SA_0000001688,2018,YEAR,860,COUNTRY,PUBLISHED,Alcohol consumption (age 15+),Uzbekistan,TOTAL,,,
EE6F72ASA_0000001688,SA_0000001688,EE6F72A,SA_0000001688,2018,YEAR,862,COUNTRY,PUBLISHED,Alcohol consumption (age 15+),Venezuela (Bolivarian Republic of),TOTAL,,,
EE6F72ASA_0000001688,SA_0000001688,EE6F72A,SA_0000001688,2018,YEAR,953,WHOREGION,PUBLISHED,Alcohol consumption (age 15+),Africa,TOTAL,,,
EE6F72ASA_0000001688,SA_0000001688,EE6F72A,SA_0000001688,2018,YEAR,954,WHOREGION,PUBLISHED,Alcohol consumption (age 15+),Americas,TOTAL,,,
EE6F72ASA_0000001688,SA_0000001688,EE6F72A,SA_0000001688,2018,YEAR,955,WHOREGION,PUBLISHED,Alcohol consumption (age 15+),South-East Asia,TOTAL,,,
EE6F72ASA_0000001688,SA_0000001688,EE6F72A,SA_0000001688,2018,YEAR,956,WHOREGION,PUBLISHED,Alcohol consumption (age 15+),Europe,TOTAL,,,
EE6F72ASA_0000001688,SA_0000001688,EE6F72A,SA_0000001688,2018,YEAR,887,COUNTRY,PUBLISHED,Alcohol consumption (age 15+),Yemen,TOTAL,,,
EE6F72ASA_0000001688,SA_0000001688,EE6F72A,SA_0000001688,2018,YEAR,894,COUNTRY,PUBLISHED,Alcohol consumption (age 15+),Zambia,TOTAL,,,
EE6F72ASA_0000001688,SA_0000001688,EE6F72A,SA_0000001688,2019,YEAR,001,GLOBAL,PUBLISHED,Alcohol consumption (age 15+),World,TOTAL,,,
EE6F72ASA_0000001688,SA_0000001688,EE6F72A,SA_0000001688,2019,YEAR,002,REGION,PUBLISHED,Alcohol consumption (age 15+),Africa,TOTAL,,,
EE6F72ASA_0000001688,SA_0000001688,EE6F72A,SA_0000001688,2019,YEAR,012,COUNTRY,PUBLISHED,Alcohol consumption (age 15+),Algeria,TOTAL,,,
EE6F72ASA_0000001688,SA_0000001688,EE6F72A,SA_0000001688,2021,YEAR,528,COUNTRY,PUBLISHED,Alcohol consumption (age 15+),Netherlands (Kingdom of the),TOTAL,,,
EE6F72ASA_0000001688,SA_0000001688,EE6F72A,SA_0000001688,2021,YEAR,543,REGION,PUBLISHED,Alcohol consumption (age 15+),Oceania (exc. Australia and New Zealand),TOTAL,,,
EE6F72ASA_0000001688,SA_0000001688,EE6F72A,SA_0000001688,2019,YEAR,004,COUNTRY,PUBLISHED,Alcohol consumption (age 15+),Afghanistan,TOTAL,,,
EE6F72ASA_0000001688,SA_0000001688,EE6F72A,SA_0000001688,2019,YEAR,005,REGION,PUBLISHED,Alcohol consumption (age 15+),South America,TOTAL,,,
EE6F72ASA_0000001688,SA_0000001688,EE6F72A,SA_0000001688,2018,YEAR,957,WHOREGION,PUBLISHED,Alcohol consumption (age 15+),Eastern Mediterranean,TOTAL,,,
EE6F72ASA_0000001688,SA_0000001688,EE6F72A,SA_0000001688,2018,YEAR,958,WHOREGION,PUBLISHED,Alcohol consumption (age 15+),Western Pacific,TOTAL,,,
EE6F72ASA_0000001688,SA_0000001688,EE6F72A,SA_0000001688,2019,YEAR,011,REGION,PUBLISHED,Alcohol consumption (age 15+),Western Africa,TOTAL,,,
EE6F72ASA_0000001688,SA_0000001688,EE6F72A,SA_0000001688,2019,YEAR,008,COUNTRY,PUBLISHED,Alcohol consumption (age 15+),Albania,TOTAL,,,
EE6F72ASA_0000001688,SA_0000001688,EE6F72A,SA_0000001688,2019,YEAR,009,REGION,PUBLISHED,Alcohol consumption (age 15+),Oceania,TOTAL,,,
EE6F72ASA_0000001688,SA_0000001688,EE6F72A,SA_0000001688,2021,YEAR,570,COUNTRY,PUBLISHED,Alcohol consumption (age 15+),Niue,TOTAL,,,
EE6F72ASA_0000001688,SA_0000001688,EE6F72A,SA_0000001688,2021,YEAR,548,COUNTRY,PUBLISHED,Alcohol consumption (age 15+),Vanuatu,TOTAL,,,
EE6F72ASA_0000001688,SA_0000001688,EE6F72A,SA_0000001688,2021,YEAR,554,COUNTRY,PUBLISHED,Alcohol consumption (age 15+),New Zealand,TOTAL,,,
EE6F72ASA_0000001688,SA_0000001688,EE6F72A,SA_0000001688,2021,YEAR,558,COUNTRY,PUBLISHED,Alcohol consumption (age 15+),Nicaragua,TOTAL,,,
EE6F72ASA_0000001688,SA_0000001688,EE6F72A,SA_0000001688,2021,YEAR,562,COUNTRY,PUBLISHED,Alcohol consumption (age 15+),Niger,TOTAL,,,
EE6F72ASA_0000001688,SA_0000001688,EE6F72A,SA_0000001688,2021,YEAR,566,COUNTRY,PUBLISHED,Alcohol consumption (age 15+),Nigeria,TOTAL,,,
EE6F72ASA_0000001688,SA_0000001688,EE6F72A,SA_0000001688,2021,YEAR,586,COUNTRY,PUBLISHED,Alcohol consumption (age 15+),Pakistan,TOTAL,,,
EE6F72ASA_0000001688,SA_0000001688,EE6F72A,SA_0000001688,2021,YEAR,591,COUNTRY,PUBLISHED,Alcohol consumption (age 15+),Panama,TOTAL,,,
EE6F72ASA_0000001688,SA_0000001688,EE6F72A,SA_0000001688,2021,YEAR,598,COUNTRY,PUBLISHED,Alcohol consumption (age 15+),Papua New Guinea,TOTAL,,,
EE6F72ASA_0000001688,SA_0000001688,EE6F72A,SA_0000001688,2021,YEAR,600,COUNTRY,PUBLISHED,Alcohol consumption (age 15+),Paraguay,TOTAL,,,
EE6F72ASA_0000001688,SA_0000001688,EE6F72A,SA_0000001688,2021,YEAR,578,COUNTRY,PUBLISHED,Alcohol consumption (age 15+),Norway,TOTAL,,,
EE6F72ASA_0000001688,SA_0000001688,EE6F72A,SA_0000001688,2021,YEAR,583,COUNTRY,PUBLISHED,Alcohol consumption (age 15+),Micronesia (Federated States of),TOTAL,,,
EE6F72ASA_0000001688,SA_0000001688,EE6F72A,SA_0000001688,2021,YEAR,616,COUNTRY,PUBLISHED,Alcohol consumption (age 15+),Poland,TOTAL,,,
EE6F72ASA_0000001688,SA_0000001688,EE6F72A,SA_0000001688,2021,YEAR,620,COUNTRY,PUBLISHED,Alcohol consumption (age 15+),Portugal,TOTAL,,,
EE6F72ASA_0000001688,SA_0000001688,EE6F72A,SA_0000001688,2021,YEAR,624,COUNTRY,PUBLISHED,Alcohol consumption (age 15+),Guinea-Bissau,TOTAL,,,
EE6F72ASA_0000001688,SA_0000001688,EE6F72A,SA_0000001688,2021,YEAR,626,COUNTRY,PUBLISHED,Alcohol consumption (age 15+),Timor-Leste,TOTAL,,,
EE6F72ASA_0000001688,SA_0000001688,EE6F72A,SA_0000001688,2021,YEAR,662,COUNTRY,PUBLISHED,Alcohol consumption (age 15+),Saint Lucia,TOTAL,,,
EE6F72ASA_0000001688,SA_0000001688,EE6F72A,SA_0000001688,2021,YEAR,604,COUNTRY,PUBLISHED,Alcohol consumption (age 15+),Peru,TOTAL,,,
EE6F72ASA_0000001688,SA_0000001688,EE6F72A,SA_0000001688,2021,YEAR,608,COUNTRY,PUBLISHED,Alcohol consumption (age 15+),Philippines,TOTAL,,,
EE6F72ASA_0000001688,SA_0000001688,EE6F72A,SA_0000001688,2021,YEAR,643,COUNTRY,PUBLISHED,Alcohol consumption (age 15+),Russian Federation,TOTAL,,,
EE6F72ASA_0000001688,SA_0000001688,EE6F72A,SA_0000001688,2021,YEAR,646,COUNTRY,PUBLISHED,Alcohol consumption (age 15+),Rwanda,TOTAL,,,
EE6F72ASA_0000001688,SA_0000001688,EE6F72A,SA_0000001688,2021,YEAR,659,COUNTRY,PUBLISHED,Alcohol consumption (age 15+),Saint Kitts and Nevis,TOTAL,,,
EE6F72ASA_0000001688,SA_0000001688,EE6F72A,SA_0000001688,2021,YEAR,634,COUNTRY,PUBLISHED,Alcohol consumption (age 15+),Qatar,TOTAL,,,
EE6F72ASA_0000001688,SA_0000001688,EE6F72A,SA_0000001688,2021,YEAR,642,COUNTRY,PUBLISHED,Alcohol consumption (age 15+),Romania,TOTAL,,,
EE6F72ASA_0000001688,SA_0000001688,EE6F72A,SA_0000001688,2021,YEAR,688,COUNTRY,PUBLISHED,Alcohol consumption (age 15+),Serbia,TOTAL,,,
EE6F72ASA_0000001688,SA_0000001688,EE6F72A,SA_0000001688,2021,YEAR,690,COUNTRY,PUBLISHED,Alcohol consumption (age 15+),Seychelles,TOTAL,,,
EE6F72ASA_0000001688,SA_0000001688,EE6F72A,SA_0000001688,2021,YEAR,694,COUNTRY,PUBLISHED,Alcohol consumption (age 15+),Sierra Leone,TOTAL,,,
EE6F72ASA_0000001688,SA_0000001688,EE6F72A,SA_0000001688,2021,YEAR,670,COUNTRY,PUBLISHED,Alcohol consumption (age 15+),Saint Vincent and the Grenadines,TOTAL,,,
EE6F72ASA_0000001688,SA_0000001688,EE6F72A,SA_0000001688,2021,YEAR,678,COUNTRY,PUBLISHED,Alcohol consumption (age 15+),Sao Tome and Principe,TOTAL,,,
EE6F72ASA_0000001688,SA_0000001688,EE6F72A,SA_0000001688,2021,YEAR,686,COUNTRY,PUBLISHED,Alcohol consumption (age 15+),Senegal,TOTAL,,,
EE6F72ASA_0000001688,SA_0000001688,EE6F72A,SA_0000001688,2021,YEAR,704,COUNTRY,PUBLISHED,Alcohol consumption (age 15+),Viet Nam,TOTAL,,,
EE6F72ASA_0000001688,SA_0000001688,EE6F72A,SA_0000001688,2021,YEAR,705,COUNTRY,PUBLISHED,Alcohol consumption (age 15+),Slovenia,TOTAL,,,
EE6F72ASA_0000001688,SA_0000001688,EE6F72A,SA_0000001688,2021,YEAR,706,COUNTRY,PUBLISHED,Alcohol consumption (age 15+),Somalia,TOTAL,,,
EE6F72ASA_0000001688,SA_0000001688,EE6F72A,SA_0000001688,2021,YEAR,710,COUNTRY,PUBLISHED,Alcohol consumption (age 15+),South Africa,TOTAL,,,
EE6F72ASA_0000001688,SA_0000001688,EE6F72A,SA_0000001688,2021,YEAR,702,COUNTRY,PUBLISHED,Alcohol consumption (age 15+),Singapore,TOTAL,,,
EE6F72ASA_0000001688,SA_0000001688,EE6F72A,SA_0000001688,2021,YEAR,703,COUNTRY,PUBLISHED,Alcohol consumption (age 15+),Slovakia,TOTAL,,,
EE6F72ASA_0000001688,SA_0000001688,EE6F72A,SA_0000001688,2021,YEAR,724,COUNTRY,PUBLISHED,Alcohol consumption (age 15+),Spain,TOTAL,,,
EE6F72ASA_0000001688,SA_0000001688,EE6F72A,SA_0000001688,2021,YEAR,752,COUNTRY,PUBLISHED,Alcohol consumption (age 15+),Sweden,TOTAL,,,
EE6F72ASA_0000001688,SA_0000001688,EE6F72A,SA_0000001688,2021,YEAR,753,REGION,PUBLISHED,Alcohol consumption (age 15+),Eastern and South-Eastern Asia,TOTAL,,,
EE6F72ASA_0000001688,SA_0000001688,EE6F72A,SA_0000001688,2021,YEAR,756,COUNTRY,PUBLISHED,Alcohol consumption (age 15+),Switzerland,TOTAL,,,
EE6F72ASA_0000001688,SA_0000001688,EE6F72A,SA_0000001688,2021,YEAR,760,COUNTRY,PUBLISHED,Alcohol consumption (age 15+),Syrian Arab Republic,TOTAL,,,
EE6F72ASA_0000001688,SA_0000001688,EE6F72A,SA_0000001688,2021,YEAR,728,COUNTRY,PUBLISHED,Alcohol consumption (age 15+),South Sudan,TOTAL,,,
EE6F72ASA_0000001688,SA_0000001688,EE6F72A,SA_0000001688,2021,YEAR,729,COUNTRY,PUBLISHED,Alcohol consumption (age 15+),Sudan,TOTAL,,,
EE6F72ASA_0000001688,SA_0000001688,EE6F72A,SA_0000001688,2021,YEAR,740,COUNTRY,PUBLISHED,Alcohol consumption (age 15+),Suriname,TOTAL,,,
EE6F72ASA_0000001688,SA_0000001688,EE6F72A,SA_0000001688,2021,YEAR,716,COUNTRY,PUBLISHED,Alcohol consumption (age 15+),Zimbabwe,TOTAL,,,
EE6F72ASA_0000001688,SA_0000001688,EE6F72A,SA_0000001688,2021,YEAR,722,CLASSIFICATION,PUBLISHED,Alcohol consumption (age 15+),Small Island Developing States,TOTAL,,,
EE6F72ASA_0000001688,SA_0000001688,EE6F72A,SA_0000001688,2021,YEAR,747,REGION,PUBLISHED,Alcohol consumption (age 15+),Northern Africa and Western Asia,TOTAL,,,
EE6F72ASA_0000001688,SA_0000001688,EE6F72A,SA_0000001688,2021,YEAR,748,COUNTRY,PUBLISHED,Alcohol consumption (age 15+),Eswatini,TOTAL,,,
EE6F72ASA_0000001688,SA_0000001688,EE6F72A,SA_0000001688,2021,YEAR,762,COUNTRY,PUBLISHED,Alcohol consumption (age 15+),Tajikistan,TOTAL,,,
EE6F72ASA_0000001688,SA_0000001688,EE6F72A,SA_0000001688,2021,YEAR,764,COUNTRY,PUBLISHED,Alcohol consumption (age 15+),Thailand,TOTAL,,,
EE6F72ASA_0000001688,SA_0000001688,EE6F72A,SA_0000001688,2021,YEAR,768,COUNTRY,PUBLISHED,Alcohol consumption (age 15+),Togo,TOTAL,,,
EE6F72ASA_0000001688,SA_0000001688,EE6F72A,SA_0000001688,2021,YEAR,798,COUNTRY,PUBLISHED,Alcohol consumption (age 15+),Tuvalu,TOTAL,,,
EE6F72ASA_0000001688,SA_0000001688,EE6F72A,SA_0000001688,2021,YEAR,800,COUNTRY,PUBLISHED,Alcohol consumption (age 15+),Uganda,TOTAL,,,
EE6F72ASA_0000001688,SA_0000001688,EE6F72A,SA_0000001688,2021,YEAR,776,COUNTRY,PUBLISHED,Alcohol consumption (age 15+),Tonga,TOTAL,,,
EE6F72ASA_0000001688,SA_0000001688,EE6F72A,SA_0000001688,2021,YEAR,777,REGION,PUBLISHED,Alcohol consumption (age 15+),,TOTAL,,,
EE6F72ASA_0000001688,SA_0000001688,EE6F72A,SA_0000001688,2021,YEAR,780,COUNTRY,PUBLISHED,Alcohol consumption (age 15+),Trinidad and Tobago,TOTAL,,,
EE6F72ASA_0000001688,SA_0000001688,EE6F72A,SA_0000001688,2021,YEAR,792,COUNTRY,PUBLISHED,Alcohol consumption (age 15+),Türkiye,TOTAL,,,
EE6F72ASA_0000001688,SA_0000001688,EE6F72A,SA_0000001688,2021,YEAR,795,COUNTRY,PUBLISHED,Alcohol consumption (age 15+),Turkmenistan,TOTAL,,,
EE6F72ASA_0000001688,SA_0000001688,EE6F72A,SA_0000001688,2021,YEAR,784,COUNTRY,PUBLISHED,Alcohol consumption (age 15+),United Arab Emirates,TOTAL,,,
EE6F72ASA_0000001688,SA_0000001688,EE6F72A,SA_0000001688,2021,YEAR,788,COUNTRY,PUBLISHED,Alcohol consumption (age 15+),Tunisia,TOTAL,,,
EE6F72ASA_0000001688,SA_0000001688,EE6F72A,SA_0000001688,2021,YEAR,834,COUNTRY,PUBLISHED,Alcohol consumption (age 15+),United Republic of Tanzania,TOTAL,,,
EE6F72ASA_0000001688,SA_0000001688,EE6F72A,SA_0000001688,2021,YEAR,840,COUNTRY,PUBLISHED,Alcohol consumption (age 15+),United States of America,TOTAL,,,
EE6F72ASA_0000001688,SA_0000001688,EE6F72A,SA_0000001688,2021,YEAR,804,COUNTRY,PUBLISHED,Alcohol consumption (age 15+),Ukraine,TOTAL,,,
EE6F72ASA_0000001688,SA_0000001688,EE6F72A,SA_0000001688,2021,YEAR,807,COUNTRY,PUBLISHED,Alcohol consumption (age 15+),North Macedonia,TOTAL,,,
EE6F72ASA_0000001688,SA_0000001688,EE6F72A,SA_0000001688,2021,YEAR,818,COUNTRY,PUBLISHED,Alcohol consumption (age 15+),Egypt,TOTAL,,,
EE6F72ASA_0000001688,SA_0000001688,EE6F72A,SA_0000001688,2021,YEAR,826,COUNTRY,PUBLISHED,Alcohol consumption (age 15+),United Kingdom of Great Britain and Northern Ireland,TOTAL,,,
EE6F72ASA_0000001688,SA_0000001688,EE6F72A,SA_0000001688,2021,YEAR,860,COUNTRY,PUBLISHED,Alcohol consumption (age 15+),Uzbekistan,TOTAL,,,
EE6F72ASA_0000001688,SA_0000001688,EE6F72A,SA_0000001688,2021,YEAR,862,COUNTRY,PUBLISHED,Alcohol consumption (age 15+),Venezuela (Bolivarian Republic of),TOTAL,,,
EE6F72ASA_0000001688,SA_0000001688,EE6F72A,SA_0000001688,2021,YEAR,882,COUNTRY,PUBLISHED,Alcohol consumption (age 15+),Samoa,TOTAL,,,
EE6F72ASA_0000001688,SA_0000001688,EE6F72A,SA_0000001688,2021,YEAR,887,COUNTRY,PUBLISHED,Alcohol consumption (age 15+),Yemen,TOTAL,,,
EE6F72ASA_0000001688,SA_0000001688,EE6F72A,SA_0000001688,2021,YEAR,854,COUNTRY,PUBLISHED,Alcohol consumption (age 15+),Burkina Faso,TOTAL,,,
EE6F72ASA_0000001688,SA_0000001688,EE6F72A,SA_0000001688,2021,YEAR,858,COUNTRY,PUBLISHED,Alcohol consumption (age 15+),Uruguay,TOTAL,,,
EE6F72ASA_0000001688,SA_0000001688,EE6F72A,SA_0000001688,2021,YEAR,954,WHOREGION,PUBLISHED,Alcohol consumption (age 15+),Americas,TOTAL,,,
EE6F72ASA_0000001688,SA_0000001688,EE6F72A,SA_0000001688,2021,YEAR,955,WHOREGION,PUBLISHED,Alcohol consumption (age 15+),South-East Asia,TOTAL,,,
EE6F72ASA_0000001688,SA_0000001688,EE6F72A,SA_0000001688,2021,YEAR,956,WHOREGION,PUBLISHED,Alcohol consumption (age 15+),Europe,TOTAL,,,
EE6F72ASA_0000001688,SA_0000001688,EE6F72A,SA_0000001688,2021,YEAR,957,WHOREGION,PUBLISHED,Alcohol consumption (age 15+),Eastern Mediterranean,TOTAL,,,
EE6F72ASA_0000001688,SA_0000001688,EE6F72A,SA_0000001688,2021,YEAR,894,COUNTRY,PUBLISHED,Alcohol consumption (age 15+),Zambia,TOTAL,,,
EE6F72ASA_0000001688,SA_0000001688,EE6F72A,SA_0000001688,2021,YEAR,953,WHOREGION,PUBLISHED,Alcohol consumption (age 15+),Africa,TOTAL,,,
EE6F72ASA_0000001688,SA_0000001688,EE6F72A,SA_0000001688,2022,YEAR,002,REGION,PUBLISHED,Alcohol consumption (age 15+),Africa,TOTAL,,,
EE6F72ASA_0000001688,SA_0000001688,EE6F72A,SA_0000001688,2022,YEAR,004,COUNTRY,PUBLISHED,Alcohol consumption (age 15+),Afghanistan,TOTAL,,,
EE6F72ASA_0000001688,SA_0000001688,EE6F72A,SA_0000001688,2022,YEAR,005,REGION,PUBLISHED,Alcohol consumption (age 15+),South America,TOTAL,,,
EE6F72ASA_0000001688,SA_0000001688,EE6F72A,SA_0000001688,2022,YEAR,008,COUNTRY,PUBLISHED,Alcohol consumption (age 15+),Albania,TOTAL,,,
EE6F72ASA_0000001688,SA_0000001688,EE6F72A,SA_0000001688,2021,YEAR,958,WHOREGION,PUBLISHED,Alcohol consumption (age 15+),Western Pacific,TOTAL,,,
EE6F72ASA_0000001688,SA_0000001688,EE6F72A,SA_0000001688,2022,YEAR,001,GLOBAL,PUBLISHED,Alcohol consumption (age 15+),World,TOTAL,,,
EE6F72ASA_0000001688,SA_0000001688,EE6F72A,SA_0000001688,2012,YEAR,554,COUNTRY,PUBLISHED,Alcohol consumption (age 15+),New Zealand,TOTAL,,,
EE6F72ASA_0000001688,SA_0000001688,EE6F72A,SA_0000001688,2012,YEAR,558,COUNTRY,PUBLISHED,Alcohol consumption (age 15+),Nicaragua,TOTAL,,,
EE6F72ASA_0000001688,SA_0000001688,EE6F72A,SA_0000001688,2012,YEAR,562,COUNTRY,PUBLISHED,Alcohol consumption (age 15+),Niger,TOTAL,,,
EE6F72ASA_0000001688,SA_0000001688,EE6F72A,SA_0000001688,2012,YEAR,566,COUNTRY,PUBLISHED,Alcohol consumption (age 15+),Nigeria,TOTAL,,,
EE6F72ASA_0000001688,SA_0000001688,EE6F72A,SA_0000001688,2012,YEAR,598,COUNTRY,PUBLISHED,Alcohol consumption (age 15+),Papua New Guinea,TOTAL,,,
EE6F72ASA_0000001688,SA_0000001688,EE6F72A,SA_0000001688,2022,YEAR,009,REGION,PUBLISHED,Alcohol consumption (age 15+),Oceania,TOTAL,,,
EE6F72ASA_0000001688,SA_0000001688,EE6F72A,SA_0000001688,2022,YEAR,011,REGION,PUBLISHED,Alcohol consumption (age 15+),Western Africa,TOTAL,,,
EE6F72ASA_0000001688,SA_0000001688,EE6F72A,SA_0000001688,2012,YEAR,583,COUNTRY,PUBLISHED,Alcohol consumption (age 15+),Micronesia (Federated States of),TOTAL,,,
EE6F72ASA_0000001688,SA_0000001688,EE6F72A,SA_0000001688,2012,YEAR,586,COUNTRY,PUBLISHED,Alcohol consumption (age 15+),Pakistan,TOTAL,,,
EE6F72ASA_0000001688,SA_0000001688,EE6F72A,SA_0000001688,2012,YEAR,591,COUNTRY,PUBLISHED,Alcohol consumption (age 15+),Panama,TOTAL,,,
EE6F72ASA_0000001688,SA_0000001688,EE6F72A,SA_0000001688,2012,YEAR,570,COUNTRY,PUBLISHED,Alcohol consumption (age 15+),Niue,TOTAL,,,
EE6F72ASA_0000001688,SA_0000001688,EE6F72A,SA_0000001688,2012,YEAR,578,COUNTRY,PUBLISHED,Alcohol consumption (age 15+),Norway,TOTAL,,,
EE6F72ASA_0000001688,SA_0000001688,EE6F72A,SA_0000001688,2012,YEAR,616,COUNTRY,PUBLISHED,Alcohol consumption (age 15+),Poland,TOTAL,,,
EE6F72ASA_0000001688,SA_0000001688,EE6F72A,SA_0000001688,2012,YEAR,620,COUNTRY,PUBLISHED,Alcohol consumption (age 15+),Portugal,TOTAL,,,
EE6F72ASA_0000001688,SA_0000001688,EE6F72A,SA_0000001688,2012,YEAR,624,COUNTRY,PUBLISHED,Alcohol consumption (age 15+),Guinea-Bissau,TOTAL,,,
EE6F72ASA_0000001688,SA_0000001688,EE6F72A,SA_0000001688,2012,YEAR,600,COUNTRY,PUBLISHED,Alcohol consumption (age 15+),Paraguay,TOTAL,,,
EE6F72ASA_0000001688,SA_0000001688,EE6F72A,SA_0000001688,2012,YEAR,604,COUNTRY,PUBLISHED,Alcohol consumption (age 15+),Peru,TOTAL,,,
EE6F72ASA_0000001688,SA_0000001688,EE6F72A,SA_0000001688,2012,YEAR,608,COUNTRY,PUBLISHED,Alcohol consumption (age 15+),Philippines,TOTAL,,,
EE6F72ASA_0000001688,SA_0000001688,EE6F72A,SA_0000001688,2012,YEAR,642,COUNTRY,PUBLISHED,Alcohol consumption (age 15+),Romania,TOTAL,,,
EE6F72ASA_0000001688,SA_0000001688,EE6F72A,SA_0000001688,2012,YEAR,643,COUNTRY,PUBLISHED,Alcohol consumption (age 15+),Russian Federation,TOTAL,,,
EE6F72ASA_0000001688,SA_0000001688,EE6F72A,SA_0000001688,2012,YEAR,646,COUNTRY,PUBLISHED,Alcohol consumption (age 15+),Rwanda,TOTAL,,,
EE6F72ASA_0000001688,SA_0000001688,EE6F72A,SA_0000001688,2012,YEAR,659,COUNTRY,PUBLISHED,Alcohol consumption (age 15+),Saint Kitts and Nevis,TOTAL,,,
EE6F72ASA_0000001688,SA_0000001688,EE6F72A,SA_0000001688,2012,YEAR,626,COUNTRY,PUBLISHED,Alcohol consumption (age 15+),Timor-Leste,TOTAL,,,
EE6F72ASA_0000001688,SA_0000001688,EE6F72A,SA_0000001688,2012,YEAR,634,COUNTRY,PUBLISHED,Alcohol consumption (age 15+),Qatar,TOTAL,,,
EE6F72ASA_0000001688,SA_0000001688,EE6F72A,SA_0000001688,2012,YEAR,678,COUNTRY,PUBLISHED,Alcohol consumption (age 15+),Sao Tome and Principe,TOTAL,,,
EE6F72ASA_0000001688,SA_0000001688,EE6F72A,SA_0000001688,2012,YEAR,703,COUNTRY,PUBLISHED,Alcohol consumption (age 15+),Slovakia,TOTAL,,,
EE6F72ASA_0000001688,SA_0000001688,EE6F72A,SA_0000001688,2012,YEAR,704,COUNTRY,PUBLISHED,Alcohol consumption (age 15+),Viet Nam,TOTAL,,,
EE6F72ASA_0000001688,SA_0000001688,EE6F72A,SA_0000001688,2012,YEAR,705,COUNTRY,PUBLISHED,Alcohol consumption (age 15+),Slovenia,TOTAL,,,
EE6F72ASA_0000001688,SA_0000001688,EE6F72A,SA_0000001688,2012,YEAR,706,COUNTRY,PUBLISHED,Alcohol consumption (age 15+),Somalia,TOTAL,,,
EE6F72ASA_0000001688,SA_0000001688,EE6F72A,SA_0000001688,2012,YEAR,686,COUNTRY,PUBLISHED,Alcohol consumption (age 15+),Senegal,TOTAL,,,
EE6F72ASA_0000001688,SA_0000001688,EE6F72A,SA_0000001688,2012,YEAR,688,COUNTRY,PUBLISHED,Alcohol consumption (age 15+),Serbia,TOTAL,,,
EE6F72ASA_0000001688,SA_0000001688,EE6F72A,SA_0000001688,2012,YEAR,690,COUNTRY,PUBLISHED,Alcohol consumption (age 15+),Seychelles,TOTAL,,,
EE6F72ASA_0000001688,SA_0000001688,EE6F72A,SA_0000001688,2012,YEAR,662,COUNTRY,PUBLISHED,Alcohol consumption (age 15+),Saint Lucia,TOTAL,,,
EE6F72ASA_0000001688,SA_0000001688,EE6F72A,SA_0000001688,2012,YEAR,670,COUNTRY,PUBLISHED,Alcohol consumption (age 15+),Saint Vincent and the Grenadines,TOTAL,,,
EE6F72ASA_0000001688,SA_0000001688,EE6F72A,SA_0000001688,2012,YEAR,694,COUNTRY,PUBLISHED,Alcohol consumption (age 15+),Sierra Leone,TOTAL,,,
EE6F72ASA_0000001688,SA_0000001688,EE6F72A,SA_0000001688,2012,YEAR,702,COUNTRY,PUBLISHED,Alcohol consumption (age 15+),Singapore,TOTAL,,,
EE6F72ASA_0000001688,SA_0000001688,EE6F72A,SA_0000001688,2012,YEAR,710,COUNTRY,PUBLISHED,Alcohol consumption (age 15+),South Africa,TOTAL,,,
EE6F72ASA_0000001688,SA_0000001688,EE6F72A,SA_0000001688,2012,YEAR,716,COUNTRY,PUBLISHED,Alcohol consumption (age 15+),Zimbabwe,TOTAL,,,
EE6F72ASA_0000001688,SA_0000001688,EE6F72A,SA_0000001688,2012,YEAR,722,CLASSIFICATION,PUBLISHED,Alcohol consumption (age 15+),Small Island Developing States,TOTAL,,,
EE6F72ASA_0000001688,SA_0000001688,EE6F72A,SA_0000001688,2012,YEAR,724,COUNTRY,PUBLISHED,Alcohol consumption (age 15+),Spain,TOTAL,,,
EE6F72ASA_0000001688,SA_0000001688,EE6F72A,SA_0000001688,2012,YEAR,728,COUNTRY,PUBLISHED,Alcohol consumption (age 15+),South Sudan,TOTAL,,,
EE6F72ASA_0000001688,SA_0000001688,EE6F72A,SA_0000001688,2012,YEAR,729,COUNTRY,PUBLISHED,Alcohol consumption (age 15+),Sudan,TOTAL,,,
EE6F72ASA_0000001688,SA_0000001688,EE6F72A,SA_0000001688,2012,YEAR,748,COUNTRY,PUBLISHED,Alcohol consumption (age 15+),Eswatini,TOTAL,,,
EE6F72ASA_0000001688,SA_0000001688,EE6F72A,SA_0000001688,2012,YEAR,752,COUNTRY,PUBLISHED,Alcohol consumption (age 15+),Sweden,TOTAL,,,
EE6F72ASA_0000001688,SA_0000001688,EE6F72A,SA_0000001688,2012,YEAR,753,REGION,PUBLISHED,Alcohol consumption (age 15+),Eastern and South-Eastern Asia,TOTAL,,,
EE6F72ASA_0000001688,SA_0000001688,EE6F72A,SA_0000001688,2012,YEAR,756,COUNTRY,PUBLISHED,Alcohol consumption (age 15+),Switzerland,TOTAL,,,
EE6F72ASA_0000001688,SA_0000001688,EE6F72A,SA_0000001688,2012,YEAR,740,COUNTRY,PUBLISHED,Alcohol consumption (age 15+),Suriname,TOTAL,,,
EE6F72ASA_0000001688,SA_0000001688,EE6F72A,SA_0000001688,2012,YEAR,747,REGION,PUBLISHED,Alcohol consumption (age 15+),Northern Africa and Western Asia,TOTAL,,,
EE6F72ASA_0000001688,SA_0000001688,EE6F72A,SA_0000001688,2012,YEAR,764,COUNTRY,PUBLISHED,Alcohol consumption (age 15+),Thailand,TOTAL,,,
EE6F72ASA_0000001688,SA_0000001688,EE6F72A,SA_0000001688,2012,YEAR,768,COUNTRY,PUBLISHED,Alcohol consumption (age 15+),Togo,TOTAL,,,
EE6F72ASA_0000001688,SA_0000001688,EE6F72A,SA_0000001688,2012,YEAR,776,COUNTRY,PUBLISHED,Alcohol consumption (age 15+),Tonga,TOTAL,,,
EE6F72ASA_0000001688,SA_0000001688,EE6F72A,SA_0000001688,2012,YEAR,777,REGION,PUBLISHED,Alcohol consumption (age 15+),,TOTAL,,,
EE6F72ASA_0000001688,SA_0000001688,EE6F72A,SA_0000001688,2012,YEAR,760,COUNTRY,PUBLISHED,Alcohol consumption (age 15+),Syrian Arab Republic,TOTAL,,,
EE6F72ASA_0000001688,SA_0000001688,EE6F72A,SA_0000001688,2012,YEAR,762,COUNTRY,PUBLISHED,Alcohol consumption (age 15+),Tajikistan,TOTAL,,,
EE6F72ASA_0000001688,SA_0000001688,EE6F72A,SA_0000001688,2012,YEAR,788,COUNTRY,PUBLISHED,Alcohol consumption (age 15+),Tunisia,TOTAL,,,
EE6F72ASA_0000001688,SA_0000001688,EE6F72A,SA_0000001688,2012,YEAR,792,COUNTRY,PUBLISHED,Alcohol consumption (age 15+),Türkiye,TOTAL,,,
EE6F72ASA_0000001688,SA_0000001688,EE6F72A,SA_0000001688,2012,YEAR,795,COUNTRY,PUBLISHED,Alcohol consumption (age 15+),Turkmenistan,TOTAL,,,
EE6F72ASA_0000001688,SA_0000001688,EE6F72A,SA_0000001688,2012,YEAR,798,COUNTRY,PUBLISHED,Alcohol consumption (age 15+),Tuvalu,TOTAL,,,
EE6F72ASA_0000001688,SA_0000001688,EE6F72A,SA_0000001688,2012,YEAR,780,COUNTRY,PUBLISHED,Alcohol consumption (age 15+),Trinidad and Tobago,TOTAL,,,
EE6F72ASA_0000001688,SA_0000001688,EE6F72A,SA_0000001688,2012,YEAR,784,COUNTRY,PUBLISHED,Alcohol consumption (age 15+),United Arab Emirates,TOTAL,,,
EE6F72ASA_0000001688,SA_0000001688,EE6F72A,SA_0000001688,2012,YEAR,807,COUNTRY,PUBLISHED,Alcohol consumption (age 15+),North Macedonia,TOTAL,,,
EE6F72ASA_0000001688,SA_0000001688,EE6F72A,SA_0000001688,2012,YEAR,818,COUNTRY,PUBLISHED,Alcohol consumption (age 15+),Egypt,TOTAL,,,
EE6F72ASA_0000001688,SA_0000001688,EE6F72A,SA_0000001688,2012,YEAR,826,COUNTRY,PUBLISHED,Alcohol consumption (age 15+),United Kingdom of Great Britain and Northern Ireland,TOTAL,,,
EE6F72ASA_0000001688,SA_0000001688,EE6F72A,SA_0000001688,2012,YEAR,834,COUNTRY,PUBLISHED,Alcohol consumption (age 15+),United Republic of Tanzania,TOTAL,,,
EE6F72ASA_0000001688,SA_0000001688,EE6F72A,SA_0000001688,2012,YEAR,800,COUNTRY,PUBLISHED,Alcohol consumption (age 15+),Uganda,TOTAL,,,
EE6F72ASA_0000001688,SA_0000001688,EE6F72A,SA_0000001688,2012,YEAR,804,COUNTRY,PUBLISHED,Alcohol consumption (age 15+),Ukraine,TOTAL,,,
EE6F72ASA_0000001688,SA_0000001688,EE6F72A,SA_0000001688,2012,YEAR,858,COUNTRY,PUBLISHED,Alcohol consumption (age 15+),Uruguay,TOTAL,,,
EE6F72ASA_0000001688,SA_0000001688,EE6F72A,SA_0000001688,2012,YEAR,860,COUNTRY,PUBLISHED,Alcohol consumption (age 15+),Uzbekistan,TOTAL,,,
EE6F72ASA_0000001688,SA_0000001688,EE6F72A,SA_0000001688,2012,YEAR,862,COUNTRY,PUBLISHED,Alcohol consumption (age 15+),Venezuela (Bolivarian Republic of),TOTAL,,,
EE6F72ASA_0000001688,SA_0000001688,EE6F72A,SA_0000001688,2012,YEAR,882,COUNTRY,PUBLISHED,Alcohol consumption (age 15+),Samoa,TOTAL,,,
EE6F72ASA_0000001688,SA_0000001688,EE6F72A,SA_0000001688,2012,YEAR,840,COUNTRY,PUBLISHED,Alcohol consumption (age 15+),United States of America,TOTAL,,,
EE6F72ASA_0000001688,SA_0000001688,EE6F72A,SA_0000001688,2012,YEAR,854,COUNTRY,PUBLISHED,Alcohol consumption (age 15+),Burkina Faso,TOTAL,,,
EE6F72ASA_0000001688,SA_0000001688,EE6F72A,SA_0000001688,2012,YEAR,953,WHOREGION,PUBLISHED,Alcohol consumption (age 15+),Africa,TOTAL,,,
EE6F72ASA_0000001688,SA_0000001688,EE6F72A,SA_0000001688,2013,YEAR,001,GLOBAL,PUBLISHED,Alcohol consumption (age 15+),World,TOTAL,,,
EE6F72ASA_0000001688,SA_0000001688,EE6F72A,SA_0000001688,2013,YEAR,002,REGION,PUBLISHED,Alcohol consumption (age 15+),Africa,TOTAL,,,
EE6F72ASA_0000001688,SA_0000001688,EE6F72A,SA_0000001688,2013,YEAR,004,COUNTRY,PUBLISHED,Alcohol consumption (age 15+),Afghanistan,TOTAL,,,
EE6F72ASA_0000001688,SA_0000001688,EE6F72A,SA_0000001688,2013,YEAR,005,REGION,PUBLISHED,Alcohol consumption (age 15+),South America,TOTAL,,,
EE6F72ASA_0000001688,SA_0000001688,EE6F72A,SA_0000001688,2012,YEAR,954,WHOREGION,PUBLISHED,Alcohol consumption (age 15+),Americas,TOTAL,,,
EE6F72ASA_0000001688,SA_0000001688,EE6F72A,SA_0000001688,2012,YEAR,955,WHOREGION,PUBLISHED,Alcohol consumption (age 15+),South-East Asia,TOTAL,,,
EE6F72ASA_0000001688,SA_0000001688,EE6F72A,SA_0000001688,2012,YEAR,956,WHOREGION,PUBLISHED,Alcohol consumption (age 15+),Europe,TOTAL,,,
EE6F72ASA_0000001688,SA_0000001688,EE6F72A,SA_0000001688,2012,YEAR,887,COUNTRY,PUBLISHED,Alcohol consumption (age 15+),Yemen,TOTAL,,,
EE6F72ASA_0000001688,SA_0000001688,EE6F72A,SA_0000001688,2012,YEAR,894,COUNTRY,PUBLISHED,Alcohol consumption (age 15+),Zambia,TOTAL,,,
EE6F72ASA_0000001688,SA_0000001688,EE6F72A,SA_0000001688,2012,YEAR,957,WHOREGION,PUBLISHED,Alcohol consumption (age 15+),Eastern Mediterranean,TOTAL,,,
EE6F72ASA_0000001688,SA_0000001688,EE6F72A,SA_0000001688,2012,YEAR,958,WHOREGION,PUBLISHED,Alcohol consumption (age 15+),Western Pacific,TOTAL,,,
EE6F72ASA_0000001688,SA_0000001688,EE6F72A,SA_0000001688,2013,YEAR,008,COUNTRY,PUBLISHED,Alcohol consumption (age 15+),Albania,TOTAL,,,
EE6F72ASA_0000001688,SA_0000001688,EE6F72A,SA_0000001688,2013,YEAR,009,REGION,PUBLISHED,Alcohol consumption (age 15+),Oceania,TOTAL,,,
EE6F72ASA_0000001688,SA_0000001688,EE6F72A,SA_0000001688,2013,YEAR,011,REGION,PUBLISHED,Alcohol consumption (age 15+),Western Africa,TOTAL,,,
EE6F72ASA_0000001688,SA_0000001688,EE6F72A,SA_0000001688,2013,YEAR,012,COUNTRY,PUBLISHED,Alcohol consumption (age 15+),Algeria,TOTAL,,,
EE6F72ASA_0000001688,SA_0000001688,EE6F72A,SA_0000001688,2013,YEAR,013,REGION,PUBLISHED,Alcohol consumption (age 15+),Central America,TOTAL,,,
EE6F72ASA_0000001688,SA_0000001688,EE6F72A,SA_0000001688,2013,YEAR,014,REGION,PUBLISHED,Alcohol consumption (age 15+),Eastern Africa,TOTAL,,,
EE6F72ASA_0000001688,SA_0000001688,EE6F72A,SA_0000001688,2015,YEAR,558,COUNTRY,PUBLISHED,Alcohol consumption (age 15+),Nicaragua,TOTAL,,,
EE6F72ASA_0000001688,SA_0000001688,EE6F72A,SA_0000001688,2015,YEAR,562,COUNTRY,PUBLISHED,Alcohol consumption (age 15+),Niger,TOTAL,,,
EE6F72ASA_0000001688,SA_0000001688,EE6F72A,SA_0000001688,2015,YEAR,566,COUNTRY,PUBLISHED,Alcohol consumption (age 15+),Nigeria,TOTAL,,,
EE6F72ASA_0000001688,SA_0000001688,EE6F72A,SA_0000001688,2015,YEAR,570,COUNTRY,PUBLISHED,Alcohol consumption (age 15+),Niue,TOTAL,,,
EE6F72ASA_0000001688,SA_0000001688,EE6F72A,SA_0000001688,2015,YEAR,548,COUNTRY,PUBLISHED,Alcohol consumption (age 15+),Vanuatu,TOTAL,,,
EE6F72ASA_0000001688,SA_0000001688,EE6F72A,SA_0000001688,2015,YEAR,554,COUNTRY,PUBLISHED,Alcohol consumption (age 15+),New Zealand,TOTAL,,,
EE6F72ASA_0000001688,SA_0000001688,EE6F72A,SA_0000001688,2015,YEAR,586,COUNTRY,PUBLISHED,Alcohol consumption (age 15+),Pakistan,TOTAL,,,
EE6F72ASA_0000001688,SA_0000001688,EE6F72A,SA_0000001688,2015,YEAR,591,COUNTRY,PUBLISHED,Alcohol consumption (age 15+),Panama,TOTAL,,,
EE6F72ASA_0000001688,SA_0000001688,EE6F72A,SA_0000001688,2015,YEAR,598,COUNTRY,PUBLISHED,Alcohol consumption (age 15+),Papua New Guinea,TOTAL,,,
EE6F72ASA_0000001688,SA_0000001688,EE6F72A,SA_0000001688,2015,YEAR,600,COUNTRY,PUBLISHED,Alcohol consumption (age 15+),Paraguay,TOTAL,,,
EE6F72ASA_0000001688,SA_0000001688,EE6F72A,SA_0000001688,2015,YEAR,578,COUNTRY,PUBLISHED,Alcohol consumption (age 15+),Norway,TOTAL,,,
EE6F72ASA_0000001688,SA_0000001688,EE6F72A,SA_0000001688,2015,YEAR,583,COUNTRY,PUBLISHED,Alcohol consumption (age 15+),Micronesia (Federated States of),TOTAL,,,
EE6F72ASA_0000001688,SA_0000001688,EE6F72A,SA_0000001688,2015,YEAR,616,COUNTRY,PUBLISHED,Alcohol consumption (age 15+),Poland,TOTAL,,,
EE6F72ASA_0000001688,SA_0000001688,EE6F72A,SA_0000001688,2015,YEAR,620,COUNTRY,PUBLISHED,Alcohol consumption (age 15+),Portugal,TOTAL,,,
EE6F72ASA_0000001688,SA_0000001688,EE6F72A,SA_0000001688,2015,YEAR,624,COUNTRY,PUBLISHED,Alcohol consumption (age 15+),Guinea-Bissau,TOTAL,,,
EE6F72ASA_0000001688,SA_0000001688,EE6F72A,SA_0000001688,2015,YEAR,626,COUNTRY,PUBLISHED,Alcohol consumption (age 15+),Timor-Leste,TOTAL,,,
EE6F72ASA_0000001688,SA_0000001688,EE6F72A,SA_0000001688,2015,YEAR,604,COUNTRY,PUBLISHED,Alcohol consumption (age 15+),Peru,TOTAL,,,
EE6F72ASA_0000001688,SA_0000001688,EE6F72A,SA_0000001688,2015,YEAR,608,COUNTRY,PUBLISHED,Alcohol consumption (age 15+),Philippines,TOTAL,,,
EE6F72ASA_0000001688,SA_0000001688,EE6F72A,SA_0000001688,2015,YEAR,643,COUNTRY,PUBLISHED,Alcohol consumption (age 15+),Russian Federation,TOTAL,,,
EE6F72ASA_0000001688,SA_0000001688,EE6F72A,SA_0000001688,2015,YEAR,646,COUNTRY,PUBLISHED,Alcohol consumption (age 15+),Rwanda,TOTAL,,,
EE6F72ASA_0000001688,SA_0000001688,EE6F72A,SA_0000001688,2015,YEAR,659,COUNTRY,PUBLISHED,Alcohol consumption (age 15+),Saint Kitts and Nevis,TOTAL,,,
EE6F72ASA_0000001688,SA_0000001688,EE6F72A,SA_0000001688,2015,YEAR,690,COUNTRY,PUBLISHED,Alcohol consumption (age 15+),Seychelles,TOTAL,,,
EE6F72ASA_0000001688,SA_0000001688,EE6F72A,SA_0000001688,2015,YEAR,694,COUNTRY,PUBLISHED,Alcohol consumption (age 15+),Sierra Leone,TOTAL,,,
EE6F72ASA_0000001688,SA_0000001688,EE6F72A,SA_0000001688,2015,YEAR,662,COUNTRY,PUBLISHED,Alcohol consumption (age 15+),Saint Lucia,TOTAL,,,
EE6F72ASA_0000001688,SA_0000001688,EE6F72A,SA_0000001688,2015,YEAR,634,COUNTRY,PUBLISHED,Alcohol consumption (age 15+),Qatar,TOTAL,,,
EE6F72ASA_0000001688,SA_0000001688,EE6F72A,SA_0000001688,2015,YEAR,642,COUNTRY,PUBLISHED,Alcohol consumption (age 15+),Romania,TOTAL,,,
EE6F72ASA_0000001688,SA_0000001688,EE6F72A,SA_0000001688,2015,YEAR,686,COUNTRY,PUBLISHED,Alcohol consumption (age 15+),Senegal,TOTAL,,,
EE6F72ASA_0000001688,SA_0000001688,EE6F72A,SA_0000001688,2015,YEAR,688,COUNTRY,PUBLISHED,Alcohol consumption (age 15+),Serbia,TOTAL,,,
EE6F72ASA_0000001688,SA_0000001688,EE6F72A,SA_0000001688,2015,YEAR,670,COUNTRY,PUBLISHED,Alcohol consumption (age 15+),Saint Vincent and the Grenadines,TOTAL,,,
EE6F72ASA_0000001688,SA_0000001688,EE6F72A,SA_0000001688,2015,YEAR,678,COUNTRY,PUBLISHED,Alcohol consumption (age 15+),Sao Tome and Principe,TOTAL,,,
EE6F72ASA_0000001688,SA_0000001688,EE6F72A,SA_0000001688,2015,YEAR,706,COUNTRY,PUBLISHED,Alcohol consumption (age 15+),Somalia,TOTAL,,,
EE6F72ASA_0000001688,SA_0000001688,EE6F72A,SA_0000001688,2015,YEAR,710,COUNTRY,PUBLISHED,Alcohol consumption (age 15+),South Africa,TOTAL,,,
EE6F72ASA_0000001688,SA_0000001688,EE6F72A,SA_0000001688,2015,YEAR,702,COUNTRY,PUBLISHED,Alcohol consumption (age 15+),Singapore,TOTAL,,,
EE6F72ASA_0000001688,SA_0000001688,EE6F72A,SA_0000001688,2015,YEAR,703,COUNTRY,PUBLISHED,Alcohol consumption (age 15+),Slovakia,TOTAL,,,
EE6F72ASA_0000001688,SA_0000001688,EE6F72A,SA_0000001688,2015,YEAR,704,COUNTRY,PUBLISHED,Alcohol consumption (age 15+),Viet Nam,TOTAL,,,
EE6F72ASA_0000001688,SA_0000001688,EE6F72A,SA_0000001688,2015,YEAR,705,COUNTRY,PUBLISHED,Alcohol consumption (age 15+),Slovenia,TOTAL,,,
EE6F72ASA_0000001688,SA_0000001688,EE6F72A,SA_0000001688,2015,YEAR,724,COUNTRY,PUBLISHED,Alcohol consumption (age 15+),Spain,TOTAL,,,
EE6F72ASA_0000001688,SA_0000001688,EE6F72A,SA_0000001688,2015,YEAR,728,COUNTRY,PUBLISHED,Alcohol consumption (age 15+),South Sudan,TOTAL,,,
EE6F72ASA_0000001688,SA_0000001688,EE6F72A,SA_0000001688,2015,YEAR,729,COUNTRY,PUBLISHED,Alcohol consumption (age 15+),Sudan,TOTAL,,,
EE6F72ASA_0000001688,SA_0000001688,EE6F72A,SA_0000001688,2015,YEAR,740,COUNTRY,PUBLISHED,Alcohol consumption (age 15+),Suriname,TOTAL,,,
EE6F72ASA_0000001688,SA_0000001688,EE6F72A,SA_0000001688,2015,YEAR,716,COUNTRY,PUBLISHED,Alcohol consumption (age 15+),Zimbabwe,TOTAL,,,
EE6F72ASA_0000001688,SA_0000001688,EE6F72A,SA_0000001688,2015,YEAR,722,CLASSIFICATION,PUBLISHED,Alcohol consumption (age 15+),Small Island Developing States,TOTAL,,,
EE6F72ASA_0000001688,SA_0000001688,EE6F72A,SA_0000001688,2015,YEAR,752,COUNTRY,PUBLISHED,Alcohol consumption (age 15+),Sweden,TOTAL,,,
EE6F72ASA_0000001688,SA_0000001688,EE6F72A,SA_0000001688,2015,YEAR,753,REGION,PUBLISHED,Alcohol consumption (age 15+),Eastern and South-Eastern Asia,TOTAL,,,
EE6F72ASA_0000001688,SA_0000001688,EE6F72A,SA_0000001688,2015,YEAR,756,COUNTRY,PUBLISHED,Alcohol consumption (age 15+),Switzerland,TOTAL,,,
EE6F72ASA_0000001688,SA_0000001688,EE6F72A,SA_0000001688,2015,YEAR,760,COUNTRY,PUBLISHED,Alcohol consumption (age 15+),Syrian Arab Republic,TOTAL,,,
EE6F72ASA_0000001688,SA_0000001688,EE6F72A,SA_0000001688,2015,YEAR,747,REGION,PUBLISHED,Alcohol consumption (age 15+),Northern Africa and Western Asia,TOTAL,,,
EE6F72ASA_0000001688,SA_0000001688,EE6F72A,SA_0000001688,2015,YEAR,748,COUNTRY,PUBLISHED,Alcohol consumption (age 15+),Eswatini,TOTAL,,,
EE6F72ASA_0000001688,SA_0000001688,EE6F72A,SA_0000001688,2015,YEAR,768,COUNTRY,PUBLISHED,Alcohol consumption (age 15+),Togo,TOTAL,,,
EE6F72ASA_0000001688,SA_0000001688,EE6F72A,SA_0000001688,2015,YEAR,776,COUNTRY,PUBLISHED,Alcohol consumption (age 15+),Tonga,TOTAL,,,
EE6F72ASA_0000001688,SA_0000001688,EE6F72A,SA_0000001688,2015,YEAR,777,REGION,PUBLISHED,Alcohol consumption (age 15+),,TOTAL,,,
EE6F72ASA_0000001688,SA_0000001688,EE6F72A,SA_0000001688,2015,YEAR,780,COUNTRY,PUBLISHED,Alcohol consumption (age 15+),Trinidad and Tobago,TOTAL,,,
EE6F72ASA_0000001688,SA_0000001688,EE6F72A,SA_0000001688,2015,YEAR,762,COUNTRY,PUBLISHED,Alcohol consumption (age 15+),Tajikistan,TOTAL,,,
EE6F72ASA_0000001688,SA_0000001688,EE6F72A,SA_0000001688,2015,YEAR,764,COUNTRY,PUBLISHED,Alcohol consumption (age 15+),Thailand,TOTAL,,,
EE6F72ASA_0000001688,SA_0000001688,EE6F72A,SA_0000001688,2015,YEAR,792,COUNTRY,PUBLISHED,Alcohol consumption (age 15+),Türkiye,TOTAL,,,
EE6F72ASA_0000001688,SA_0000001688,EE6F72A,SA_0000001688,2015,YEAR,795,COUNTRY,PUBLISHED,Alcohol consumption (age 15+),Turkmenistan,TOTAL,,,
EE6F72ASA_0000001688,SA_0000001688,EE6F72A,SA_0000001688,2015,YEAR,798,COUNTRY,PUBLISHED,Alcohol consumption (age 15+),Tuvalu,TOTAL,,,
EE6F72ASA_0000001688,SA_0000001688,EE6F72A,SA_0000001688,2015,YEAR,800,COUNTRY,PUBLISHED,Alcohol consumption (age 15+),Uganda,TOTAL,,,
EE6F72ASA_0000001688,SA_0000001688,EE6F72A,SA_0000001688,2015,YEAR,784,COUNTRY,PUBLISHED,Alcohol consumption (age 15+),United Arab Emirates,TOTAL,,,
EE6F72ASA_0000001688,SA_0000001688,EE6F72A,SA_0000001688,2015,YEAR,788,COUNTRY,PUBLISHED,Alcohol consumption (age 15+),Tunisia,TOTAL,,,
EE6F72ASA_0000001688,SA_0000001688,EE6F72A,SA_0000001688,2015,YEAR,818,COUNTRY,PUBLISHED,Alcohol consumption (age 15+),Egypt,TOTAL,,,
EE6F72ASA_0000001688,SA_0000001688,EE6F72A,SA_0000001688,2015,YEAR,826,COUNTRY,PUBLISHED,Alcohol consumption (age 15+),United Kingdom of Great Britain and Northern Ireland,TOTAL,,,
EE6F72ASA_0000001688,SA_0000001688,EE6F72A,SA_0000001688,2015,YEAR,834,COUNTRY,PUBLISHED,Alcohol consumption (age 15+),United Republic of Tanzania,TOTAL,,,
EE6F72ASA_0000001688,SA_0000001688,EE6F72A,SA_0000001688,2015,YEAR,840,COUNTRY,PUBLISHED,Alcohol consumption (age 15+),United States of America,TOTAL,,,
EE6F72ASA_0000001688,SA_0000001688,EE6F72A,SA_0000001688,2015,YEAR,804,COUNTRY,PUBLISHED,Alcohol consumption (age 15+),Ukraine,TOTAL,,,
EE6F72ASA_0000001688,SA_0000001688,EE6F72A,SA_0000001688,2015,YEAR,807,COUNTRY,PUBLISHED,Alcohol consumption (age 15+),North Macedonia,TOTAL,,,
EE6F72ASA_0000001688,SA_0000001688,EE6F72A,SA_0000001688,2015,YEAR,860,COUNTRY,PUBLISHED,Alcohol consumption (age 15+),Uzbekistan,TOTAL,,,
EE6F72ASA_0000001688,SA_0000001688,EE6F72A,SA_0000001688,2015,YEAR,862,COUNTRY,PUBLISHED,Alcohol consumption (age 15+),Venezuela (Bolivarian Republic of),TOTAL,,,
EE6F72ASA_0000001688,SA_0000001688,EE6F72A,SA_0000001688,2015,YEAR,882,COUNTRY,PUBLISHED,Alcohol consumption (age 15+),Samoa,TOTAL,,,
EE6F72ASA_0000001688,SA_0000001688,EE6F72A,SA_0000001688,2015,YEAR,887,COUNTRY,PUBLISHED,Alcohol consumption (age 15+),Yemen,TOTAL,,,
EE6F72ASA_0000001688,SA_0000001688,EE6F72A,SA_0000001688,2015,YEAR,854,COUNTRY,PUBLISHED,Alcohol consumption (age 15+),Burkina Faso,TOTAL,,,
EE6F72ASA_0000001688,SA_0000001688,EE6F72A,SA_0000001688,2015,YEAR,858,COUNTRY,PUBLISHED,Alcohol consumption (age 15+),Uruguay,TOTAL,,,
EE6F72ASA_0000001688,SA_0000001688,EE6F72A,SA_0000001688,2015,YEAR,954,WHOREGION,PUBLISHED,Alcohol consumption (age 15+),Americas,TOTAL,,,
EE6F72ASA_0000001688,SA_0000001688,EE6F72A,SA_0000001688,2015,YEAR,955,WHOREGION,PUBLISHED,Alcohol consumption (age 15+),South-East Asia,TOTAL,,,
EE6F72ASA_0000001688,SA_0000001688,EE6F72A,SA_0000001688,2015,YEAR,956,WHOREGION,PUBLISHED,Alcohol consumption (age 15+),Europe,TOTAL,,,
EE6F72ASA_0000001688,SA_0000001688,EE6F72A,SA_0000001688,2015,YEAR,957,WHOREGION,PUBLISHED,Alcohol consumption (age 15+),Eastern Mediterranean,TOTAL,,,
EE6F72ASA_0000001688,SA_0000001688,EE6F72A,SA_0000001688,2015,YEAR,894,COUNTRY,PUBLISHED,Alcohol consumption (age 15+),Zambia,TOTAL,,,
EE6F72ASA_0000001688,SA_0000001688,EE6F72A,SA_0000001688,2015,YEAR,953,WHOREGION,PUBLISHED,Alcohol consumption (age 15+),Africa,TOTAL,,,
EE6F72ASA_0000001688,SA_0000001688,EE6F72A,SA_0000001688,2016,YEAR,002,REGION,PUBLISHED,Alcohol consumption (age 15+),Africa,TOTAL,,,
EE6F72ASA_0000001688,SA_0000001688,EE6F72A,SA_0000001688,2016,YEAR,012,COUNTRY,PUBLISHED,Alcohol consumption (age 15+),Algeria,TOTAL,,,
EE6F72ASA_0000001688,SA_0000001688,EE6F72A,SA_0000001688,2016,YEAR,013,REGION,PUBLISHED,Alcohol consumption (age 15+),Central America,TOTAL,,,
EE6F72ASA_0000001688,SA_0000001688,EE6F72A,SA_0000001688,2018,YEAR,174,COUNTRY,PUBLISHED,Alcohol consumption (age 15+),Comoros,TOTAL,,,
EE6F72ASA_0000001688,SA_0000001688,EE6F72A,SA_0000001688,2018,YEAR,178,COUNTRY,PUBLISHED,Alcohol consumption (age 15+),Congo,TOTAL,,,
EE6F72ASA_0000001688,SA_0000001688,EE6F72A,SA_0000001688,2016,YEAR,004,COUNTRY,PUBLISHED,Alcohol consumption (age 15+),Afghanistan,TOTAL,,,
EE6F72ASA_0000001688,SA_0000001688,EE6F72A,SA_0000001688,2016,YEAR,005,REGION,PUBLISHED,Alcohol consumption (age 15+),South America,TOTAL,,,
EE6F72ASA_0000001688,SA_0000001688,EE6F72A,SA_0000001688,2016,YEAR,008,COUNTRY,PUBLISHED,Alcohol consumption (age 15+),Albania,TOTAL,,,
EE6F72ASA_0000001688,SA_0000001688,EE6F72A,SA_0000001688,2015,YEAR,958,WHOREGION,PUBLISHED,Alcohol consumption (age 15+),Western Pacific,TOTAL,,,
EE6F72ASA_0000001688,SA_0000001688,EE6F72A,SA_0000001688,2016,YEAR,001,GLOBAL,PUBLISHED,Alcohol consumption (age 15+),World,TOTAL,,,
EE6F72ASA_0000001688,SA_0000001688,EE6F72A,SA_0000001688,2016,YEAR,009,REGION,PUBLISHED,Alcohol consumption (age 15+),Oceania,TOTAL,,,
EE6F72ASA_0000001688,SA_0000001688,EE6F72A,SA_0000001688,2016,YEAR,011,REGION,PUBLISHED,Alcohol consumption (age 15+),Western Africa,TOTAL,,,
EE6F72ASA_0000001688,SA_0000001688,EE6F72A,SA_0000001688,2018,YEAR,180,COUNTRY,PUBLISHED,Alcohol consumption (age 15+),Democratic Republic of the Congo,TOTAL,,,
EE6F72ASA_0000001688,SA_0000001688,EE6F72A,SA_0000001688,2018,YEAR,188,COUNTRY,PUBLISHED,Alcohol consumption (age 15+),Costa Rica,TOTAL,,,
EE6F72ASA_0000001688,SA_0000001688,EE6F72A,SA_0000001688,2018,YEAR,191,COUNTRY,PUBLISHED,Alcohol consumption (age 15+),Croatia,TOTAL,,,
EE6F72ASA_0000001688,SA_0000001688,EE6F72A,SA_0000001688,2018,YEAR,192,COUNTRY,PUBLISHED,Alcohol consumption (age 15+),Cuba,TOTAL,,,
EE6F72ASA_0000001688,SA_0000001688,EE6F72A,SA_0000001688,2018,YEAR,196,COUNTRY,PUBLISHED,Alcohol consumption (age 15+),Cyprus,TOTAL,,,
EE6F72ASA_0000001688,SA_0000001688,EE6F72A,SA_0000001688,2018,YEAR,199,CLASSIFICATION,PUBLISHED,Alcohol consumption (age 15+),Least developed countries,TOTAL,,,
EE6F72ASA_0000001688,SA_0000001688,EE6F72A,SA_0000001688,2018,YEAR,204,COUNTRY,PUBLISHED,Alcohol consumption (age 15+),Benin,TOTAL,,,
EE6F72ASA_0000001688,SA_0000001688,EE6F72A,SA_0000001688,2018,YEAR,208,COUNTRY,PUBLISHED,Alcohol consumption (age 15+),Denmark,TOTAL,,,
EE6F72ASA_0000001688,SA_0000001688,EE6F72A,SA_0000001688,2018,YEAR,212,COUNTRY,PUBLISHED,Alcohol consumption (age 15+),Dominica,TOTAL,,,
EE6F72ASA_0000001688,SA_0000001688,EE6F72A,SA_0000001688,2018,YEAR,214,COUNTRY,PUBLISHED,Alcohol consumption (age 15+),Dominican Republic,TOTAL,,,
EE6F72ASA_0000001688,SA_0000001688,EE6F72A,SA_0000001688,2018,YEAR,202,REGION,PUBLISHED,Alcohol consumption (age 15+),Sub-Saharan Africa,TOTAL,,,
EE6F72ASA_0000001688,SA_0000001688,EE6F72A,SA_0000001688,2018,YEAR,203,COUNTRY,PUBLISHED,Alcohol consumption (age 15+),Czechia,TOTAL,,,
EE6F72ASA_0000001688,SA_0000001688,EE6F72A,SA_0000001688,2018,YEAR,226,COUNTRY,PUBLISHED,Alcohol consumption (age 15+),Equatorial Guinea,TOTAL,,,
EE6F72ASA_0000001688,SA_0000001688,EE6F72A,SA_0000001688,2018,YEAR,231,COUNTRY,PUBLISHED,Alcohol consumption (age 15+),Ethiopia,TOTAL,,,
EE6F72ASA_0000001688,SA_0000001688,EE6F72A,SA_0000001688,2018,YEAR,232,COUNTRY,PUBLISHED,Alcohol consumption (age 15+),Eritrea,TOTAL,,,
EE6F72ASA_0000001688,SA_0000001688,EE6F72A,SA_0000001688,2018,YEAR,233,COUNTRY,PUBLISHED,Alcohol consumption (age 15+),Estonia,TOTAL,,,
EE6F72ASA_0000001688,SA_0000001688,EE6F72A,SA_0000001688,2018,YEAR,218,COUNTRY,PUBLISHED,Alcohol consumption (age 15+),Ecuador,TOTAL,,,
EE6F72ASA_0000001688,SA_0000001688,EE6F72A,SA_0000001688,2018,YEAR,222,COUNTRY,PUBLISHED,Alcohol consumption (age 15+),El Salvador,TOTAL,,,
EE6F72ASA_0000001688,SA_0000001688,EE6F72A,SA_0000001688,2018,YEAR,250,COUNTRY,PUBLISHED,Alcohol consumption (age 15+),France,TOTAL,,,
EE6F72ASA_0000001688,SA_0000001688,EE6F72A,SA_0000001688,2018,YEAR,262,COUNTRY,PUBLISHED,Alcohol consumption (age 15+),Djibouti,TOTAL,,,
EE6F72ASA_0000001688,SA_0000001688,EE6F72A,SA_0000001688,2018,YEAR,266,COUNTRY,PUBLISHED,Alcohol consumption (age 15+),Gabon,TOTAL,,,
EE6F72ASA_0000001688,SA_0000001688,EE6F72A,SA_0000001688,2018,YEAR,268,COUNTRY,PUBLISHED,Alcohol consumption (age 15+),Georgia,TOTAL,,,
EE6F72ASA_0000001688,SA_0000001688,EE6F72A,SA_0000001688,2018,YEAR,242,COUNTRY,PUBLISHED,Alcohol consumption (age 15+),Fiji,TOTAL,,,
EE6F72ASA_0000001688,SA_0000001688,EE6F72A,SA_0000001688,2018,YEAR,246,COUNTRY,PUBLISHED,Alcohol consumption (age 15+),Finland,TOTAL,,,
EE6F72ASA_0000001688,SA_0000001688,EE6F72A,SA_0000001688,2018,YEAR,288,COUNTRY,PUBLISHED,Alcohol consumption (age 15+),Ghana,TOTAL,,,
EE6F72ASA_0000001688,SA_0000001688,EE6F72A,SA_0000001688,2018,YEAR,296,COUNTRY,PUBLISHED,Alcohol consumption (age 15+),Kiribati,TOTAL,,,
EE6F72ASA_0000001688,SA_0000001688,EE6F72A,SA_0000001688,2018,YEAR,300,COUNTRY,PUBLISHED,Alcohol consumption (age 15+),Greece,TOTAL,,,
EE6F72ASA_0000001688,SA_0000001688,EE6F72A,SA_0000001688,2018,YEAR,308,COUNTRY,PUBLISHED,Alcohol consumption (age 15+),Grenada,TOTAL,,,
EE6F72ASA_0000001688,SA_0000001688,EE6F72A,SA_0000001688,2018,YEAR,270,COUNTRY,PUBLISHED,Alcohol consumption (age 15+),Gambia,TOTAL,,,
EE6F72ASA_0000001688,SA_0000001688,EE6F72A,SA_0000001688,2018,YEAR,276,COUNTRY,PUBLISHED,Alcohol consumption (age 15+),Germany,TOTAL,,,
EE6F72ASA_0000001688,SA_0000001688,EE6F72A,SA_0000001688,2018,YEAR,328,COUNTRY,PUBLISHED,Alcohol consumption (age 15+),Guyana,TOTAL,,,
EE6F72ASA_0000001688,SA_0000001688,EE6F72A,SA_0000001688,2018,YEAR,332,COUNTRY,PUBLISHED,Alcohol consumption (age 15+),Haiti,TOTAL,,,
EE6F72ASA_0000001688,SA_0000001688,EE6F72A,SA_0000001688,2018,YEAR,340,COUNTRY,PUBLISHED,Alcohol consumption (age 15+),Honduras,TOTAL,,,
EE6F72ASA_0000001688,SA_0000001688,EE6F72A,SA_0000001688,2018,YEAR,348,COUNTRY,PUBLISHED,Alcohol consumption (age 15+),Hungary,TOTAL,,,
EE6F72ASA_0000001688,SA_0000001688,EE6F72A,SA_0000001688,2018,YEAR,320,COUNTRY,PUBLISHED,Alcohol consumption (age 15+),Guatemala,TOTAL,,,
EE6F72ASA_0000001688,SA_0000001688,EE6F72A,SA_0000001688,2018,YEAR,324,COUNTRY,PUBLISHED,Alcohol consumption (age 15+),Guinea,TOTAL,,,
EE6F72ASA_0000001688,SA_0000001688,EE6F72A,SA_0000001688,2018,YEAR,360,COUNTRY,PUBLISHED,Alcohol consumption (age 15+),Indonesia,TOTAL,,,
EE6F72ASA_0000001688,SA_0000001688,EE6F72A,SA_0000001688,2018,YEAR,364,COUNTRY,PUBLISHED,Alcohol consumption (age 15+),Iran (Islamic Republic of),TOTAL,,,
EE6F72ASA_0000001688,SA_0000001688,EE6F72A,SA_0000001688,2018,YEAR,368,COUNTRY,PUBLISHED,Alcohol consumption (age 15+),Iraq,TOTAL,,,
EE6F72ASA_0000001688,SA_0000001688,EE6F72A,SA_0000001688,2018,YEAR,372,COUNTRY,PUBLISHED,Alcohol consumption (age 15+),Ireland,TOTAL,,,
EE6F72ASA_0000001688,SA_0000001688,EE6F72A,SA_0000001688,2018,YEAR,352,COUNTRY,PUBLISHED,Alcohol consumption (age 15+),Iceland,TOTAL,,,
EE6F72ASA_0000001688,SA_0000001688,EE6F72A,SA_0000001688,2018,YEAR,356,COUNTRY,PUBLISHED,Alcohol consumption (age 15+),India,TOTAL,,,
EE6F72ASA_0000001688,SA_0000001688,EE6F72A,SA_0000001688,2018,YEAR,384,COUNTRY,PUBLISHED,Alcohol consumption (age 15+),Côte d'Ivoire,TOTAL,,,
EE6F72ASA_0000001688,SA_0000001688,EE6F72A,SA_0000001688,2018,YEAR,388,COUNTRY,PUBLISHED,Alcohol consumption (age 15+),Jamaica,TOTAL,,,
EE6F72ASA_0000001688,SA_0000001688,EE6F72A,SA_0000001688,2018,YEAR,392,COUNTRY,PUBLISHED,Alcohol consumption (age 15+),Japan,TOTAL,,,
EE6F72ASA_0000001688,SA_0000001688,EE6F72A,SA_0000001688,2018,YEAR,398,COUNTRY,PUBLISHED,Alcohol consumption (age 15+),Kazakhstan,TOTAL,,,
EE6F72ASA_0000001688,SA_0000001688,EE6F72A,SA_0000001688,2018,YEAR,376,COUNTRY,PUBLISHED,Alcohol consumption (age 15+),Israel,TOTAL,,,
EE6F72ASA_0000001688,SA_0000001688,EE6F72A,SA_0000001688,2018,YEAR,380,COUNTRY,PUBLISHED,Alcohol consumption (age 15+),Italy,TOTAL,,,
EE6F72ASA_0000001688,SA_0000001688,EE6F72A,SA_0000001688,2018,YEAR,408,COUNTRY,PUBLISHED,Alcohol consumption (age 15+),Democratic People's Republic of Korea,TOTAL,,,
EE6F72ASA_0000001688,SA_0000001688,EE6F72A,SA_0000001688,2018,YEAR,410,COUNTRY,PUBLISHED,Alcohol consumption (age 15+),Republic of Korea,TOTAL,,,
EE6F72ASA_0000001688,SA_0000001688,EE6F72A,SA_0000001688,2018,YEAR,414,COUNTRY,PUBLISHED,Alcohol consumption (age 15+),Kuwait,TOTAL,,,
EE6F72ASA_0000001688,SA_0000001688,EE6F72A,SA_0000001688,2018,YEAR,417,COUNTRY,PUBLISHED,Alcohol consumption (age 15+),Kyrgyzstan,TOTAL,,,
EE6F72ASA_0000001688,SA_0000001688,EE6F72A,SA_0000001688,2018,YEAR,400,COUNTRY,PUBLISHED,Alcohol consumption (age 15+),Jordan,TOTAL,,,
EE6F72ASA_0000001688,SA_0000001688,EE6F72A,SA_0000001688,2018,YEAR,404,COUNTRY,PUBLISHED,Alcohol consumption (age 15+),Kenya,TOTAL,,,
EE6F72ASA_0000001688,SA_0000001688,EE6F72A,SA_0000001688,2018,YEAR,422,COUNTRY,PUBLISHED,Alcohol consumption (age 15+),Lebanon,TOTAL,,,
EE6F72ASA_0000001688,SA_0000001688,EE6F72A,SA_0000001688,2018,YEAR,426,COUNTRY,PUBLISHED,Alcohol consumption (age 15+),Lesotho,TOTAL,,,
EE6F72ASA_0000001688,SA_0000001688,EE6F72A,SA_0000001688,2018,YEAR,428,COUNTRY,PUBLISHED,Alcohol consumption (age 15+),Latvia,TOTAL,,,
EE6F72ASA_0000001688,SA_0000001688,EE6F72A,SA_0000001688,2018,YEAR,430,COUNTRY,PUBLISHED,Alcohol consumption (age 15+),Liberia,TOTAL,,,
EE6F72ASA_0000001688,SA_0000001688,EE6F72A,SA_0000001688,2018,YEAR,418,COUNTRY,PUBLISHED,Alcohol consumption (age 15+),Lao People's Democratic Republic,TOTAL,,,
EE6F72ASA_0000001688,SA_0000001688,EE6F72A,SA_0000001688,2018,YEAR,419,REGION,PUBLISHED,Alcohol consumption (age 15+),Latin America and the Caribbean,TOTAL,,,
EE6F72ASA_0000001688,SA_0000001688,EE6F72A,SA_0000001688,2018,YEAR,440,COUNTRY,PUBLISHED,Alcohol consumption (age 15+),Lithuania,TOTAL,,,
EE6F72ASA_0000001688,SA_0000001688,EE6F72A,SA_0000001688,2018,YEAR,442,COUNTRY,PUBLISHED,Alcohol consumption (age 15+),Luxembourg,TOTAL,,,
EE6F72ASA_0000001688,SA_0000001688,EE6F72A,SA_0000001688,2018,YEAR,450,COUNTRY,PUBLISHED,Alcohol consumption (age 15+),Madagascar,TOTAL,,,
EE6F72ASA_0000001688,SA_0000001688,EE6F72A,SA_0000001688,2018,YEAR,454,COUNTRY,PUBLISHED,Alcohol consumption (age 15+),Malawi,TOTAL,,,
EE6F72ASA_0000001688,SA_0000001688,EE6F72A,SA_0000001688,2018,YEAR,432,CLASSIFICATION,PUBLISHED,Alcohol consumption (age 15+),Landlocked developing countries,TOTAL,,,
EE6F72ASA_0000001688,SA_0000001688,EE6F72A,SA_0000001688,2018,YEAR,434,COUNTRY,PUBLISHED,Alcohol consumption (age 15+),Libya,TOTAL,,,
EE6F72ASA_0000001688,SA_0000001688,EE6F72A,SA_0000001688,2018,YEAR,466,COUNTRY,PUBLISHED,Alcohol consumption (age 15+),Mali,TOTAL,,,
EE6F72ASA_0000001688,SA_0000001688,EE6F72A,SA_0000001688,2018,YEAR,470,COUNTRY,PUBLISHED,Alcohol consumption (age 15+),Malta,TOTAL,,,
EE6F72ASA_0000001688,SA_0000001688,EE6F72A,SA_0000001688,2018,YEAR,478,COUNTRY,PUBLISHED,Alcohol consumption (age 15+),Mauritania,TOTAL,,,
EE6F72ASA_0000001688,SA_0000001688,EE6F72A,SA_0000001688,2018,YEAR,480,COUNTRY,PUBLISHED,Alcohol consumption (age 15+),Mauritius,TOTAL,,,
EE6F72ASA_0000001688,SA_0000001688,EE6F72A,SA_0000001688,2018,YEAR,458,COUNTRY,PUBLISHED,Alcohol consumption (age 15+),Malaysia,TOTAL,,,
EE6F72ASA_0000001688,SA_0000001688,EE6F72A,SA_0000001688,2018,YEAR,462,COUNTRY,PUBLISHED,Alcohol consumption (age 15+),Maldives,TOTAL,,,
EE6F72ASA_0000001688,SA_0000001688,EE6F72A,SA_0000001688,2018,YEAR,498,COUNTRY,PUBLISHED,Alcohol consumption (age 15+),Republic of Moldova,TOTAL,,,
EE6F72ASA_0000001688,SA_0000001688,EE6F72A,SA_0000001688,2018,YEAR,499,COUNTRY,PUBLISHED,Alcohol consumption (age 15+),Montenegro,TOTAL,,,
EE6F72ASA_0000001688,SA_0000001688,EE6F72A,SA_0000001688,2018,YEAR,504,COUNTRY,PUBLISHED,Alcohol consumption (age 15+),Morocco,TOTAL,,,
EE6F72ASA_0000001688,SA_0000001688,EE6F72A,SA_0000001688,2018,YEAR,516,COUNTRY,PUBLISHED,Alcohol consumption (age 15+),Namibia,TOTAL,,,
EE6F72ASA_0000001688,SA_0000001688,EE6F72A,SA_0000001688,2018,YEAR,520,COUNTRY,PUBLISHED,Alcohol consumption (age 15+),Nauru,TOTAL,,,
EE6F72ASA_0000001688,SA_0000001688,EE6F72A,SA_0000001688,2018,YEAR,508,COUNTRY,PUBLISHED,Alcohol consumption (age 15+),Mozambique,TOTAL,,,
EE6F72ASA_0000001688,SA_0000001688,EE6F72A,SA_0000001688,2018,YEAR,484,COUNTRY,PUBLISHED,Alcohol consumption (age 15+),Mexico,TOTAL,,,
EE6F72ASA_0000001688,SA_0000001688,EE6F72A,SA_0000001688,2018,YEAR,496,COUNTRY,PUBLISHED,Alcohol consumption (age 15+),Mongolia,TOTAL,,,
EE6F72ASA_0000001688,SA_0000001688,EE6F72A,SA_0000001688,2018,YEAR,514,CLASSIFICATION,PUBLISHED,Alcohol consumption (age 15+),"Developed regions (Europe, Cyprus, Israel, Northern America, Japan, Australia & New Zealand)",TOTAL,,,
EE6F72ASA_0000001688,SA_0000001688,EE6F72A,SA_0000001688,2018,YEAR,515,CLASSIFICATION,PUBLISHED,Alcohol consumption (age 15+),Developing regions,TOTAL,,,
EE6F72ASA_0000001688,SA_0000001688,EE6F72A,SA_0000001688,2018,YEAR,512,COUNTRY,PUBLISHED,Alcohol consumption (age 15+),Oman,TOTAL,,,
EE6F72ASA_0000001688,SA_0000001688,EE6F72A,SA_0000001688,2018,YEAR,513,REGION,PUBLISHED,Alcohol consumption (age 15+),Europe and Northern America,TOTAL,,,
EE6F72ASA_0000001688,SA_0000001688,EE6F72A,SA_0000001688,2021,YEAR,178,COUNTRY,PUBLISHED,Alcohol consumption (age 15+),Congo,TOTAL,,,
EE6F72ASA_0000001688,SA_0000001688,EE6F72A,SA_0000001688,2021,YEAR,192,COUNTRY,PUBLISHED,Alcohol consumption (age 15+),Cuba,TOTAL,,,
EE6F72ASA_0000001688,SA_0000001688,EE6F72A,SA_0000001688,2021,YEAR,196,COUNTRY,PUBLISHED,Alcohol consumption (age 15+),Cyprus,TOTAL,,,
EE6F72ASA_0000001688,SA_0000001688,EE6F72A,SA_0000001688,2021,YEAR,199,CLASSIFICATION,PUBLISHED,Alcohol consumption (age 15+),Least developed countries,TOTAL,,,
EE6F72ASA_0000001688,SA_0000001688,EE6F72A,SA_0000001688,2021,YEAR,202,REGION,PUBLISHED,Alcohol consumption (age 15+),Sub-Saharan Africa,TOTAL,,,
EE6F72ASA_0000001688,SA_0000001688,EE6F72A,SA_0000001688,2021,YEAR,180,COUNTRY,PUBLISHED,Alcohol consumption (age 15+),Democratic Republic of the Congo,TOTAL,,,
EE6F72ASA_0000001688,SA_0000001688,EE6F72A,SA_0000001688,2018,YEAR,524,COUNTRY,PUBLISHED,Alcohol consumption (age 15+),Nepal,TOTAL,,,
EE6F72ASA_0000001688,SA_0000001688,EE6F72A,SA_0000001688,2018,YEAR,528,COUNTRY,PUBLISHED,Alcohol consumption (age 15+),Netherlands (Kingdom of the),TOTAL,,,
EE6F72ASA_0000001688,SA_0000001688,EE6F72A,SA_0000001688,2021,YEAR,170,COUNTRY,PUBLISHED,Alcohol consumption (age 15+),Colombia,TOTAL,,,
EE6F72ASA_0000001688,SA_0000001688,EE6F72A,SA_0000001688,2021,YEAR,174,COUNTRY,PUBLISHED,Alcohol consumption (age 15+),Comoros,TOTAL,,,
EE6F72ASA_0000001688,SA_0000001688,EE6F72A,SA_0000001688,2021,YEAR,188,COUNTRY,PUBLISHED,Alcohol consumption (age 15+),Costa Rica,TOTAL,,,
EE6F72ASA_0000001688,SA_0000001688,EE6F72A,SA_0000001688,2021,YEAR,191,COUNTRY,PUBLISHED,Alcohol consumption (age 15+),Croatia,TOTAL,,,
EE6F72ASA_0000001688,SA_0000001688,EE6F72A,SA_0000001688,2021,YEAR,203,COUNTRY,PUBLISHED,Alcohol consumption (age 15+),Czechia,TOTAL,,,
EE6F72ASA_0000001688,SA_0000001688,EE6F72A,SA_0000001688,2021,YEAR,204,COUNTRY,PUBLISHED,Alcohol consumption (age 15+),Benin,TOTAL,,,
EE6F72ASA_0000001688,SA_0000001688,EE6F72A,SA_0000001688,2021,YEAR,208,COUNTRY,PUBLISHED,Alcohol consumption (age 15+),Denmark,TOTAL,,,
EE6F72ASA_0000001688,SA_0000001688,EE6F72A,SA_0000001688,2021,YEAR,212,COUNTRY,PUBLISHED,Alcohol consumption (age 15+),Dominica,TOTAL,,,
EE6F72ASA_0000001688,SA_0000001688,EE6F72A,SA_0000001688,2021,YEAR,214,COUNTRY,PUBLISHED,Alcohol consumption (age 15+),Dominican Republic,TOTAL,,,
EE6F72ASA_0000001688,SA_0000001688,EE6F72A,SA_0000001688,2021,YEAR,218,COUNTRY,PUBLISHED,Alcohol consumption (age 15+),Ecuador,TOTAL,,,
EE6F72ASA_0000001688,SA_0000001688,EE6F72A,SA_0000001688,2021,YEAR,231,COUNTRY,PUBLISHED,Alcohol consumption (age 15+),Ethiopia,TOTAL,,,
EE6F72ASA_0000001688,SA_0000001688,EE6F72A,SA_0000001688,2021,YEAR,232,COUNTRY,PUBLISHED,Alcohol consumption (age 15+),Eritrea,TOTAL,,,
EE6F72ASA_0000001688,SA_0000001688,EE6F72A,SA_0000001688,2021,YEAR,233,COUNTRY,PUBLISHED,Alcohol consumption (age 15+),Estonia,TOTAL,,,
EE6F72ASA_0000001688,SA_0000001688,EE6F72A,SA_0000001688,2021,YEAR,242,COUNTRY,PUBLISHED,Alcohol consumption (age 15+),Fiji,TOTAL,,,
EE6F72ASA_0000001688,SA_0000001688,EE6F72A,SA_0000001688,2021,YEAR,222,COUNTRY,PUBLISHED,Alcohol consumption (age 15+),El Salvador,TOTAL,,,
EE6F72ASA_0000001688,SA_0000001688,EE6F72A,SA_0000001688,2021,YEAR,226,COUNTRY,PUBLISHED,Alcohol consumption (age 15+),Equatorial Guinea,TOTAL,,,
EE6F72ASA_0000001688,SA_0000001688,EE6F72A,SA_0000001688,2021,YEAR,262,COUNTRY,PUBLISHED,Alcohol consumption (age 15+),Djibouti,TOTAL,,,
EE6F72ASA_0000001688,SA_0000001688,EE6F72A,SA_0000001688,2021,YEAR,296,COUNTRY,PUBLISHED,Alcohol consumption (age 15+),Kiribati,TOTAL,,,
EE6F72ASA_0000001688,SA_0000001688,EE6F72A,SA_0000001688,2021,YEAR,300,COUNTRY,PUBLISHED,Alcohol consumption (age 15+),Greece,TOTAL,,,
EE6F72ASA_0000001688,SA_0000001688,EE6F72A,SA_0000001688,2021,YEAR,308,COUNTRY,PUBLISHED,Alcohol consumption (age 15+),Grenada,TOTAL,,,
EE6F72ASA_0000001688,SA_0000001688,EE6F72A,SA_0000001688,2021,YEAR,320,COUNTRY,PUBLISHED,Alcohol consumption (age 15+),Guatemala,TOTAL,,,
EE6F72ASA_0000001688,SA_0000001688,EE6F72A,SA_0000001688,2021,YEAR,266,COUNTRY,PUBLISHED,Alcohol consumption (age 15+),Gabon,TOTAL,,,
EE6F72ASA_0000001688,SA_0000001688,EE6F72A,SA_0000001688,2021,YEAR,268,COUNTRY,PUBLISHED,Alcohol consumption (age 15+),Georgia,TOTAL,,,
EE6F72ASA_0000001688,SA_0000001688,EE6F72A,SA_0000001688,2021,YEAR,270,COUNTRY,PUBLISHED,Alcohol consumption (age 15+),Gambia,TOTAL,,,
EE6F72ASA_0000001688,SA_0000001688,EE6F72A,SA_0000001688,2021,YEAR,246,COUNTRY,PUBLISHED,Alcohol consumption (age 15+),Finland,TOTAL,,,
EE6F72ASA_0000001688,SA_0000001688,EE6F72A,SA_0000001688,2021,YEAR,250,COUNTRY,PUBLISHED,Alcohol consumption (age 15+),France,TOTAL,,,
EE6F72ASA_0000001688,SA_0000001688,EE6F72A,SA_0000001688,2021,YEAR,276,COUNTRY,PUBLISHED,Alcohol consumption (age 15+),Germany,TOTAL,,,
EE6F72ASA_0000001688,SA_0000001688,EE6F72A,SA_0000001688,2021,YEAR,288,COUNTRY,PUBLISHED,Alcohol consumption (age 15+),Ghana,TOTAL,,,
EE6F72ASA_0000001688,SA_0000001688,EE6F72A,SA_0000001688,2021,YEAR,324,COUNTRY,PUBLISHED,Alcohol consumption (age 15+),Guinea,TOTAL,,,
EE6F72ASA_0000001688,SA_0000001688,EE6F72A,SA_0000001688,2021,YEAR,328,COUNTRY,PUBLISHED,Alcohol consumption (age 15+),Guyana,TOTAL,,,
EE6F72ASA_0000001688,SA_0000001688,EE6F72A,SA_0000001688,2021,YEAR,332,COUNTRY,PUBLISHED,Alcohol consumption (age 15+),Haiti,TOTAL,,,
EE6F72ASA_0000001688,SA_0000001688,EE6F72A,SA_0000001688,2021,YEAR,340,COUNTRY,PUBLISHED,Alcohol consumption (age 15+),Honduras,TOTAL,,,
EE6F72ASA_0000001688,SA_0000001688,EE6F72A,SA_0000001688,2021,YEAR,348,COUNTRY,PUBLISHED,Alcohol consumption (age 15+),Hungary,TOTAL,,,
EE6F72ASA_0000001688,SA_0000001688,EE6F72A,SA_0000001688,2021,YEAR,352,COUNTRY,PUBLISHED,Alcohol consumption (age 15+),Iceland,TOTAL,,,
EE6F72ASA_0000001688,SA_0000001688,EE6F72A,SA_0000001688,2021,YEAR,364,COUNTRY,PUBLISHED,Alcohol consumption (age 15+),Iran (Islamic Republic of),TOTAL,,,
EE6F72ASA_0000001688,SA_0000001688,EE6F72A,SA_0000001688,2021,YEAR,368,COUNTRY,PUBLISHED,Alcohol consumption (age 15+),Iraq,TOTAL,,,
EE6F72ASA_0000001688,SA_0000001688,EE6F72A,SA_0000001688,2021,YEAR,372,COUNTRY,PUBLISHED,Alcohol consumption (age 15+),Ireland,TOTAL,,,
EE6F72ASA_0000001688,SA_0000001688,EE6F72A,SA_0000001688,2021,YEAR,376,COUNTRY,PUBLISHED,Alcohol consumption (age 15+),Israel,TOTAL,,,
EE6F72ASA_0000001688,SA_0000001688,EE6F72A,SA_0000001688,2021,YEAR,356,COUNTRY,PUBLISHED,Alcohol consumption (age 15+),India,TOTAL,,,
EE6F72ASA_0000001688,SA_0000001688,EE6F72A,SA_0000001688,2021,YEAR,360,COUNTRY,PUBLISHED,Alcohol consumption (age 15+),Indonesia,TOTAL,,,
EE6F72ASA_0000001688,SA_0000001688,EE6F72A,SA_0000001688,2021,YEAR,388,COUNTRY,PUBLISHED,Alcohol consumption (age 15+),Jamaica,TOTAL,,,
EE6F72ASA_0000001688,SA_0000001688,EE6F72A,SA_0000001688,2021,YEAR,392,COUNTRY,PUBLISHED,Alcohol consumption (age 15+),Japan,TOTAL,,,
EE6F72ASA_0000001688,SA_0000001688,EE6F72A,SA_0000001688,2021,YEAR,398,COUNTRY,PUBLISHED,Alcohol consumption (age 15+),Kazakhstan,TOTAL,,,
EE6F72ASA_0000001688,SA_0000001688,EE6F72A,SA_0000001688,2021,YEAR,400,COUNTRY,PUBLISHED,Alcohol consumption (age 15+),Jordan,TOTAL,,,
EE6F72ASA_0000001688,SA_0000001688,EE6F72A,SA_0000001688,2021,YEAR,380,COUNTRY,PUBLISHED,Alcohol consumption (age 15+),Italy,TOTAL,,,
EE6F72ASA_0000001688,SA_0000001688,EE6F72A,SA_0000001688,2021,YEAR,384,COUNTRY,PUBLISHED,Alcohol consumption (age 15+),Côte d'Ivoire,TOTAL,,,
EE6F72ASA_0000001688,SA_0000001688,EE6F72A,SA_0000001688,2021,YEAR,410,COUNTRY,PUBLISHED,Alcohol consumption (age 15+),Republic of Korea,TOTAL,,,
EE6F72ASA_0000001688,SA_0000001688,EE6F72A,SA_0000001688,2021,YEAR,414,COUNTRY,PUBLISHED,Alcohol consumption (age 15+),Kuwait,TOTAL,,,
EE6F72ASA_0000001688,SA_0000001688,EE6F72A,SA_0000001688,2021,YEAR,417,COUNTRY,PUBLISHED,Alcohol consumption (age 15+),Kyrgyzstan,TOTAL,,,
EE6F72ASA_0000001688,SA_0000001688,EE6F72A,SA_0000001688,2021,YEAR,418,COUNTRY,PUBLISHED,Alcohol consumption (age 15+),Lao People's Democratic Republic,TOTAL,,,
EE6F72ASA_0000001688,SA_0000001688,EE6F72A,SA_0000001688,2021,YEAR,404,COUNTRY,PUBLISHED,Alcohol consumption (age 15+),Kenya,TOTAL,,,
EE6F72ASA_0000001688,SA_0000001688,EE6F72A,SA_0000001688,2021,YEAR,408,COUNTRY,PUBLISHED,Alcohol consumption (age 15+),Democratic People's Republic of Korea,TOTAL,,,
EE6F72ASA_0000001688,SA_0000001688,EE6F72A,SA_0000001688,2021,YEAR,426,COUNTRY,PUBLISHED,Alcohol consumption (age 15+),Lesotho,TOTAL,,,
EE6F72ASA_0000001688,SA_0000001688,EE6F72A,SA_0000001688,2021,YEAR,428,COUNTRY,PUBLISHED,Alcohol consumption (age 15+),Latvia,TOTAL,,,
EE6F72ASA_0000001688,SA_0000001688,EE6F72A,SA_0000001688,2021,YEAR,430,COUNTRY,PUBLISHED,Alcohol consumption (age 15+),Liberia,TOTAL,,,
EE6F72ASA_0000001688,SA_0000001688,EE6F72A,SA_0000001688,2021,YEAR,432,CLASSIFICATION,PUBLISHED,Alcohol consumption (age 15+),Landlocked developing countries,TOTAL,,,
EE6F72ASA_0000001688,SA_0000001688,EE6F72A,SA_0000001688,2021,YEAR,419,REGION,PUBLISHED,Alcohol consumption (age 15+),Latin America and the Caribbean,TOTAL,,,
EE6F72ASA_0000001688,SA_0000001688,EE6F72A,SA_0000001688,2021,YEAR,422,COUNTRY,PUBLISHED,Alcohol consumption (age 15+),Lebanon,TOTAL,,,
EE6F72ASA_0000001688,SA_0000001688,EE6F72A,SA_0000001688,2021,YEAR,442,COUNTRY,PUBLISHED,Alcohol consumption (age 15+),Luxembourg,TOTAL,,,
EE6F72ASA_0000001688,SA_0000001688,EE6F72A,SA_0000001688,2021,YEAR,450,COUNTRY,PUBLISHED,Alcohol consumption (age 15+),Madagascar,TOTAL,,,
EE6F72ASA_0000001688,SA_0000001688,EE6F72A,SA_0000001688,2021,YEAR,454,COUNTRY,PUBLISHED,Alcohol consumption (age 15+),Malawi,TOTAL,,,
EE6F72ASA_0000001688,SA_0000001688,EE6F72A,SA_0000001688,2021,YEAR,458,COUNTRY,PUBLISHED,Alcohol consumption (age 15+),Malaysia,TOTAL,,,
EE6F72ASA_0000001688,SA_0000001688,EE6F72A,SA_0000001688,2021,YEAR,434,COUNTRY,PUBLISHED,Alcohol consumption (age 15+),Libya,TOTAL,,,
EE6F72ASA_0000001688,SA_0000001688,EE6F72A,SA_0000001688,2021,YEAR,440,COUNTRY,PUBLISHED,Alcohol consumption (age 15+),Lithuania,TOTAL,,,
EE6F72ASA_0000001688,SA_0000001688,EE6F72A,SA_0000001688,2021,YEAR,470,COUNTRY,PUBLISHED,Alcohol consumption (age 15+),Malta,TOTAL,,,
EE6F72ASA_0000001688,SA_0000001688,EE6F72A,SA_0000001688,2021,YEAR,478,COUNTRY,PUBLISHED,Alcohol consumption (age 15+),Mauritania,TOTAL,,,
EE6F72ASA_0000001688,SA_0000001688,EE6F72A,SA_0000001688,2021,YEAR,480,COUNTRY,PUBLISHED,Alcohol consumption (age 15+),Mauritius,TOTAL,,,
EE6F72ASA_0000001688,SA_0000001688,EE6F72A,SA_0000001688,2021,YEAR,484,COUNTRY,PUBLISHED,Alcohol consumption (age 15+),Mexico,TOTAL,,,
EE6F72ASA_0000001688,SA_0000001688,EE6F72A,SA_0000001688,2021,YEAR,462,COUNTRY,PUBLISHED,Alcohol consumption (age 15+),Maldives,TOTAL,,,
EE6F72ASA_0000001688,SA_0000001688,EE6F72A,SA_0000001688,2021,YEAR,466,COUNTRY,PUBLISHED,Alcohol consumption (age 15+),Mali,TOTAL,,,
EE6F72ASA_0000001688,SA_0000001688,EE6F72A,SA_0000001688,2021,YEAR,499,COUNTRY,PUBLISHED,Alcohol consumption (age 15+),Montenegro,TOTAL,,,
EE6F72ASA_0000001688,SA_0000001688,EE6F72A,SA_0000001688,2021,YEAR,504,COUNTRY,PUBLISHED,Alcohol consumption (age 15+),Morocco,TOTAL,,,
EE6F72ASA_0000001688,SA_0000001688,EE6F72A,SA_0000001688,2021,YEAR,508,COUNTRY,PUBLISHED,Alcohol consumption (age 15+),Mozambique,TOTAL,,,
EE6F72ASA_0000001688,SA_0000001688,EE6F72A,SA_0000001688,2021,YEAR,512,COUNTRY,PUBLISHED,Alcohol consumption (age 15+),Oman,TOTAL,,,
EE6F72ASA_0000001688,SA_0000001688,EE6F72A,SA_0000001688,2021,YEAR,496,COUNTRY,PUBLISHED,Alcohol consumption (age 15+),Mongolia,TOTAL,,,
EE6F72ASA_0000001688,SA_0000001688,EE6F72A,SA_0000001688,2021,YEAR,498,COUNTRY,PUBLISHED,Alcohol consumption (age 15+),Republic of Moldova,TOTAL,,,
EE6F72ASA_0000001688,SA_0000001688,EE6F72A,SA_0000001688,2021,YEAR,515,CLASSIFICATION,PUBLISHED,Alcohol consumption (age 15+),Developing regions,TOTAL,,,
EE6F72ASA_0000001688,SA_0000001688,EE6F72A,SA_0000001688,2012,YEAR,191,COUNTRY,PUBLISHED,Alcohol consumption (age 15+),Croatia,TOTAL,,,
EE6F72ASA_0000001688,SA_0000001688,EE6F72A,SA_0000001688,2012,YEAR,192,COUNTRY,PUBLISHED,Alcohol consumption (age 15+),Cuba,TOTAL,,,
EE6F72ASA_0000001688,SA_0000001688,EE6F72A,SA_0000001688,2012,YEAR,196,COUNTRY,PUBLISHED,Alcohol consumption (age 15+),Cyprus,TOTAL,,,
EE6F72ASA_0000001688,SA_0000001688,EE6F72A,SA_0000001688,2012,YEAR,199,CLASSIFICATION,PUBLISHED,Alcohol consumption (age 15+),Least developed countries,TOTAL,,,
EE6F72ASA_0000001688,SA_0000001688,EE6F72A,SA_0000001688,2021,YEAR,516,COUNTRY,PUBLISHED,Alcohol consumption (age 15+),Namibia,TOTAL,,,
EE6F72ASA_0000001688,SA_0000001688,EE6F72A,SA_0000001688,2021,YEAR,520,COUNTRY,PUBLISHED,Alcohol consumption (age 15+),Nauru,TOTAL,,,
EE6F72ASA_0000001688,SA_0000001688,EE6F72A,SA_0000001688,2021,YEAR,524,COUNTRY,PUBLISHED,Alcohol consumption (age 15+),Nepal,TOTAL,,,
EE6F72ASA_0000001688,SA_0000001688,EE6F72A,SA_0000001688,2021,YEAR,513,REGION,PUBLISHED,Alcohol consumption (age 15+),Europe and Northern America,TOTAL,,,
EE6F72ASA_0000001688,SA_0000001688,EE6F72A,SA_0000001688,2021,YEAR,514,CLASSIFICATION,PUBLISHED,Alcohol consumption (age 15+),"Developed regions (Europe, Cyprus, Israel, Northern America, Japan, Australia & New Zealand)",TOTAL,,,
EE6F72ASA_0000001688,SA_0000001688,EE6F72A,SA_0000001688,2012,YEAR,180,COUNTRY,PUBLISHED,Alcohol consumption (age 15+),Democratic Republic of the Congo,TOTAL,,,
EE6F72ASA_0000001688,SA_0000001688,EE6F72A,SA_0000001688,2012,YEAR,188,COUNTRY,PUBLISHED,Alcohol consumption (age 15+),Costa Rica,TOTAL,,,
EE6F72ASA_0000001688,SA_0000001688,EE6F72A,SA_0000001688,2012,YEAR,202,REGION,PUBLISHED,Alcohol consumption (age 15+),Sub-Saharan Africa,TOTAL,,,
EE6F72ASA_0000001688,SA_0000001688,EE6F72A,SA_0000001688,2012,YEAR,203,COUNTRY,PUBLISHED,Alcohol consumption (age 15+),Czechia,TOTAL,,,
EE6F72ASA_0000001688,SA_0000001688,EE6F72A,SA_0000001688,2012,YEAR,204,COUNTRY,PUBLISHED,Alcohol consumption (age 15+),Benin,TOTAL,,,
EE6F72ASA_0000001688,SA_0000001688,EE6F72A,SA_0000001688,2012,YEAR,208,COUNTRY,PUBLISHED,Alcohol consumption (age 15+),Denmark,TOTAL,,,
EE6F72ASA_0000001688,SA_0000001688,EE6F72A,SA_0000001688,2012,YEAR,212,COUNTRY,PUBLISHED,Alcohol consumption (age 15+),Dominica,TOTAL,,,
EE6F72ASA_0000001688,SA_0000001688,EE6F72A,SA_0000001688,2012,YEAR,214,COUNTRY,PUBLISHED,Alcohol consumption (age 15+),Dominican Republic,TOTAL,,,
EE6F72ASA_0000001688,SA_0000001688,EE6F72A,SA_0000001688,2012,YEAR,226,COUNTRY,PUBLISHED,Alcohol consumption (age 15+),Equatorial Guinea,TOTAL,,,
EE6F72ASA_0000001688,SA_0000001688,EE6F72A,SA_0000001688,2012,YEAR,231,COUNTRY,PUBLISHED,Alcohol consumption (age 15+),Ethiopia,TOTAL,,,
EE6F72ASA_0000001688,SA_0000001688,EE6F72A,SA_0000001688,2012,YEAR,232,COUNTRY,PUBLISHED,Alcohol consumption (age 15+),Eritrea,TOTAL,,,
EE6F72ASA_0000001688,SA_0000001688,EE6F72A,SA_0000001688,2012,YEAR,233,COUNTRY,PUBLISHED,Alcohol consumption (age 15+),Estonia,TOTAL,,,
EE6F72ASA_0000001688,SA_0000001688,EE6F72A,SA_0000001688,2012,YEAR,218,COUNTRY,PUBLISHED,Alcohol consumption (age 15+),Ecuador,TOTAL,,,
EE6F72ASA_0000001688,SA_0000001688,EE6F72A,SA_0000001688,2012,YEAR,222,COUNTRY,PUBLISHED,Alcohol consumption (age 15+),El Salvador,TOTAL,,,
EE6F72ASA_0000001688,SA_0000001688,EE6F72A,SA_0000001688,2012,YEAR,250,COUNTRY,PUBLISHED,Alcohol consumption (age 15+),France,TOTAL,,,
EE6F72ASA_0000001688,SA_0000001688,EE6F72A,SA_0000001688,2012,YEAR,262,COUNTRY,PUBLISHED,Alcohol consumption (age 15+),Djibouti,TOTAL,,,
EE6F72ASA_0000001688,SA_0000001688,EE6F72A,SA_0000001688,2012,YEAR,266,COUNTRY,PUBLISHED,Alcohol consumption (age 15+),Gabon,TOTAL,,,
EE6F72ASA_0000001688,SA_0000001688,EE6F72A,SA_0000001688,2012,YEAR,268,COUNTRY,PUBLISHED,Alcohol consumption (age 15+),Georgia,TOTAL,,,
EE6F72ASA_0000001688,SA_0000001688,EE6F72A,SA_0000001688,2012,YEAR,242,COUNTRY,PUBLISHED,Alcohol consumption (age 15+),Fiji,TOTAL,,,
EE6F72ASA_0000001688,SA_0000001688,EE6F72A,SA_0000001688,2012,YEAR,246,COUNTRY,PUBLISHED,Alcohol consumption (age 15+),Finland,TOTAL,,,
EE6F72ASA_0000001688,SA_0000001688,EE6F72A,SA_0000001688,2012,YEAR,288,COUNTRY,PUBLISHED,Alcohol consumption (age 15+),Ghana,TOTAL,,,
EE6F72ASA_0000001688,SA_0000001688,EE6F72A,SA_0000001688,2012,YEAR,296,COUNTRY,PUBLISHED,Alcohol consumption (age 15+),Kiribati,TOTAL,,,
EE6F72ASA_0000001688,SA_0000001688,EE6F72A,SA_0000001688,2012,YEAR,300,COUNTRY,PUBLISHED,Alcohol consumption (age 15+),Greece,TOTAL,,,
EE6F72ASA_0000001688,SA_0000001688,EE6F72A,SA_0000001688,2012,YEAR,308,COUNTRY,PUBLISHED,Alcohol consumption (age 15+),Grenada,TOTAL,,,
EE6F72ASA_0000001688,SA_0000001688,EE6F72A,SA_0000001688,2012,YEAR,270,COUNTRY,PUBLISHED,Alcohol consumption (age 15+),Gambia,TOTAL,,,
EE6F72ASA_0000001688,SA_0000001688,EE6F72A,SA_0000001688,2012,YEAR,276,COUNTRY,PUBLISHED,Alcohol consumption (age 15+),Germany,TOTAL,,,
EE6F72ASA_0000001688,SA_0000001688,EE6F72A,SA_0000001688,2012,YEAR,328,COUNTRY,PUBLISHED,Alcohol consumption (age 15+),Guyana,TOTAL,,,
EE6F72ASA_0000001688,SA_0000001688,EE6F72A,SA_0000001688,2012,YEAR,332,COUNTRY,PUBLISHED,Alcohol consumption (age 15+),Haiti,TOTAL,,,
EE6F72ASA_0000001688,SA_0000001688,EE6F72A,SA_0000001688,2012,YEAR,340,COUNTRY,PUBLISHED,Alcohol consumption (age 15+),Honduras,TOTAL,,,
EE6F72ASA_0000001688,SA_0000001688,EE6F72A,SA_0000001688,2012,YEAR,348,COUNTRY,PUBLISHED,Alcohol consumption (age 15+),Hungary,TOTAL,,,
EE6F72ASA_0000001688,SA_0000001688,EE6F72A,SA_0000001688,2012,YEAR,320,COUNTRY,PUBLISHED,Alcohol consumption (age 15+),Guatemala,TOTAL,,,
EE6F72ASA_0000001688,SA_0000001688,EE6F72A,SA_0000001688,2012,YEAR,324,COUNTRY,PUBLISHED,Alcohol consumption (age 15+),Guinea,TOTAL,,,
EE6F72ASA_0000001688,SA_0000001688,EE6F72A,SA_0000001688,2012,YEAR,360,COUNTRY,PUBLISHED,Alcohol consumption (age 15+),Indonesia,TOTAL,,,
EE6F72ASA_0000001688,SA_0000001688,EE6F72A,SA_0000001688,2012,YEAR,364,COUNTRY,PUBLISHED,Alcohol consumption (age 15+),Iran (Islamic Republic of),TOTAL,,,
EE6F72ASA_0000001688,SA_0000001688,EE6F72A,SA_0000001688,2012,YEAR,368,COUNTRY,PUBLISHED,Alcohol consumption (age 15+),Iraq,TOTAL,,,
EE6F72ASA_0000001688,SA_0000001688,EE6F72A,SA_0000001688,2012,YEAR,372,COUNTRY,PUBLISHED,Alcohol consumption (age 15+),Ireland,TOTAL,,,
EE6F72ASA_0000001688,SA_0000001688,EE6F72A,SA_0000001688,2012,YEAR,352,COUNTRY,PUBLISHED,Alcohol consumption (age 15+),Iceland,TOTAL,,,
EE6F72ASA_0000001688,SA_0000001688,EE6F72A,SA_0000001688,2012,YEAR,356,COUNTRY,PUBLISHED,Alcohol consumption (age 15+),India,TOTAL,,,
EE6F72ASA_0000001688,SA_0000001688,EE6F72A,SA_0000001688,2012,YEAR,384,COUNTRY,PUBLISHED,Alcohol consumption (age 15+),Côte d'Ivoire,TOTAL,,,
EE6F72ASA_0000001688,SA_0000001688,EE6F72A,SA_0000001688,2012,YEAR,388,COUNTRY,PUBLISHED,Alcohol consumption (age 15+),Jamaica,TOTAL,,,
EE6F72ASA_0000001688,SA_0000001688,EE6F72A,SA_0000001688,2012,YEAR,392,COUNTRY,PUBLISHED,Alcohol consumption (age 15+),Japan,TOTAL,,,
EE6F72ASA_0000001688,SA_0000001688,EE6F72A,SA_0000001688,2012,YEAR,398,COUNTRY,PUBLISHED,Alcohol consumption (age 15+),Kazakhstan,TOTAL,,,
EE6F72ASA_0000001688,SA_0000001688,EE6F72A,SA_0000001688,2012,YEAR,376,COUNTRY,PUBLISHED,Alcohol consumption (age 15+),Israel,TOTAL,,,
EE6F72ASA_0000001688,SA_0000001688,EE6F72A,SA_0000001688,2012,YEAR,380,COUNTRY,PUBLISHED,Alcohol consumption (age 15+),Italy,TOTAL,,,
EE6F72ASA_0000001688,SA_0000001688,EE6F72A,SA_0000001688,2012,YEAR,408,COUNTRY,PUBLISHED,Alcohol consumption (age 15+),Democratic People's Republic of Korea,TOTAL,,,
EE6F72ASA_0000001688,SA_0000001688,EE6F72A,SA_0000001688,2012,YEAR,410,COUNTRY,PUBLISHED,Alcohol consumption (age 15+),Republic of Korea,TOTAL,,,
EE6F72ASA_0000001688,SA_0000001688,EE6F72A,SA_0000001688,2012,YEAR,414,COUNTRY,PUBLISHED,Alcohol consumption (age 15+),Kuwait,TOTAL,,,
EE6F72ASA_0000001688,SA_0000001688,EE6F72A,SA_0000001688,2012,YEAR,417,COUNTRY,PUBLISHED,Alcohol consumption (age 15+),Kyrgyzstan,TOTAL,,,
EE6F72ASA_0000001688,SA_0000001688,EE6F72A,SA_0000001688,2012,YEAR,400,COUNTRY,PUBLISHED,Alcohol consumption (age 15+),Jordan,TOTAL,,,
EE6F72ASA_0000001688,SA_0000001688,EE6F72A,SA_0000001688,2012,YEAR,404,COUNTRY,PUBLISHED,Alcohol consumption (age 15+),Kenya,TOTAL,,,
EE6F72ASA_0000001688,SA_0000001688,EE6F72A,SA_0000001688,2012,YEAR,422,COUNTRY,PUBLISHED,Alcohol consumption (age 15+),Lebanon,TOTAL,,,
EE6F72ASA_0000001688,SA_0000001688,EE6F72A,SA_0000001688,2012,YEAR,440,COUNTRY,PUBLISHED,Alcohol consumption (age 15+),Lithuania,TOTAL,,,
EE6F72ASA_0000001688,SA_0000001688,EE6F72A,SA_0000001688,2012,YEAR,442,COUNTRY,PUBLISHED,Alcohol consumption (age 15+),Luxembourg,TOTAL,,,
EE6F72ASA_0000001688,SA_0000001688,EE6F72A,SA_0000001688,2012,YEAR,450,COUNTRY,PUBLISHED,Alcohol consumption (age 15+),Madagascar,TOTAL,,,
EE6F72ASA_0000001688,SA_0000001688,EE6F72A,SA_0000001688,2012,YEAR,454,COUNTRY,PUBLISHED,Alcohol consumption (age 15+),Malawi,TOTAL,,,
EE6F72ASA_0000001688,SA_0000001688,EE6F72A,SA_0000001688,2012,YEAR,426,COUNTRY,PUBLISHED,Alcohol consumption (age 15+),Lesotho,TOTAL,,,
EE6F72ASA_0000001688,SA_0000001688,EE6F72A,SA_0000001688,2012,YEAR,428,COUNTRY,PUBLISHED,Alcohol consumption (age 15+),Latvia,TOTAL,,,
EE6F72ASA_0000001688,SA_0000001688,EE6F72A,SA_0000001688,2012,YEAR,430,COUNTRY,PUBLISHED,Alcohol consumption (age 15+),Liberia,TOTAL,,,
EE6F72ASA_0000001688,SA_0000001688,EE6F72A,SA_0000001688,2012,YEAR,418,COUNTRY,PUBLISHED,Alcohol consumption (age 15+),Lao People's Democratic Republic,TOTAL,,,
EE6F72ASA_0000001688,SA_0000001688,EE6F72A,SA_0000001688,2012,YEAR,419,REGION,PUBLISHED,Alcohol consumption (age 15+),Latin America and the Caribbean,TOTAL,,,
EE6F72ASA_0000001688,SA_0000001688,EE6F72A,SA_0000001688,2012,YEAR,432,CLASSIFICATION,PUBLISHED,Alcohol consumption (age 15+),Landlocked developing countries,TOTAL,,,
EE6F72ASA_0000001688,SA_0000001688,EE6F72A,SA_0000001688,2012,YEAR,434,COUNTRY,PUBLISHED,Alcohol consumption (age 15+),Libya,TOTAL,,,
EE6F72ASA_0000001688,SA_0000001688,EE6F72A,SA_0000001688,2012,YEAR,458,COUNTRY,PUBLISHED,Alcohol consumption (age 15+),Malaysia,TOTAL,,,
EE6F72ASA_0000001688,SA_0000001688,EE6F72A,SA_0000001688,2012,YEAR,462,COUNTRY,PUBLISHED,Alcohol consumption (age 15+),Maldives,TOTAL,,,
EE6F72ASA_0000001688,SA_0000001688,EE6F72A,SA_0000001688,2012,YEAR,466,COUNTRY,PUBLISHED,Alcohol consumption (age 15+),Mali,TOTAL,,,
EE6F72ASA_0000001688,SA_0000001688,EE6F72A,SA_0000001688,2012,YEAR,470,COUNTRY,PUBLISHED,Alcohol consumption (age 15+),Malta,TOTAL,,,
EE6F72ASA_0000001688,SA_0000001688,EE6F72A,SA_0000001688,2012,YEAR,478,COUNTRY,PUBLISHED,Alcohol consumption (age 15+),Mauritania,TOTAL,,,
EE6F72ASA_0000001688,SA_0000001688,EE6F72A,SA_0000001688,2012,YEAR,480,COUNTRY,PUBLISHED,Alcohol consumption (age 15+),Mauritius,TOTAL,,,
EE6F72ASA_0000001688,SA_0000001688,EE6F72A,SA_0000001688,2012,YEAR,498,COUNTRY,PUBLISHED,Alcohol consumption (age 15+),Republic of Moldova,TOTAL,,,
EE6F72ASA_0000001688,SA_0000001688,EE6F72A,SA_0000001688,2012,YEAR,499,COUNTRY,PUBLISHED,Alcohol consumption (age 15+),Montenegro,TOTAL,,,
EE6F72ASA_0000001688,SA_0000001688,EE6F72A,SA_0000001688,2012,YEAR,504,COUNTRY,PUBLISHED,Alcohol consumption (age 15+),Morocco,TOTAL,,,
EE6F72ASA_0000001688,SA_0000001688,EE6F72A,SA_0000001688,2012,YEAR,508,COUNTRY,PUBLISHED,Alcohol consumption (age 15+),Mozambique,TOTAL,,,
EE6F72ASA_0000001688,SA_0000001688,EE6F72A,SA_0000001688,2012,YEAR,484,COUNTRY,PUBLISHED,Alcohol consumption (age 15+),Mexico,TOTAL,,,
EE6F72ASA_0000001688,SA_0000001688,EE6F72A,SA_0000001688,2012,YEAR,496,COUNTRY,PUBLISHED,Alcohol consumption (age 15+),Mongolia,TOTAL,,,
EE6F72ASA_0000001688,SA_0000001688,EE6F72A,SA_0000001688,2012,YEAR,514,CLASSIFICATION,PUBLISHED,Alcohol consumption (age 15+),"Developed regions (Europe, Cyprus, Israel, Northern America, Japan, Australia & New Zealand)",TOTAL,,,
EE6F72ASA_0000001688,SA_0000001688,EE6F72A,SA_0000001688,2012,YEAR,543,REGION,PUBLISHED,Alcohol consumption (age 15+),Oceania (exc. Australia and New Zealand),TOTAL,,,
EE6F72ASA_0000001688,SA_0000001688,EE6F72A,SA_0000001688,2012,YEAR,548,COUNTRY,PUBLISHED,Alcohol consumption (age 15+),Vanuatu,TOTAL,,,
EE6F72ASA_0000001688,SA_0000001688,EE6F72A,SA_0000001688,2015,YEAR,178,COUNTRY,PUBLISHED,Alcohol consumption (age 15+),Congo,TOTAL,,,
EE6F72ASA_0000001688,SA_0000001688,EE6F72A,SA_0000001688,2015,YEAR,180,COUNTRY,PUBLISHED,Alcohol consumption (age 15+),Democratic Republic of the Congo,TOTAL,,,
EE6F72ASA_0000001688,SA_0000001688,EE6F72A,SA_0000001688,2012,YEAR,515,CLASSIFICATION,PUBLISHED,Alcohol consumption (age 15+),Developing regions,TOTAL,,,
EE6F72ASA_0000001688,SA_0000001688,EE6F72A,SA_0000001688,2012,YEAR,516,COUNTRY,PUBLISHED,Alcohol consumption (age 15+),Namibia,TOTAL,,,
EE6F72ASA_0000001688,SA_0000001688,EE6F72A,SA_0000001688,2012,YEAR,520,COUNTRY,PUBLISHED,Alcohol consumption (age 15+),Nauru,TOTAL,,,
EE6F72ASA_0000001688,SA_0000001688,EE6F72A,SA_0000001688,2012,YEAR,512,COUNTRY,PUBLISHED,Alcohol consumption (age 15+),Oman,TOTAL,,,
EE6F72ASA_0000001688,SA_0000001688,EE6F72A,SA_0000001688,2012,YEAR,513,REGION,PUBLISHED,Alcohol consumption (age 15+),Europe and Northern America,TOTAL,,,
EE6F72ASA_0000001688,SA_0000001688,EE6F72A,SA_0000001688,2012,YEAR,524,COUNTRY,PUBLISHED,Alcohol consumption (age 15+),Nepal,TOTAL,,,
EE6F72ASA_0000001688,SA_0000001688,EE6F72A,SA_0000001688,2012,YEAR,528,COUNTRY,PUBLISHED,Alcohol consumption (age 15+),Netherlands (Kingdom of the),TOTAL,,,
EE6F72ASA_0000001688,SA_0000001688,EE6F72A,SA_0000001688,2015,YEAR,188,COUNTRY,PUBLISHED,Alcohol consumption (age 15+),Costa Rica,TOTAL,,,
EE6F72ASA_0000001688,SA_0000001688,EE6F72A,SA_0000001688,2015,YEAR,208,COUNTRY,PUBLISHED,Alcohol consumption (age 15+),Denmark,TOTAL,,,
EE6F72ASA_0000001688,SA_0000001688,EE6F72A,SA_0000001688,2015,YEAR,212,COUNTRY,PUBLISHED,Alcohol consumption (age 15+),Dominica,TOTAL,,,
EE6F72ASA_0000001688,SA_0000001688,EE6F72A,SA_0000001688,2015,YEAR,214,COUNTRY,PUBLISHED,Alcohol consumption (age 15+),Dominican Republic,TOTAL,,,
EE6F72ASA_0000001688,SA_0000001688,EE6F72A,SA_0000001688,2015,YEAR,218,COUNTRY,PUBLISHED,Alcohol consumption (age 15+),Ecuador,TOTAL,,,
EE6F72ASA_0000001688,SA_0000001688,EE6F72A,SA_0000001688,2015,YEAR,191,COUNTRY,PUBLISHED,Alcohol consumption (age 15+),Croatia,TOTAL,,,
EE6F72ASA_0000001688,SA_0000001688,EE6F72A,SA_0000001688,2015,YEAR,192,COUNTRY,PUBLISHED,Alcohol consumption (age 15+),Cuba,TOTAL,,,
EE6F72ASA_0000001688,SA_0000001688,EE6F72A,SA_0000001688,2015,YEAR,196,COUNTRY,PUBLISHED,Alcohol consumption (age 15+),Cyprus,TOTAL,,,
EE6F72ASA_0000001688,SA_0000001688,EE6F72A,SA_0000001688,2015,YEAR,199,CLASSIFICATION,PUBLISHED,Alcohol consumption (age 15+),Least developed countries,TOTAL,,,
EE6F72ASA_0000001688,SA_0000001688,EE6F72A,SA_0000001688,2015,YEAR,202,REGION,PUBLISHED,Alcohol consumption (age 15+),Sub-Saharan Africa,TOTAL,,,
EE6F72ASA_0000001688,SA_0000001688,EE6F72A,SA_0000001688,2015,YEAR,203,COUNTRY,PUBLISHED,Alcohol consumption (age 15+),Czechia,TOTAL,,,
EE6F72ASA_0000001688,SA_0000001688,EE6F72A,SA_0000001688,2015,YEAR,204,COUNTRY,PUBLISHED,Alcohol consumption (age 15+),Benin,TOTAL,,,
EE6F72ASA_0000001688,SA_0000001688,EE6F72A,SA_0000001688,2015,YEAR,222,COUNTRY,PUBLISHED,Alcohol consumption (age 15+),El Salvador,TOTAL,,,
EE6F72ASA_0000001688,SA_0000001688,EE6F72A,SA_0000001688,2015,YEAR,262,COUNTRY,PUBLISHED,Alcohol consumption (age 15+),Djibouti,TOTAL,,,
EE6F72ASA_0000001688,SA_0000001688,EE6F72A,SA_0000001688,2015,YEAR,266,COUNTRY,PUBLISHED,Alcohol consumption (age 15+),Gabon,TOTAL,,,
EE6F72ASA_0000001688,SA_0000001688,EE6F72A,SA_0000001688,2015,YEAR,268,COUNTRY,PUBLISHED,Alcohol consumption (age 15+),Georgia,TOTAL,,,
EE6F72ASA_0000001688,SA_0000001688,EE6F72A,SA_0000001688,2015,YEAR,270,COUNTRY,PUBLISHED,Alcohol consumption (age 15+),Gambia,TOTAL,,,
EE6F72ASA_0000001688,SA_0000001688,EE6F72A,SA_0000001688,2015,YEAR,226,COUNTRY,PUBLISHED,Alcohol consumption (age 15+),Equatorial Guinea,TOTAL,,,
EE6F72ASA_0000001688,SA_0000001688,EE6F72A,SA_0000001688,2015,YEAR,231,COUNTRY,PUBLISHED,Alcohol consumption (age 15+),Ethiopia,TOTAL,,,
EE6F72ASA_0000001688,SA_0000001688,EE6F72A,SA_0000001688,2015,YEAR,232,COUNTRY,PUBLISHED,Alcohol consumption (age 15+),Eritrea,TOTAL,,,
EE6F72ASA_0000001688,SA_0000001688,EE6F72A,SA_0000001688,2015,YEAR,233,COUNTRY,PUBLISHED,Alcohol consumption (age 15+),Estonia,TOTAL,,,
EE6F72ASA_0000001688,SA_0000001688,EE6F72A,SA_0000001688,2015,YEAR,242,COUNTRY,PUBLISHED,Alcohol consumption (age 15+),Fiji,TOTAL,,,
EE6F72ASA_0000001688,SA_0000001688,EE6F72A,SA_0000001688,2015,YEAR,246,COUNTRY,PUBLISHED,Alcohol consumption (age 15+),Finland,TOTAL,,,
EE6F72ASA_0000001688,SA_0000001688,EE6F72A,SA_0000001688,2015,YEAR,250,COUNTRY,PUBLISHED,Alcohol consumption (age 15+),France,TOTAL,,,
EE6F72ASA_0000001688,SA_0000001688,EE6F72A,SA_0000001688,2015,YEAR,276,COUNTRY,PUBLISHED,Alcohol consumption (age 15+),Germany,TOTAL,,,
EE6F72ASA_0000001688,SA_0000001688,EE6F72A,SA_0000001688,2015,YEAR,288,COUNTRY,PUBLISHED,Alcohol consumption (age 15+),Ghana,TOTAL,,,
EE6F72ASA_0000001688,SA_0000001688,EE6F72A,SA_0000001688,2015,YEAR,296,COUNTRY,PUBLISHED,Alcohol consumption (age 15+),Kiribati,TOTAL,,,
EE6F72ASA_0000001688,SA_0000001688,EE6F72A,SA_0000001688,2015,YEAR,300,COUNTRY,PUBLISHED,Alcohol consumption (age 15+),Greece,TOTAL,,,
EE6F72ASA_0000001688,SA_0000001688,EE6F72A,SA_0000001688,2015,YEAR,308,COUNTRY,PUBLISHED,Alcohol consumption (age 15+),Grenada,TOTAL,,,
EE6F72ASA_0000001688,SA_0000001688,EE6F72A,SA_0000001688,2015,YEAR,320,COUNTRY,PUBLISHED,Alcohol consumption (age 15+),Guatemala,TOTAL,,,
EE6F72ASA_0000001688,SA_0000001688,EE6F72A,SA_0000001688,2015,YEAR,332,COUNTRY,PUBLISHED,Alcohol consumption (age 15+),Haiti,TOTAL,,,
EE6F72ASA_0000001688,SA_0000001688,EE6F72A,SA_0000001688,2015,YEAR,340,COUNTRY,PUBLISHED,Alcohol consumption (age 15+),Honduras,TOTAL,,,
EE6F72ASA_0000001688,SA_0000001688,EE6F72A,SA_0000001688,2015,YEAR,348,COUNTRY,PUBLISHED,Alcohol consumption (age 15+),Hungary,TOTAL,,,
EE6F72ASA_0000001688,SA_0000001688,EE6F72A,SA_0000001688,2015,YEAR,352,COUNTRY,PUBLISHED,Alcohol consumption (age 15+),Iceland,TOTAL,,,
EE6F72ASA_0000001688,SA_0000001688,EE6F72A,SA_0000001688,2015,YEAR,324,COUNTRY,PUBLISHED,Alcohol consumption (age 15+),Guinea,TOTAL,,,
EE6F72ASA_0000001688,SA_0000001688,EE6F72A,SA_0000001688,2015,YEAR,328,COUNTRY,PUBLISHED,Alcohol consumption (age 15+),Guyana,TOTAL,,,
EE6F72ASA_0000001688,SA_0000001688,EE6F72A,SA_0000001688,2015,YEAR,364,COUNTRY,PUBLISHED,Alcohol consumption (age 15+),Iran (Islamic Republic of),TOTAL,,,
EE6F72ASA_0000001688,SA_0000001688,EE6F72A,SA_0000001688,2015,YEAR,368,COUNTRY,PUBLISHED,Alcohol consumption (age 15+),Iraq,TOTAL,,,
EE6F72ASA_0000001688,SA_0000001688,EE6F72A,SA_0000001688,2015,YEAR,372,COUNTRY,PUBLISHED,Alcohol consumption (age 15+),Ireland,TOTAL,,,
EE6F72ASA_0000001688,SA_0000001688,EE6F72A,SA_0000001688,2015,YEAR,376,COUNTRY,PUBLISHED,Alcohol consumption (age 15+),Israel,TOTAL,,,
EE6F72ASA_0000001688,SA_0000001688,EE6F72A,SA_0000001688,2015,YEAR,356,COUNTRY,PUBLISHED,Alcohol consumption (age 15+),India,TOTAL,,,
EE6F72ASA_0000001688,SA_0000001688,EE6F72A,SA_0000001688,2015,YEAR,360,COUNTRY,PUBLISHED,Alcohol consumption (age 15+),Indonesia,TOTAL,,,
EE6F72ASA_0000001688,SA_0000001688,EE6F72A,SA_0000001688,2015,YEAR,388,COUNTRY,PUBLISHED,Alcohol consumption (age 15+),Jamaica,TOTAL,,,
EE6F72ASA_0000001688,SA_0000001688,EE6F72A,SA_0000001688,2015,YEAR,392,COUNTRY,PUBLISHED,Alcohol consumption (age 15+),Japan,TOTAL,,,
EE6F72ASA_0000001688,SA_0000001688,EE6F72A,SA_0000001688,2015,YEAR,398,COUNTRY,PUBLISHED,Alcohol consumption (age 15+),Kazakhstan,TOTAL,,,
EE6F72ASA_0000001688,SA_0000001688,EE6F72A,SA_0000001688,2015,YEAR,400,COUNTRY,PUBLISHED,Alcohol consumption (age 15+),Jordan,TOTAL,,,
EE6F72ASA_0000001688,SA_0000001688,EE6F72A,SA_0000001688,2015,YEAR,380,COUNTRY,PUBLISHED,Alcohol consumption (age 15+),Italy,TOTAL,,,
EE6F72ASA_0000001688,SA_0000001688,EE6F72A,SA_0000001688,2015,YEAR,384,COUNTRY,PUBLISHED,Alcohol consumption (age 15+),Côte d'Ivoire,TOTAL,,,
EE6F72ASA_0000001688,SA_0000001688,EE6F72A,SA_0000001688,2015,YEAR,410,COUNTRY,PUBLISHED,Alcohol consumption (age 15+),Republic of Korea,TOTAL,,,
EE6F72ASA_0000001688,SA_0000001688,EE6F72A,SA_0000001688,2015,YEAR,414,COUNTRY,PUBLISHED,Alcohol consumption (age 15+),Kuwait,TOTAL,,,
EE6F72ASA_0000001688,SA_0000001688,EE6F72A,SA_0000001688,2015,YEAR,417,COUNTRY,PUBLISHED,Alcohol consumption (age 15+),Kyrgyzstan,TOTAL,,,
EE6F72ASA_0000001688,SA_0000001688,EE6F72A,SA_0000001688,2015,YEAR,418,COUNTRY,PUBLISHED,Alcohol consumption (age 15+),Lao People's Democratic Republic,TOTAL,,,
EE6F72ASA_0000001688,SA_0000001688,EE6F72A,SA_0000001688,2015,YEAR,404,COUNTRY,PUBLISHED,Alcohol consumption (age 15+),Kenya,TOTAL,,,
EE6F72ASA_0000001688,SA_0000001688,EE6F72A,SA_0000001688,2015,YEAR,408,COUNTRY,PUBLISHED,Alcohol consumption (age 15+),Democratic People's Republic of Korea,TOTAL,,,
EE6F72ASA_0000001688,SA_0000001688,EE6F72A,SA_0000001688,2015,YEAR,426,COUNTRY,PUBLISHED,Alcohol consumption (age 15+),Lesotho,TOTAL,,,
EE6F72ASA_0000001688,SA_0000001688,EE6F72A,SA_0000001688,2015,YEAR,428,COUNTRY,PUBLISHED,Alcohol consumption (age 15+),Latvia,TOTAL,,,
EE6F72ASA_0000001688,SA_0000001688,EE6F72A,SA_0000001688,2015,YEAR,430,COUNTRY,PUBLISHED,Alcohol consumption (age 15+),Liberia,TOTAL,,,
EE6F72ASA_0000001688,SA_0000001688,EE6F72A,SA_0000001688,2015,YEAR,432,CLASSIFICATION,PUBLISHED,Alcohol consumption (age 15+),Landlocked developing countries,TOTAL,,,
EE6F72ASA_0000001688,SA_0000001688,EE6F72A,SA_0000001688,2015,YEAR,419,REGION,PUBLISHED,Alcohol consumption (age 15+),Latin America and the Caribbean,TOTAL,,,
EE6F72ASA_0000001688,SA_0000001688,EE6F72A,SA_0000001688,2015,YEAR,422,COUNTRY,PUBLISHED,Alcohol consumption (age 15+),Lebanon,TOTAL,,,
EE6F72ASA_0000001688,SA_0000001688,EE6F72A,SA_0000001688,2015,YEAR,442,COUNTRY,PUBLISHED,Alcohol consumption (age 15+),Luxembourg,TOTAL,,,
EE6F72ASA_0000001688,SA_0000001688,EE6F72A,SA_0000001688,2015,YEAR,470,COUNTRY,PUBLISHED,Alcohol consumption (age 15+),Malta,TOTAL,,,
EE6F72ASA_0000001688,SA_0000001688,EE6F72A,SA_0000001688,2015,YEAR,478,COUNTRY,PUBLISHED,Alcohol consumption (age 15+),Mauritania,TOTAL,,,
EE6F72ASA_0000001688,SA_0000001688,EE6F72A,SA_0000001688,2015,YEAR,480,COUNTRY,PUBLISHED,Alcohol consumption (age 15+),Mauritius,TOTAL,,,
EE6F72ASA_0000001688,SA_0000001688,EE6F72A,SA_0000001688,2015,YEAR,484,COUNTRY,PUBLISHED,Alcohol consumption (age 15+),Mexico,TOTAL,,,
EE6F72ASA_0000001688,SA_0000001688,EE6F72A,SA_0000001688,2015,YEAR,450,COUNTRY,PUBLISHED,Alcohol consumption (age 15+),Madagascar,TOTAL,,,
EE6F72ASA_0000001688,SA_0000001688,EE6F72A,SA_0000001688,2015,YEAR,454,COUNTRY,PUBLISHED,Alcohol consumption (age 15+),Malawi,TOTAL,,,
EE6F72ASA_0000001688,SA_0000001688,EE6F72A,SA_0000001688,2015,YEAR,458,COUNTRY,PUBLISHED,Alcohol consumption (age 15+),Malaysia,TOTAL,,,
EE6F72ASA_0000001688,SA_0000001688,EE6F72A,SA_0000001688,2015,YEAR,434,COUNTRY,PUBLISHED,Alcohol consumption (age 15+),Libya,TOTAL,,,
EE6F72ASA_0000001688,SA_0000001688,EE6F72A,SA_0000001688,2015,YEAR,440,COUNTRY,PUBLISHED,Alcohol consumption (age 15+),Lithuania,TOTAL,,,
EE6F72ASA_0000001688,SA_0000001688,EE6F72A,SA_0000001688,2015,YEAR,462,COUNTRY,PUBLISHED,Alcohol consumption (age 15+),Maldives,TOTAL,,,
EE6F72ASA_0000001688,SA_0000001688,EE6F72A,SA_0000001688,2015,YEAR,466,COUNTRY,PUBLISHED,Alcohol consumption (age 15+),Mali,TOTAL,,,
EE6F72ASA_0000001688,SA_0000001688,EE6F72A,SA_0000001688,2015,YEAR,496,COUNTRY,PUBLISHED,Alcohol consumption (age 15+),Mongolia,TOTAL,,,
EE6F72ASA_0000001688,SA_0000001688,EE6F72A,SA_0000001688,2015,YEAR,515,CLASSIFICATION,PUBLISHED,Alcohol consumption (age 15+),Developing regions,TOTAL,,,
EE6F72ASA_0000001688,SA_0000001688,EE6F72A,SA_0000001688,2015,YEAR,516,COUNTRY,PUBLISHED,Alcohol consumption (age 15+),Namibia,TOTAL,,,
EE6F72ASA_0000001688,SA_0000001688,EE6F72A,SA_0000001688,2015,YEAR,520,COUNTRY,PUBLISHED,Alcohol consumption (age 15+),Nauru,TOTAL,,,
EE6F72ASA_0000001688,SA_0000001688,EE6F72A,SA_0000001688,2015,YEAR,524,COUNTRY,PUBLISHED,Alcohol consumption (age 15+),Nepal,TOTAL,,,
EE6F72ASA_0000001688,SA_0000001688,EE6F72A,SA_0000001688,2015,YEAR,498,COUNTRY,PUBLISHED,Alcohol consumption (age 15+),Republic of Moldova,TOTAL,,,
EE6F72ASA_0000001688,SA_0000001688,EE6F72A,SA_0000001688,2015,YEAR,499,COUNTRY,PUBLISHED,Alcohol consumption (age 15+),Montenegro,TOTAL,,,
EE6F72ASA_0000001688,SA_0000001688,EE6F72A,SA_0000001688,2015,YEAR,504,COUNTRY,PUBLISHED,Alcohol consumption (age 15+),Morocco,TOTAL,,,
EE6F72ASA_0000001688,SA_0000001688,EE6F72A,SA_0000001688,2015,YEAR,508,COUNTRY,PUBLISHED,Alcohol consumption (age 15+),Mozambique,TOTAL,,,
EE6F72ASA_0000001688,SA_0000001688,EE6F72A,SA_0000001688,2015,YEAR,512,COUNTRY,PUBLISHED,Alcohol consumption (age 15+),Oman,TOTAL,,,
EE6F72ASA_0000001688,SA_0000001688,EE6F72A,SA_0000001688,2015,YEAR,513,REGION,PUBLISHED,Alcohol consumption (age 15+),Europe and Northern America,TOTAL,,,
EE6F72ASA_0000001688,SA_0000001688,EE6F72A,SA_0000001688,2015,YEAR,514,CLASSIFICATION,PUBLISHED,Alcohol consumption (age 15+),"Developed regions (Europe, Cyprus, Israel, Northern America, Japan, Australia & New Zealand)",TOTAL,,,
EE6F72ASA_0000001688,SA_0000001688,EE6F72A,SA_0000001688,2015,YEAR,528,COUNTRY,PUBLISHED,Alcohol consumption (age 15+),Netherlands (Kingdom of the),TOTAL,,,
EE6F72ASA_0000001688,SA_0000001688,EE6F72A,SA_0000001688,2015,YEAR,543,REGION,PUBLISHED,Alcohol consumption (age 15+),Oceania (exc. Australia and New Zealand),TOTAL,,,
EE6F72ASA_0000001688,SA_0000001688,EE6F72A,SA_0000001688,2017,YEAR,798,COUNTRY,PUBLISHED,Alcohol consumption (age 15+),Tuvalu,TOTAL,,,
EE6F72ASA_0000001688,SA_0000001688,EE6F72A,SA_0000001688,2017,YEAR,800,COUNTRY,PUBLISHED,Alcohol consumption (age 15+),Uganda,TOTAL,,,
EE6F72ASA_0000001688,SA_0000001688,EE6F72A,SA_0000001688,2017,YEAR,804,COUNTRY,PUBLISHED,Alcohol consumption (age 15+),Ukraine,TOTAL,,,
EE6F72ASA_0000001688,SA_0000001688,EE6F72A,SA_0000001688,2017,YEAR,807,COUNTRY,PUBLISHED,Alcohol consumption (age 15+),North Macedonia,TOTAL,,,
EE6F72ASA_0000001688,SA_0000001688,EE6F72A,SA_0000001688,2017,YEAR,834,COUNTRY,PUBLISHED,Alcohol consumption (age 15+),United Republic of Tanzania,TOTAL,,,
EE6F72ASA_0000001688,SA_0000001688,EE6F72A,SA_0000001688,2017,YEAR,840,COUNTRY,PUBLISHED,Alcohol consumption (age 15+),United States of America,TOTAL,,,
EE6F72ASA_0000001688,SA_0000001688,EE6F72A,SA_0000001688,2017,YEAR,854,COUNTRY,PUBLISHED,Alcohol consumption (age 15+),Burkina Faso,TOTAL,,,
EE6F72ASA_0000001688,SA_0000001688,EE6F72A,SA_0000001688,2017,YEAR,858,COUNTRY,PUBLISHED,Alcohol consumption (age 15+),Uruguay,TOTAL,,,
EE6F72ASA_0000001688,SA_0000001688,EE6F72A,SA_0000001688,2017,YEAR,818,COUNTRY,PUBLISHED,Alcohol consumption (age 15+),Egypt,TOTAL,,,
EE6F72ASA_0000001688,SA_0000001688,EE6F72A,SA_0000001688,2017,YEAR,826,COUNTRY,PUBLISHED,Alcohol consumption (age 15+),United Kingdom of Great Britain and Northern Ireland,TOTAL,,,
EE6F72ASA_0000001688,SA_0000001688,EE6F72A,SA_0000001688,2017,YEAR,882,COUNTRY,PUBLISHED,Alcohol consumption (age 15+),Samoa,TOTAL,,,
EE6F72ASA_0000001688,SA_0000001688,EE6F72A,SA_0000001688,2017,YEAR,956,WHOREGION,PUBLISHED,Alcohol consumption (age 15+),Europe,TOTAL,,,
EE6F72ASA_0000001688,SA_0000001688,EE6F72A,SA_0000001688,2017,YEAR,957,WHOREGION,PUBLISHED,Alcohol consumption (age 15+),Eastern Mediterranean,TOTAL,,,
EE6F72ASA_0000001688,SA_0000001688,EE6F72A,SA_0000001688,2017,YEAR,958,WHOREGION,PUBLISHED,Alcohol consumption (age 15+),Western Pacific,TOTAL,,,
EE6F72ASA_0000001688,SA_0000001688,EE6F72A,SA_0000001688,2018,YEAR,001,GLOBAL,PUBLISHED,Alcohol consumption (age 15+),World,TOTAL,,,
EE6F72ASA_0000001688,SA_0000001688,EE6F72A,SA_0000001688,2017,YEAR,887,COUNTRY,PUBLISHED,Alcohol consumption (age 15+),Yemen,TOTAL,,,
EE6F72ASA_0000001688,SA_0000001688,EE6F72A,SA_0000001688,2017,YEAR,894,COUNTRY,PUBLISHED,Alcohol consumption (age 15+),Zambia,TOTAL,,,
EE6F72ASA_0000001688,SA_0000001688,EE6F72A,SA_0000001688,2017,YEAR,953,WHOREGION,PUBLISHED,Alcohol consumption (age 15+),Africa,TOTAL,,,
EE6F72ASA_0000001688,SA_0000001688,EE6F72A,SA_0000001688,2017,YEAR,860,COUNTRY,PUBLISHED,Alcohol consumption (age 15+),Uzbekistan,TOTAL,,,
EE6F72ASA_0000001688,SA_0000001688,EE6F72A,SA_0000001688,2017,YEAR,862,COUNTRY,PUBLISHED,Alcohol consumption (age 15+),Venezuela (Bolivarian Republic of),TOTAL,,,
EE6F72ASA_0000001688,SA_0000001688,EE6F72A,SA_0000001688,2017,YEAR,954,WHOREGION,PUBLISHED,Alcohol consumption (age 15+),Americas,TOTAL,,,
EE6F72ASA_0000001688,SA_0000001688,EE6F72A,SA_0000001688,2017,YEAR,955,WHOREGION,PUBLISHED,Alcohol consumption (age 15+),South-East Asia,TOTAL,,,
EE6F72ASA_0000001688,SA_0000001688,EE6F72A,SA_0000001688,2018,YEAR,002,REGION,PUBLISHED,Alcohol consumption (age 15+),Africa,TOTAL,,,
EE6F72ASA_0000001688,SA_0000001688,EE6F72A,SA_0000001688,2018,YEAR,014,REGION,PUBLISHED,Alcohol consumption (age 15+),Eastern Africa,TOTAL,,,
EE6F72ASA_0000001688,SA_0000001688,EE6F72A,SA_0000001688,2018,YEAR,015,REGION,PUBLISHED,Alcohol consumption (age 15+),Northern Africa,TOTAL,,,
EE6F72ASA_0000001688,SA_0000001688,EE6F72A,SA_0000001688,2018,YEAR,017,REGION,PUBLISHED,Alcohol consumption (age 15+),Middle Africa,TOTAL,,,
EE6F72ASA_0000001688,SA_0000001688,EE6F72A,SA_0000001688,2018,YEAR,018,REGION,PUBLISHED,Alcohol consumption (age 15+),Southern Africa,TOTAL,,,
EE6F72ASA_0000001688,SA_0000001688,EE6F72A,SA_0000001688,2018,YEAR,004,COUNTRY,PUBLISHED,Alcohol consumption (age 15+),Afghanistan,TOTAL,,,
EE6F72ASA_0000001688,SA_0000001688,EE6F72A,SA_0000001688,2018,YEAR,005,REGION,PUBLISHED,Alcohol consumption (age 15+),South America,TOTAL,,,
EE6F72ASA_0000001688,SA_0000001688,EE6F72A,SA_0000001688,2018,YEAR,008,COUNTRY,PUBLISHED,Alcohol consumption (age 15+),Albania,TOTAL,,,
EE6F72ASA_0000001688,SA_0000001688,EE6F72A,SA_0000001688,2018,YEAR,009,REGION,PUBLISHED,Alcohol consumption (age 15+),Oceania,TOTAL,,,
EE6F72ASA_0000001688,SA_0000001688,EE6F72A,SA_0000001688,2018,YEAR,011,REGION,PUBLISHED,Alcohol consumption (age 15+),Western Africa,TOTAL,,,
EE6F72ASA_0000001688,SA_0000001688,EE6F72A,SA_0000001688,2018,YEAR,012,COUNTRY,PUBLISHED,Alcohol consumption (age 15+),Algeria,TOTAL,,,
EE6F72ASA_0000001688,SA_0000001688,EE6F72A,SA_0000001688,2018,YEAR,013,REGION,PUBLISHED,Alcohol consumption (age 15+),Central America,TOTAL,,,
EE6F72ASA_0000001688,SA_0000001688,EE6F72A,SA_0000001688,2018,YEAR,019,REGION,PUBLISHED,Alcohol consumption (age 15+),Americas,TOTAL,,,
EE6F72ASA_0000001688,SA_0000001688,EE6F72A,SA_0000001688,2018,YEAR,020,COUNTRY,PUBLISHED,Alcohol consumption (age 15+),Andorra,TOTAL,,,
EE6F72ASA_0000001688,SA_0000001688,EE6F72A,SA_0000001688,2018,YEAR,021,REGION,PUBLISHED,Alcohol consumption (age 15+),Northern America,TOTAL,,,
EE6F72ASA_0000001688,SA_0000001688,EE6F72A,SA_0000001688,2018,YEAR,024,COUNTRY,PUBLISHED,Alcohol consumption (age 15+),Angola,TOTAL,,,
EE6F72ASA_0000001688,SA_0000001688,EE6F72A,SA_0000001688,2018,YEAR,028,COUNTRY,PUBLISHED,Alcohol consumption (age 15+),Antigua and Barbuda,TOTAL,,,
EE6F72ASA_0000001688,SA_0000001688,EE6F72A,SA_0000001688,2018,YEAR,029,REGION,PUBLISHED,Alcohol consumption (age 15+),Caribbean,TOTAL,,,
EE6F72ASA_0000001688,SA_0000001688,EE6F72A,SA_0000001688,2018,YEAR,032,COUNTRY,PUBLISHED,Alcohol consumption (age 15+),Argentina,TOTAL,,,
EE6F72ASA_0000001688,SA_0000001688,EE6F72A,SA_0000001688,2018,YEAR,034,REGION,PUBLISHED,Alcohol consumption (age 15+),Southern Asia,TOTAL,,,
EE6F72ASA_0000001688,SA_0000001688,EE6F72A,SA_0000001688,2018,YEAR,035,REGION,PUBLISHED,Alcohol consumption (age 15+),South-eastern Asia,TOTAL,,,
EE6F72ASA_0000001688,SA_0000001688,EE6F72A,SA_0000001688,2018,YEAR,036,COUNTRY,PUBLISHED,Alcohol consumption (age 15+),Australia,TOTAL,,,
EE6F72ASA_0000001688,SA_0000001688,EE6F72A,SA_0000001688,2018,YEAR,030,REGION,PUBLISHED,Alcohol consumption (age 15+),Eastern Asia,TOTAL,,,
EE6F72ASA_0000001688,SA_0000001688,EE6F72A,SA_0000001688,2018,YEAR,031,COUNTRY,PUBLISHED,Alcohol consumption (age 15+),Azerbaijan,TOTAL,,,
EE6F72ASA_0000001688,SA_0000001688,EE6F72A,SA_0000001688,2018,YEAR,044,COUNTRY,PUBLISHED,Alcohol consumption (age 15+),Bahamas,TOTAL,,,
EE6F72ASA_0000001688,SA_0000001688,EE6F72A,SA_0000001688,2018,YEAR,048,COUNTRY,PUBLISHED,Alcohol consumption (age 15+),Bahrain,TOTAL,,,
EE6F72ASA_0000001688,SA_0000001688,EE6F72A,SA_0000001688,2018,YEAR,050,COUNTRY,PUBLISHED,Alcohol consumption (age 15+),Bangladesh,TOTAL,,,
EE6F72ASA_0000001688,SA_0000001688,EE6F72A,SA_0000001688,2018,YEAR,051,COUNTRY,PUBLISHED,Alcohol consumption (age 15+),Armenia,TOTAL,,,
EE6F72ASA_0000001688,SA_0000001688,EE6F72A,SA_0000001688,2018,YEAR,039,REGION,PUBLISHED,Alcohol consumption (age 15+),Southern Europe,TOTAL,,,
EE6F72ASA_0000001688,SA_0000001688,EE6F72A,SA_0000001688,2018,YEAR,040,COUNTRY,PUBLISHED,Alcohol consumption (age 15+),Austria,TOTAL,,,
EE6F72ASA_0000001688,SA_0000001688,EE6F72A,SA_0000001688,2018,YEAR,054,REGION,PUBLISHED,Alcohol consumption (age 15+),Melanesia,TOTAL,,,
EE6F72ASA_0000001688,SA_0000001688,EE6F72A,SA_0000001688,2018,YEAR,056,COUNTRY,PUBLISHED,Alcohol consumption (age 15+),Belgium,TOTAL,,,
EE6F72ASA_0000001688,SA_0000001688,EE6F72A,SA_0000001688,2018,YEAR,057,REGION,PUBLISHED,Alcohol consumption (age 15+),Micronesia,TOTAL,,,
EE6F72ASA_0000001688,SA_0000001688,EE6F72A,SA_0000001688,2018,YEAR,061,REGION,PUBLISHED,Alcohol consumption (age 15+),Polynesia,TOTAL,,,
EE6F72ASA_0000001688,SA_0000001688,EE6F72A,SA_0000001688,2018,YEAR,052,COUNTRY,PUBLISHED,Alcohol consumption (age 15+),Barbados,TOTAL,,,
EE6F72ASA_0000001688,SA_0000001688,EE6F72A,SA_0000001688,2018,YEAR,053,REGION,PUBLISHED,Alcohol consumption (age 15+),Australia and New Zealand,TOTAL,,,
EE6F72ASA_0000001688,SA_0000001688,EE6F72A,SA_0000001688,2018,YEAR,068,COUNTRY,PUBLISHED,Alcohol consumption (age 15+),Bolivia (Plurinational State of),TOTAL,,,
EE6F72ASA_0000001688,SA_0000001688,EE6F72A,SA_0000001688,2018,YEAR,096,COUNTRY,PUBLISHED,Alcohol consumption (age 15+),Brunei Darussalam,TOTAL,,,
EE6F72ASA_0000001688,SA_0000001688,EE6F72A,SA_0000001688,2018,YEAR,100,COUNTRY,PUBLISHED,Alcohol consumption (age 15+),Bulgaria,TOTAL,,,
EE6F72ASA_0000001688,SA_0000001688,EE6F72A,SA_0000001688,2018,YEAR,104,COUNTRY,PUBLISHED,Alcohol consumption (age 15+),Myanmar,TOTAL,,,
EE6F72ASA_0000001688,SA_0000001688,EE6F72A,SA_0000001688,2018,YEAR,108,COUNTRY,PUBLISHED,Alcohol consumption (age 15+),Burundi,TOTAL,,,
EE6F72ASA_0000001688,SA_0000001688,EE6F72A,SA_0000001688,2018,YEAR,070,COUNTRY,PUBLISHED,Alcohol consumption (age 15+),Bosnia and Herzegovina,TOTAL,,,
EE6F72ASA_0000001688,SA_0000001688,EE6F72A,SA_0000001688,2018,YEAR,072,COUNTRY,PUBLISHED,Alcohol consumption (age 15+),Botswana,TOTAL,,,
EE6F72ASA_0000001688,SA_0000001688,EE6F72A,SA_0000001688,2018,YEAR,076,COUNTRY,PUBLISHED,Alcohol consumption (age 15+),Brazil,TOTAL,,,
EE6F72ASA_0000001688,SA_0000001688,EE6F72A,SA_0000001688,2018,YEAR,062,REGION,PUBLISHED,Alcohol consumption (age 15+),Central and Southern Asia,TOTAL,,,
EE6F72ASA_0000001688,SA_0000001688,EE6F72A,SA_0000001688,2018,YEAR,064,COUNTRY,PUBLISHED,Alcohol consumption (age 15+),Bhutan,TOTAL,,,
EE6F72ASA_0000001688,SA_0000001688,EE6F72A,SA_0000001688,2018,YEAR,084,COUNTRY,PUBLISHED,Alcohol consumption (age 15+),Belize,TOTAL,,,
EE6F72ASA_0000001688,SA_0000001688,EE6F72A,SA_0000001688,2018,YEAR,090,COUNTRY,PUBLISHED,Alcohol consumption (age 15+),Solomon Islands,TOTAL,,,
EE6F72ASA_0000001688,SA_0000001688,EE6F72A,SA_0000001688,2018,YEAR,112,COUNTRY,PUBLISHED,Alcohol consumption (age 15+),Belarus,TOTAL,,,
EE6F72ASA_0000001688,SA_0000001688,EE6F72A,SA_0000001688,2018,YEAR,116,COUNTRY,PUBLISHED,Alcohol consumption (age 15+),Cambodia,TOTAL,,,
EE6F72ASA_0000001688,SA_0000001688,EE6F72A,SA_0000001688,2018,YEAR,120,COUNTRY,PUBLISHED,Alcohol consumption (age 15+),Cameroon,TOTAL,,,
EE6F72ASA_0000001688,SA_0000001688,EE6F72A,SA_0000001688,2018,YEAR,124,COUNTRY,PUBLISHED,Alcohol consumption (age 15+),Canada,TOTAL,,,
EE6F72ASA_0000001688,SA_0000001688,EE6F72A,SA_0000001688,2018,YEAR,132,COUNTRY,PUBLISHED,Alcohol consumption (age 15+),Cabo Verde,TOTAL,,,
EE6F72ASA_0000001688,SA_0000001688,EE6F72A,SA_0000001688,2018,YEAR,140,COUNTRY,PUBLISHED,Alcohol consumption (age 15+),Central African Republic,TOTAL,,,
EE6F72ASA_0000001688,SA_0000001688,EE6F72A,SA_0000001688,2018,YEAR,144,COUNTRY,PUBLISHED,Alcohol consumption (age 15+),Sri Lanka,TOTAL,,,
EE6F72ASA_0000001688,SA_0000001688,EE6F72A,SA_0000001688,2018,YEAR,145,REGION,PUBLISHED,Alcohol consumption (age 15+),Western Asia,TOTAL,,,
EE6F72ASA_0000001688,SA_0000001688,EE6F72A,SA_0000001688,2018,YEAR,148,COUNTRY,PUBLISHED,Alcohol consumption (age 15+),Chad,TOTAL,,,
EE6F72ASA_0000001688,SA_0000001688,EE6F72A,SA_0000001688,2018,YEAR,150,REGION,PUBLISHED,Alcohol consumption (age 15+),Europe,TOTAL,,,
EE6F72ASA_0000001688,SA_0000001688,EE6F72A,SA_0000001688,2018,YEAR,142,REGION,PUBLISHED,Alcohol consumption (age 15+),Asia,TOTAL,,,
EE6F72ASA_0000001688,SA_0000001688,EE6F72A,SA_0000001688,2018,YEAR,143,REGION,PUBLISHED,Alcohol consumption (age 15+),Central Asia,TOTAL,,,
EE6F72ASA_0000001688,SA_0000001688,EE6F72A,SA_0000001688,2018,YEAR,154,REGION,PUBLISHED,Alcohol consumption (age 15+),Northern Europe,TOTAL,,,
EE6F72ASA_0000001688,SA_0000001688,EE6F72A,SA_0000001688,2018,YEAR,155,REGION,PUBLISHED,Alcohol consumption (age 15+),Western Europe,TOTAL,,,
EE6F72ASA_0000001688,SA_0000001688,EE6F72A,SA_0000001688,2018,YEAR,156,COUNTRY,PUBLISHED,Alcohol consumption (age 15+),China,TOTAL,,,
EE6F72ASA_0000001688,SA_0000001688,EE6F72A,SA_0000001688,2018,YEAR,170,COUNTRY,PUBLISHED,Alcohol consumption (age 15+),Colombia,TOTAL,,,
EE6F72ASA_0000001688,SA_0000001688,EE6F72A,SA_0000001688,2018,YEAR,151,REGION,PUBLISHED,Alcohol consumption (age 15+),Eastern Europe,TOTAL,,,
EE6F72ASA_0000001688,SA_0000001688,EE6F72A,SA_0000001688,2018,YEAR,152,COUNTRY,PUBLISHED,Alcohol consumption (age 15+),Chile,TOTAL,,,
EE6F72ASA_0000001688,SA_0000001688,EE6F72A,SA_0000001688,2020,YEAR,800,COUNTRY,PUBLISHED,Alcohol consumption (age 15+),Uganda,TOTAL,,,
EE6F72ASA_0000001688,SA_0000001688,EE6F72A,SA_0000001688,2020,YEAR,804,COUNTRY,PUBLISHED,Alcohol consumption (age 15+),Ukraine,TOTAL,,,
EE6F72ASA_0000001688,SA_0000001688,EE6F72A,SA_0000001688,2020,YEAR,807,COUNTRY,PUBLISHED,Alcohol consumption (age 15+),North Macedonia,TOTAL,,,
EE6F72ASA_0000001688,SA_0000001688,EE6F72A,SA_0000001688,2020,YEAR,818,COUNTRY,PUBLISHED,Alcohol consumption (age 15+),Egypt,TOTAL,,,
EE6F72ASA_0000001688,SA_0000001688,EE6F72A,SA_0000001688,2020,YEAR,795,COUNTRY,PUBLISHED,Alcohol consumption (age 15+),Turkmenistan,TOTAL,,,
EE6F72ASA_0000001688,SA_0000001688,EE6F72A,SA_0000001688,2020,YEAR,798,COUNTRY,PUBLISHED,Alcohol consumption (age 15+),Tuvalu,TOTAL,,,
EE6F72ASA_0000001688,SA_0000001688,EE6F72A,SA_0000001688,2020,YEAR,840,COUNTRY,PUBLISHED,Alcohol consumption (age 15+),United States of America,TOTAL,,,
EE6F72ASA_0000001688,SA_0000001688,EE6F72A,SA_0000001688,2020,YEAR,887,COUNTRY,PUBLISHED,Alcohol consumption (age 15+),Yemen,TOTAL,,,
EE6F72ASA_0000001688,SA_0000001688,EE6F72A,SA_0000001688,2020,YEAR,894,COUNTRY,PUBLISHED,Alcohol consumption (age 15+),Zambia,TOTAL,,,
EE6F72ASA_0000001688,SA_0000001688,EE6F72A,SA_0000001688,2020,YEAR,953,WHOREGION,PUBLISHED,Alcohol consumption (age 15+),Africa,TOTAL,,,
EE6F72ASA_0000001688,SA_0000001688,EE6F72A,SA_0000001688,2020,YEAR,954,WHOREGION,PUBLISHED,Alcohol consumption (age 15+),Americas,TOTAL,,,
EE6F72ASA_0000001688,SA_0000001688,EE6F72A,SA_0000001688,2020,YEAR,854,COUNTRY,PUBLISHED,Alcohol consumption (age 15+),Burkina Faso,TOTAL,,,
EE6F72ASA_0000001688,SA_0000001688,EE6F72A,SA_0000001688,2020,YEAR,858,COUNTRY,PUBLISHED,Alcohol consumption (age 15+),Uruguay,TOTAL,,,
EE6F72ASA_0000001688,SA_0000001688,EE6F72A,SA_0000001688,2020,YEAR,860,COUNTRY,PUBLISHED,Alcohol consumption (age 15+),Uzbekistan,TOTAL,,,
EE6F72ASA_0000001688,SA_0000001688,EE6F72A,SA_0000001688,2020,YEAR,826,COUNTRY,PUBLISHED,Alcohol consumption (age 15+),United Kingdom of Great Britain and Northern Ireland,TOTAL,,,
EE6F72ASA_0000001688,SA_0000001688,EE6F72A,SA_0000001688,2020,YEAR,834,COUNTRY,PUBLISHED,Alcohol consumption (age 15+),United Republic of Tanzania,TOTAL,,,
EE6F72ASA_0000001688,SA_0000001688,EE6F72A,SA_0000001688,2020,YEAR,862,COUNTRY,PUBLISHED,Alcohol consumption (age 15+),Venezuela (Bolivarian Republic of),TOTAL,,,
EE6F72ASA_0000001688,SA_0000001688,EE6F72A,SA_0000001688,2020,YEAR,882,COUNTRY,PUBLISHED,Alcohol consumption (age 15+),Samoa,TOTAL,,,
EE6F72ASA_0000001688,SA_0000001688,EE6F72A,SA_0000001688,2020,YEAR,955,WHOREGION,PUBLISHED,Alcohol consumption (age 15+),South-East Asia,TOTAL,,,
EE6F72ASA_0000001688,SA_0000001688,EE6F72A,SA_0000001688,2021,YEAR,008,COUNTRY,PUBLISHED,Alcohol consumption (age 15+),Albania,TOTAL,,,
EE6F72ASA_0000001688,SA_0000001688,EE6F72A,SA_0000001688,2021,YEAR,009,REGION,PUBLISHED,Alcohol consumption (age 15+),Oceania,TOTAL,,,
EE6F72ASA_0000001688,SA_0000001688,EE6F72A,SA_0000001688,2021,YEAR,011,REGION,PUBLISHED,Alcohol consumption (age 15+),Western Africa,TOTAL,,,
EE6F72ASA_0000001688,SA_0000001688,EE6F72A,SA_0000001688,2021,YEAR,012,COUNTRY,PUBLISHED,Alcohol consumption (age 15+),Algeria,TOTAL,,,
EE6F72ASA_0000001688,SA_0000001688,EE6F72A,SA_0000001688,2020,YEAR,956,WHOREGION,PUBLISHED,Alcohol consumption (age 15+),Europe,TOTAL,,,
EE6F72ASA_0000001688,SA_0000001688,EE6F72A,SA_0000001688,2020,YEAR,957,WHOREGION,PUBLISHED,Alcohol consumption (age 15+),Eastern Mediterranean,TOTAL,,,
EE6F72ASA_0000001688,SA_0000001688,EE6F72A,SA_0000001688,2020,YEAR,958,WHOREGION,PUBLISHED,Alcohol consumption (age 15+),Western Pacific,TOTAL,,,
EE6F72ASA_0000001688,SA_0000001688,EE6F72A,SA_0000001688,2021,YEAR,001,GLOBAL,PUBLISHED,Alcohol consumption (age 15+),World,TOTAL,,,
EE6F72ASA_0000001688,SA_0000001688,EE6F72A,SA_0000001688,2021,YEAR,002,REGION,PUBLISHED,Alcohol consumption (age 15+),Africa,TOTAL,,,
EE6F72ASA_0000001688,SA_0000001688,EE6F72A,SA_0000001688,2021,YEAR,004,COUNTRY,PUBLISHED,Alcohol consumption (age 15+),Afghanistan,TOTAL,,,
EE6F72ASA_0000001688,SA_0000001688,EE6F72A,SA_0000001688,2021,YEAR,005,REGION,PUBLISHED,Alcohol consumption (age 15+),South America,TOTAL,,,
EE6F72ASA_0000001688,SA_0000001688,EE6F72A,SA_0000001688,2021,YEAR,013,REGION,PUBLISHED,Alcohol consumption (age 15+),Central America,TOTAL,,,
EE6F72ASA_0000001688,SA_0000001688,EE6F72A,SA_0000001688,2021,YEAR,014,REGION,PUBLISHED,Alcohol consumption (age 15+),Eastern Africa,TOTAL,,,
EE6F72ASA_0000001688,SA_0000001688,EE6F72A,SA_0000001688,2021,YEAR,015,REGION,PUBLISHED,Alcohol consumption (age 15+),Northern Africa,TOTAL,,,
EE6F72ASA_0000001688,SA_0000001688,EE6F72A,SA_0000001688,2021,YEAR,017,REGION,PUBLISHED,Alcohol consumption (age 15+),Middle Africa,TOTAL,,,
EE6F72ASA_0000001688,SA_0000001688,EE6F72A,SA_0000001688,2021,YEAR,018,REGION,PUBLISHED,Alcohol consumption (age 15+),Southern Africa,TOTAL,,,
EE6F72ASA_0000001688,SA_0000001688,EE6F72A,SA_0000001688,2021,YEAR,019,REGION,PUBLISHED,Alcohol consumption (age 15+),Americas,TOTAL,,,
EE6F72ASA_0000001688,SA_0000001688,EE6F72A,SA_0000001688,2021,YEAR,024,COUNTRY,PUBLISHED,Alcohol consumption (age 15+),Angola,TOTAL,,,
EE6F72ASA_0000001688,SA_0000001688,EE6F72A,SA_0000001688,2021,YEAR,028,COUNTRY,PUBLISHED,Alcohol consumption (age 15+),Antigua and Barbuda,TOTAL,,,
EE6F72ASA_0000001688,SA_0000001688,EE6F72A,SA_0000001688,2021,YEAR,029,REGION,PUBLISHED,Alcohol consumption (age 15+),Caribbean,TOTAL,,,
EE6F72ASA_0000001688,SA_0000001688,EE6F72A,SA_0000001688,2021,YEAR,030,REGION,PUBLISHED,Alcohol consumption (age 15+),Eastern Asia,TOTAL,,,
EE6F72ASA_0000001688,SA_0000001688,EE6F72A,SA_0000001688,2021,YEAR,020,COUNTRY,PUBLISHED,Alcohol consumption (age 15+),Andorra,TOTAL,,,
EE6F72ASA_0000001688,SA_0000001688,EE6F72A,SA_0000001688,2021,YEAR,021,REGION,PUBLISHED,Alcohol consumption (age 15+),Northern America,TOTAL,,,
EE6F72ASA_0000001688,SA_0000001688,EE6F72A,SA_0000001688,2021,YEAR,034,REGION,PUBLISHED,Alcohol consumption (age 15+),Southern Asia,TOTAL,,,
EE6F72ASA_0000001688,SA_0000001688,EE6F72A,SA_0000001688,2021,YEAR,035,REGION,PUBLISHED,Alcohol consumption (age 15+),South-eastern Asia,TOTAL,,,
EE6F72ASA_0000001688,SA_0000001688,EE6F72A,SA_0000001688,2021,YEAR,036,COUNTRY,PUBLISHED,Alcohol consumption (age 15+),Australia,TOTAL,,,
EE6F72ASA_0000001688,SA_0000001688,EE6F72A,SA_0000001688,2021,YEAR,039,REGION,PUBLISHED,Alcohol consumption (age 15+),Southern Europe,TOTAL,,,
EE6F72ASA_0000001688,SA_0000001688,EE6F72A,SA_0000001688,2021,YEAR,031,COUNTRY,PUBLISHED,Alcohol consumption (age 15+),Azerbaijan,TOTAL,,,
EE6F72ASA_0000001688,SA_0000001688,EE6F72A,SA_0000001688,2021,YEAR,032,COUNTRY,PUBLISHED,Alcohol consumption (age 15+),Argentina,TOTAL,,,
EE6F72ASA_0000001688,SA_0000001688,EE6F72A,SA_0000001688,2021,YEAR,048,COUNTRY,PUBLISHED,Alcohol consumption (age 15+),Bahrain,TOTAL,,,
EE6F72ASA_0000001688,SA_0000001688,EE6F72A,SA_0000001688,2021,YEAR,056,COUNTRY,PUBLISHED,Alcohol consumption (age 15+),Belgium,TOTAL,,,
EE6F72ASA_0000001688,SA_0000001688,EE6F72A,SA_0000001688,2021,YEAR,057,REGION,PUBLISHED,Alcohol consumption (age 15+),Micronesia,TOTAL,,,
EE6F72ASA_0000001688,SA_0000001688,EE6F72A,SA_0000001688,2021,YEAR,061,REGION,PUBLISHED,Alcohol consumption (age 15+),Polynesia,TOTAL,,,
EE6F72ASA_0000001688,SA_0000001688,EE6F72A,SA_0000001688,2021,YEAR,062,REGION,PUBLISHED,Alcohol consumption (age 15+),Central and Southern Asia,TOTAL,,,
EE6F72ASA_0000001688,SA_0000001688,EE6F72A,SA_0000001688,2021,YEAR,050,COUNTRY,PUBLISHED,Alcohol consumption (age 15+),Bangladesh,TOTAL,,,
EE6F72ASA_0000001688,SA_0000001688,EE6F72A,SA_0000001688,2021,YEAR,051,COUNTRY,PUBLISHED,Alcohol consumption (age 15+),Armenia,TOTAL,,,
EE6F72ASA_0000001688,SA_0000001688,EE6F72A,SA_0000001688,2021,YEAR,052,COUNTRY,PUBLISHED,Alcohol consumption (age 15+),Barbados,TOTAL,,,
EE6F72ASA_0000001688,SA_0000001688,EE6F72A,SA_0000001688,2021,YEAR,053,REGION,PUBLISHED,Alcohol consumption (age 15+),Australia and New Zealand,TOTAL,,,
EE6F72ASA_0000001688,SA_0000001688,EE6F72A,SA_0000001688,2021,YEAR,054,REGION,PUBLISHED,Alcohol consumption (age 15+),Melanesia,TOTAL,,,
EE6F72ASA_0000001688,SA_0000001688,EE6F72A,SA_0000001688,2021,YEAR,040,COUNTRY,PUBLISHED,Alcohol consumption (age 15+),Austria,TOTAL,,,
EE6F72ASA_0000001688,SA_0000001688,EE6F72A,SA_0000001688,2021,YEAR,044,COUNTRY,PUBLISHED,Alcohol consumption (age 15+),Bahamas,TOTAL,,,
EE6F72ASA_0000001688,SA_0000001688,EE6F72A,SA_0000001688,2021,YEAR,064,COUNTRY,PUBLISHED,Alcohol consumption (age 15+),Bhutan,TOTAL,,,
EE6F72ASA_0000001688,SA_0000001688,EE6F72A,SA_0000001688,2021,YEAR,068,COUNTRY,PUBLISHED,Alcohol consumption (age 15+),Bolivia (Plurinational State of),TOTAL,,,
EE6F72ASA_0000001688,SA_0000001688,EE6F72A,SA_0000001688,2021,YEAR,070,COUNTRY,PUBLISHED,Alcohol consumption (age 15+),Bosnia and Herzegovina,TOTAL,,,
EE6F72ASA_0000001688,SA_0000001688,EE6F72A,SA_0000001688,2021,YEAR,072,COUNTRY,PUBLISHED,Alcohol consumption (age 15+),Botswana,TOTAL,,,
EE6F72ASA_0000001688,SA_0000001688,EE6F72A,SA_0000001688,2021,YEAR,076,COUNTRY,PUBLISHED,Alcohol consumption (age 15+),Brazil,TOTAL,,,
EE6F72ASA_0000001688,SA_0000001688,EE6F72A,SA_0000001688,2021,YEAR,084,COUNTRY,PUBLISHED,Alcohol consumption (age 15+),Belize,TOTAL,,,
EE6F72ASA_0000001688,SA_0000001688,EE6F72A,SA_0000001688,2021,YEAR,100,COUNTRY,PUBLISHED,Alcohol consumption (age 15+),Bulgaria,TOTAL,,,
EE6F72ASA_0000001688,SA_0000001688,EE6F72A,SA_0000001688,2021,YEAR,104,COUNTRY,PUBLISHED,Alcohol consumption (age 15+),Myanmar,TOTAL,,,
EE6F72ASA_0000001688,SA_0000001688,EE6F72A,SA_0000001688,2021,YEAR,108,COUNTRY,PUBLISHED,Alcohol consumption (age 15+),Burundi,TOTAL,,,
EE6F72ASA_0000001688,SA_0000001688,EE6F72A,SA_0000001688,2021,YEAR,112,COUNTRY,PUBLISHED,Alcohol consumption (age 15+),Belarus,TOTAL,,,
EE6F72ASA_0000001688,SA_0000001688,EE6F72A,SA_0000001688,2021,YEAR,090,COUNTRY,PUBLISHED,Alcohol consumption (age 15+),Solomon Islands,TOTAL,,,
EE6F72ASA_0000001688,SA_0000001688,EE6F72A,SA_0000001688,2021,YEAR,096,COUNTRY,PUBLISHED,Alcohol consumption (age 15+),Brunei Darussalam,TOTAL,,,
EE6F72ASA_0000001688,SA_0000001688,EE6F72A,SA_0000001688,2021,YEAR,124,COUNTRY,PUBLISHED,Alcohol consumption (age 15+),Canada,TOTAL,,,
EE6F72ASA_0000001688,SA_0000001688,EE6F72A,SA_0000001688,2021,YEAR,145,REGION,PUBLISHED,Alcohol consumption (age 15+),Western Asia,TOTAL,,,
EE6F72ASA_0000001688,SA_0000001688,EE6F72A,SA_0000001688,2021,YEAR,148,COUNTRY,PUBLISHED,Alcohol consumption (age 15+),Chad,TOTAL,,,
EE6F72ASA_0000001688,SA_0000001688,EE6F72A,SA_0000001688,2021,YEAR,150,REGION,PUBLISHED,Alcohol consumption (age 15+),Europe,TOTAL,,,
EE6F72ASA_0000001688,SA_0000001688,EE6F72A,SA_0000001688,2021,YEAR,151,REGION,PUBLISHED,Alcohol consumption (age 15+),Eastern Europe,TOTAL,,,
EE6F72ASA_0000001688,SA_0000001688,EE6F72A,SA_0000001688,2021,YEAR,132,COUNTRY,PUBLISHED,Alcohol consumption (age 15+),Cabo Verde,TOTAL,,,
EE6F72ASA_0000001688,SA_0000001688,EE6F72A,SA_0000001688,2021,YEAR,140,COUNTRY,PUBLISHED,Alcohol consumption (age 15+),Central African Republic,TOTAL,,,
EE6F72ASA_0000001688,SA_0000001688,EE6F72A,SA_0000001688,2021,YEAR,142,REGION,PUBLISHED,Alcohol consumption (age 15+),Asia,TOTAL,,,
EE6F72ASA_0000001688,SA_0000001688,EE6F72A,SA_0000001688,2021,YEAR,116,COUNTRY,PUBLISHED,Alcohol consumption (age 15+),Cambodia,TOTAL,,,
EE6F72ASA_0000001688,SA_0000001688,EE6F72A,SA_0000001688,2021,YEAR,120,COUNTRY,PUBLISHED,Alcohol consumption (age 15+),Cameroon,TOTAL,,,
EE6F72ASA_0000001688,SA_0000001688,EE6F72A,SA_0000001688,2021,YEAR,143,REGION,PUBLISHED,Alcohol consumption (age 15+),Central Asia,TOTAL,,,
EE6F72ASA_0000001688,SA_0000001688,EE6F72A,SA_0000001688,2021,YEAR,144,COUNTRY,PUBLISHED,Alcohol consumption (age 15+),Sri Lanka,TOTAL,,,
EE6F72ASA_0000001688,SA_0000001688,EE6F72A,SA_0000001688,2021,YEAR,152,COUNTRY,PUBLISHED,Alcohol consumption (age 15+),Chile,TOTAL,,,
EE6F72ASA_0000001688,SA_0000001688,EE6F72A,SA_0000001688,2021,YEAR,154,REGION,PUBLISHED,Alcohol consumption (age 15+),Northern Europe,TOTAL,,,
EE6F72ASA_0000001688,SA_0000001688,EE6F72A,SA_0000001688,2021,YEAR,155,REGION,PUBLISHED,Alcohol consumption (age 15+),Western Europe,TOTAL,,,
EE6F72ASA_0000001688,SA_0000001688,EE6F72A,SA_0000001688,2021,YEAR,156,COUNTRY,PUBLISHED,Alcohol consumption (age 15+),China,TOTAL,,,
EE6F72ASA_0000001688,SA_0000001688,EE6F72A,SA_0000001688,2011,YEAR,804,COUNTRY,PUBLISHED,Alcohol consumption (age 15+),Ukraine,TOTAL,,,
EE6F72ASA_0000001688,SA_0000001688,EE6F72A,SA_0000001688,2011,YEAR,807,COUNTRY,PUBLISHED,Alcohol consumption (age 15+),North Macedonia,TOTAL,,,
EE6F72ASA_0000001688,SA_0000001688,EE6F72A,SA_0000001688,2011,YEAR,834,COUNTRY,PUBLISHED,Alcohol consumption (age 15+),United Republic of Tanzania,TOTAL,,,
EE6F72ASA_0000001688,SA_0000001688,EE6F72A,SA_0000001688,2011,YEAR,840,COUNTRY,PUBLISHED,Alcohol consumption (age 15+),United States of America,TOTAL,,,
EE6F72ASA_0000001688,SA_0000001688,EE6F72A,SA_0000001688,2011,YEAR,854,COUNTRY,PUBLISHED,Alcohol consumption (age 15+),Burkina Faso,TOTAL,,,
EE6F72ASA_0000001688,SA_0000001688,EE6F72A,SA_0000001688,2011,YEAR,858,COUNTRY,PUBLISHED,Alcohol consumption (age 15+),Uruguay,TOTAL,,,
EE6F72ASA_0000001688,SA_0000001688,EE6F72A,SA_0000001688,2011,YEAR,818,COUNTRY,PUBLISHED,Alcohol consumption (age 15+),Egypt,TOTAL,,,
EE6F72ASA_0000001688,SA_0000001688,EE6F72A,SA_0000001688,2011,YEAR,826,COUNTRY,PUBLISHED,Alcohol consumption (age 15+),United Kingdom of Great Britain and Northern Ireland,TOTAL,,,
EE6F72ASA_0000001688,SA_0000001688,EE6F72A,SA_0000001688,2011,YEAR,882,COUNTRY,PUBLISHED,Alcohol consumption (age 15+),Samoa,TOTAL,,,
EE6F72ASA_0000001688,SA_0000001688,EE6F72A,SA_0000001688,2011,YEAR,887,COUNTRY,PUBLISHED,Alcohol consumption (age 15+),Yemen,TOTAL,,,
EE6F72ASA_0000001688,SA_0000001688,EE6F72A,SA_0000001688,2011,YEAR,894,COUNTRY,PUBLISHED,Alcohol consumption (age 15+),Zambia,TOTAL,,,
EE6F72ASA_0000001688,SA_0000001688,EE6F72A,SA_0000001688,2011,YEAR,953,WHOREGION,PUBLISHED,Alcohol consumption (age 15+),Africa,TOTAL,,,
EE6F72ASA_0000001688,SA_0000001688,EE6F72A,SA_0000001688,2011,YEAR,860,COUNTRY,PUBLISHED,Alcohol consumption (age 15+),Uzbekistan,TOTAL,,,
EE6F72ASA_0000001688,SA_0000001688,EE6F72A,SA_0000001688,2011,YEAR,862,COUNTRY,PUBLISHED,Alcohol consumption (age 15+),Venezuela (Bolivarian Republic of),TOTAL,,,
EE6F72ASA_0000001688,SA_0000001688,EE6F72A,SA_0000001688,2011,YEAR,956,WHOREGION,PUBLISHED,Alcohol consumption (age 15+),Europe,TOTAL,,,
EE6F72ASA_0000001688,SA_0000001688,EE6F72A,SA_0000001688,2011,YEAR,957,WHOREGION,PUBLISHED,Alcohol consumption (age 15+),Eastern Mediterranean,TOTAL,,,
EE6F72ASA_0000001688,SA_0000001688,EE6F72A,SA_0000001688,2011,YEAR,958,WHOREGION,PUBLISHED,Alcohol consumption (age 15+),Western Pacific,TOTAL,,,
EE6F72ASA_0000001688,SA_0000001688,EE6F72A,SA_0000001688,2012,YEAR,001,GLOBAL,PUBLISHED,Alcohol consumption (age 15+),World,TOTAL,,,
EE6F72ASA_0000001688,SA_0000001688,EE6F72A,SA_0000001688,2011,YEAR,954,WHOREGION,PUBLISHED,Alcohol consumption (age 15+),Americas,TOTAL,,,
EE6F72ASA_0000001688,SA_0000001688,EE6F72A,SA_0000001688,2011,YEAR,955,WHOREGION,PUBLISHED,Alcohol consumption (age 15+),South-East Asia,TOTAL,,,
EE6F72ASA_0000001688,SA_0000001688,EE6F72A,SA_0000001688,2012,YEAR,005,REGION,PUBLISHED,Alcohol consumption (age 15+),South America,TOTAL,,,
EE6F72ASA_0000001688,SA_0000001688,EE6F72A,SA_0000001688,2012,YEAR,008,COUNTRY,PUBLISHED,Alcohol consumption (age 15+),Albania,TOTAL,,,
EE6F72ASA_0000001688,SA_0000001688,EE6F72A,SA_0000001688,2012,YEAR,009,REGION,PUBLISHED,Alcohol consumption (age 15+),Oceania,TOTAL,,,
EE6F72ASA_0000001688,SA_0000001688,EE6F72A,SA_0000001688,2012,YEAR,011,REGION,PUBLISHED,Alcohol consumption (age 15+),Western Africa,TOTAL,,,
EE6F72ASA_0000001688,SA_0000001688,EE6F72A,SA_0000001688,2012,YEAR,002,REGION,PUBLISHED,Alcohol consumption (age 15+),Africa,TOTAL,,,
EE6F72ASA_0000001688,SA_0000001688,EE6F72A,SA_0000001688,2012,YEAR,004,COUNTRY,PUBLISHED,Alcohol consumption (age 15+),Afghanistan,TOTAL,,,
EE6F72ASA_0000001688,SA_0000001688,EE6F72A,SA_0000001688,2012,YEAR,014,REGION,PUBLISHED,Alcohol consumption (age 15+),Eastern Africa,TOTAL,,,
EE6F72ASA_0000001688,SA_0000001688,EE6F72A,SA_0000001688,2012,YEAR,015,REGION,PUBLISHED,Alcohol consumption (age 15+),Northern Africa,TOTAL,,,
EE6F72ASA_0000001688,SA_0000001688,EE6F72A,SA_0000001688,2012,YEAR,017,REGION,PUBLISHED,Alcohol consumption (age 15+),Middle Africa,TOTAL,,,
EE6F72ASA_0000001688,SA_0000001688,EE6F72A,SA_0000001688,2012,YEAR,018,REGION,PUBLISHED,Alcohol consumption (age 15+),Southern Africa,TOTAL,,,
EE6F72ASA_0000001688,SA_0000001688,EE6F72A,SA_0000001688,2012,YEAR,012,COUNTRY,PUBLISHED,Alcohol consumption (age 15+),Algeria,TOTAL,,,
EE6F72ASA_0000001688,SA_0000001688,EE6F72A,SA_0000001688,2012,YEAR,013,REGION,PUBLISHED,Alcohol consumption (age 15+),Central America,TOTAL,,,
EE6F72ASA_0000001688,SA_0000001688,EE6F72A,SA_0000001688,2012,YEAR,021,REGION,PUBLISHED,Alcohol consumption (age 15+),Northern America,TOTAL,,,
EE6F72ASA_0000001688,SA_0000001688,EE6F72A,SA_0000001688,2012,YEAR,024,COUNTRY,PUBLISHED,Alcohol consumption (age 15+),Angola,TOTAL,,,
EE6F72ASA_0000001688,SA_0000001688,EE6F72A,SA_0000001688,2012,YEAR,028,COUNTRY,PUBLISHED,Alcohol consumption (age 15+),Antigua and Barbuda,TOTAL,,,
EE6F72ASA_0000001688,SA_0000001688,EE6F72A,SA_0000001688,2012,YEAR,029,REGION,PUBLISHED,Alcohol consumption (age 15+),Caribbean,TOTAL,,,
EE6F72ASA_0000001688,SA_0000001688,EE6F72A,SA_0000001688,2012,YEAR,019,REGION,PUBLISHED,Alcohol consumption (age 15+),Americas,TOTAL,,,
EE6F72ASA_0000001688,SA_0000001688,EE6F72A,SA_0000001688,2012,YEAR,020,COUNTRY,PUBLISHED,Alcohol consumption (age 15+),Andorra,TOTAL,,,
EE6F72ASA_0000001688,SA_0000001688,EE6F72A,SA_0000001688,2012,YEAR,032,COUNTRY,PUBLISHED,Alcohol consumption (age 15+),Argentina,TOTAL,,,
EE6F72ASA_0000001688,SA_0000001688,EE6F72A,SA_0000001688,2012,YEAR,034,REGION,PUBLISHED,Alcohol consumption (age 15+),Southern Asia,TOTAL,,,
EE6F72ASA_0000001688,SA_0000001688,EE6F72A,SA_0000001688,2012,YEAR,035,REGION,PUBLISHED,Alcohol consumption (age 15+),South-eastern Asia,TOTAL,,,
EE6F72ASA_0000001688,SA_0000001688,EE6F72A,SA_0000001688,2012,YEAR,036,COUNTRY,PUBLISHED,Alcohol consumption (age 15+),Australia,TOTAL,,,
EE6F72ASA_0000001688,SA_0000001688,EE6F72A,SA_0000001688,2012,YEAR,030,REGION,PUBLISHED,Alcohol consumption (age 15+),Eastern Asia,TOTAL,,,
EE6F72ASA_0000001688,SA_0000001688,EE6F72A,SA_0000001688,2012,YEAR,031,COUNTRY,PUBLISHED,Alcohol consumption (age 15+),Azerbaijan,TOTAL,,,
EE6F72ASA_0000001688,SA_0000001688,EE6F72A,SA_0000001688,2012,YEAR,044,COUNTRY,PUBLISHED,Alcohol consumption (age 15+),Bahamas,TOTAL,,,
EE6F72ASA_0000001688,SA_0000001688,EE6F72A,SA_0000001688,2012,YEAR,054,REGION,PUBLISHED,Alcohol consumption (age 15+),Melanesia,TOTAL,,,
EE6F72ASA_0000001688,SA_0000001688,EE6F72A,SA_0000001688,2012,YEAR,056,COUNTRY,PUBLISHED,Alcohol consumption (age 15+),Belgium,TOTAL,,,
EE6F72ASA_0000001688,SA_0000001688,EE6F72A,SA_0000001688,2012,YEAR,057,REGION,PUBLISHED,Alcohol consumption (age 15+),Micronesia,TOTAL,,,
EE6F72ASA_0000001688,SA_0000001688,EE6F72A,SA_0000001688,2012,YEAR,061,REGION,PUBLISHED,Alcohol consumption (age 15+),Polynesia,TOTAL,,,
EE6F72ASA_0000001688,SA_0000001688,EE6F72A,SA_0000001688,2012,YEAR,048,COUNTRY,PUBLISHED,Alcohol consumption (age 15+),Bahrain,TOTAL,,,
EE6F72ASA_0000001688,SA_0000001688,EE6F72A,SA_0000001688,2012,YEAR,050,COUNTRY,PUBLISHED,Alcohol consumption (age 15+),Bangladesh,TOTAL,,,
EE6F72ASA_0000001688,SA_0000001688,EE6F72A,SA_0000001688,2012,YEAR,051,COUNTRY,PUBLISHED,Alcohol consumption (age 15+),Armenia,TOTAL,,,
EE6F72ASA_0000001688,SA_0000001688,EE6F72A,SA_0000001688,2012,YEAR,039,REGION,PUBLISHED,Alcohol consumption (age 15+),Southern Europe,TOTAL,,,
EE6F72ASA_0000001688,SA_0000001688,EE6F72A,SA_0000001688,2012,YEAR,040,COUNTRY,PUBLISHED,Alcohol consumption (age 15+),Austria,TOTAL,,,
EE6F72ASA_0000001688,SA_0000001688,EE6F72A,SA_0000001688,2012,YEAR,052,COUNTRY,PUBLISHED,Alcohol consumption (age 15+),Barbados,TOTAL,,,
EE6F72ASA_0000001688,SA_0000001688,EE6F72A,SA_0000001688,2012,YEAR,053,REGION,PUBLISHED,Alcohol consumption (age 15+),Australia and New Zealand,TOTAL,,,
EE6F72ASA_0000001688,SA_0000001688,EE6F72A,SA_0000001688,2012,YEAR,062,REGION,PUBLISHED,Alcohol consumption (age 15+),Central and Southern Asia,TOTAL,,,
EE6F72ASA_0000001688,SA_0000001688,EE6F72A,SA_0000001688,2012,YEAR,064,COUNTRY,PUBLISHED,Alcohol consumption (age 15+),Bhutan,TOTAL,,,
EE6F72ASA_0000001688,SA_0000001688,EE6F72A,SA_0000001688,2012,YEAR,068,COUNTRY,PUBLISHED,Alcohol consumption (age 15+),Bolivia (Plurinational State of),TOTAL,,,
EE6F72ASA_0000001688,SA_0000001688,EE6F72A,SA_0000001688,2012,YEAR,070,COUNTRY,PUBLISHED,Alcohol consumption (age 15+),Bosnia and Herzegovina,TOTAL,,,
EE6F72ASA_0000001688,SA_0000001688,EE6F72A,SA_0000001688,2012,YEAR,072,COUNTRY,PUBLISHED,Alcohol consumption (age 15+),Botswana,TOTAL,,,
EE6F72ASA_0000001688,SA_0000001688,EE6F72A,SA_0000001688,2012,YEAR,076,COUNTRY,PUBLISHED,Alcohol consumption (age 15+),Brazil,TOTAL,,,
EE6F72ASA_0000001688,SA_0000001688,EE6F72A,SA_0000001688,2012,YEAR,096,COUNTRY,PUBLISHED,Alcohol consumption (age 15+),Brunei Darussalam,TOTAL,,,
EE6F72ASA_0000001688,SA_0000001688,EE6F72A,SA_0000001688,2012,YEAR,100,COUNTRY,PUBLISHED,Alcohol consumption (age 15+),Bulgaria,TOTAL,,,
EE6F72ASA_0000001688,SA_0000001688,EE6F72A,SA_0000001688,2012,YEAR,104,COUNTRY,PUBLISHED,Alcohol consumption (age 15+),Myanmar,TOTAL,,,
EE6F72ASA_0000001688,SA_0000001688,EE6F72A,SA_0000001688,2012,YEAR,108,COUNTRY,PUBLISHED,Alcohol consumption (age 15+),Burundi,TOTAL,,,
EE6F72ASA_0000001688,SA_0000001688,EE6F72A,SA_0000001688,2012,YEAR,084,COUNTRY,PUBLISHED,Alcohol consumption (age 15+),Belize,TOTAL,,,
EE6F72ASA_0000001688,SA_0000001688,EE6F72A,SA_0000001688,2012,YEAR,090,COUNTRY,PUBLISHED,Alcohol consumption (age 15+),Solomon Islands,TOTAL,,,
EE6F72ASA_0000001688,SA_0000001688,EE6F72A,SA_0000001688,2012,YEAR,120,COUNTRY,PUBLISHED,Alcohol consumption (age 15+),Cameroon,TOTAL,,,
EE6F72ASA_0000001688,SA_0000001688,EE6F72A,SA_0000001688,2012,YEAR,124,COUNTRY,PUBLISHED,Alcohol consumption (age 15+),Canada,TOTAL,,,
EE6F72ASA_0000001688,SA_0000001688,EE6F72A,SA_0000001688,2012,YEAR,132,COUNTRY,PUBLISHED,Alcohol consumption (age 15+),Cabo Verde,TOTAL,,,
EE6F72ASA_0000001688,SA_0000001688,EE6F72A,SA_0000001688,2012,YEAR,140,COUNTRY,PUBLISHED,Alcohol consumption (age 15+),Central African Republic,TOTAL,,,
EE6F72ASA_0000001688,SA_0000001688,EE6F72A,SA_0000001688,2012,YEAR,112,COUNTRY,PUBLISHED,Alcohol consumption (age 15+),Belarus,TOTAL,,,
EE6F72ASA_0000001688,SA_0000001688,EE6F72A,SA_0000001688,2012,YEAR,116,COUNTRY,PUBLISHED,Alcohol consumption (age 15+),Cambodia,TOTAL,,,
EE6F72ASA_0000001688,SA_0000001688,EE6F72A,SA_0000001688,2012,YEAR,144,COUNTRY,PUBLISHED,Alcohol consumption (age 15+),Sri Lanka,TOTAL,,,
EE6F72ASA_0000001688,SA_0000001688,EE6F72A,SA_0000001688,2012,YEAR,145,REGION,PUBLISHED,Alcohol consumption (age 15+),Western Asia,TOTAL,,,
EE6F72ASA_0000001688,SA_0000001688,EE6F72A,SA_0000001688,2012,YEAR,148,COUNTRY,PUBLISHED,Alcohol consumption (age 15+),Chad,TOTAL,,,
EE6F72ASA_0000001688,SA_0000001688,EE6F72A,SA_0000001688,2012,YEAR,150,REGION,PUBLISHED,Alcohol consumption (age 15+),Europe,TOTAL,,,
EE6F72ASA_0000001688,SA_0000001688,EE6F72A,SA_0000001688,2012,YEAR,142,REGION,PUBLISHED,Alcohol consumption (age 15+),Asia,TOTAL,,,
EE6F72ASA_0000001688,SA_0000001688,EE6F72A,SA_0000001688,2012,YEAR,143,REGION,PUBLISHED,Alcohol consumption (age 15+),Central Asia,TOTAL,,,
EE6F72ASA_0000001688,SA_0000001688,EE6F72A,SA_0000001688,2012,YEAR,154,REGION,PUBLISHED,Alcohol consumption (age 15+),Northern Europe,TOTAL,,,
EE6F72ASA_0000001688,SA_0000001688,EE6F72A,SA_0000001688,2012,YEAR,155,REGION,PUBLISHED,Alcohol consumption (age 15+),Western Europe,TOTAL,,,
EE6F72ASA_0000001688,SA_0000001688,EE6F72A,SA_0000001688,2012,YEAR,156,COUNTRY,PUBLISHED,Alcohol consumption (age 15+),China,TOTAL,,,
EE6F72ASA_0000001688,SA_0000001688,EE6F72A,SA_0000001688,2012,YEAR,170,COUNTRY,PUBLISHED,Alcohol consumption (age 15+),Colombia,TOTAL,,,
EE6F72ASA_0000001688,SA_0000001688,EE6F72A,SA_0000001688,2012,YEAR,151,REGION,PUBLISHED,Alcohol consumption (age 15+),Eastern Europe,TOTAL,,,
EE6F72ASA_0000001688,SA_0000001688,EE6F72A,SA_0000001688,2012,YEAR,152,COUNTRY,PUBLISHED,Alcohol consumption (age 15+),Chile,TOTAL,,,
EE6F72ASA_0000001688,SA_0000001688,EE6F72A,SA_0000001688,2014,YEAR,800,COUNTRY,PUBLISHED,Alcohol consumption (age 15+),Uganda,TOTAL,,,
EE6F72ASA_0000001688,SA_0000001688,EE6F72A,SA_0000001688,2014,YEAR,804,COUNTRY,PUBLISHED,Alcohol consumption (age 15+),Ukraine,TOTAL,,,
EE6F72ASA_0000001688,SA_0000001688,EE6F72A,SA_0000001688,2014,YEAR,854,COUNTRY,PUBLISHED,Alcohol consumption (age 15+),Burkina Faso,TOTAL,,,
EE6F72ASA_0000001688,SA_0000001688,EE6F72A,SA_0000001688,2014,YEAR,858,COUNTRY,PUBLISHED,Alcohol consumption (age 15+),Uruguay,TOTAL,,,
EE6F72ASA_0000001688,SA_0000001688,EE6F72A,SA_0000001688,2014,YEAR,860,COUNTRY,PUBLISHED,Alcohol consumption (age 15+),Uzbekistan,TOTAL,,,
EE6F72ASA_0000001688,SA_0000001688,EE6F72A,SA_0000001688,2014,YEAR,807,COUNTRY,PUBLISHED,Alcohol consumption (age 15+),North Macedonia,TOTAL,,,
EE6F72ASA_0000001688,SA_0000001688,EE6F72A,SA_0000001688,2014,YEAR,818,COUNTRY,PUBLISHED,Alcohol consumption (age 15+),Egypt,TOTAL,,,
EE6F72ASA_0000001688,SA_0000001688,EE6F72A,SA_0000001688,2012,YEAR,174,COUNTRY,PUBLISHED,Alcohol consumption (age 15+),Comoros,TOTAL,,,
EE6F72ASA_0000001688,SA_0000001688,EE6F72A,SA_0000001688,2012,YEAR,178,COUNTRY,PUBLISHED,Alcohol consumption (age 15+),Congo,TOTAL,,,
EE6F72ASA_0000001688,SA_0000001688,EE6F72A,SA_0000001688,2014,YEAR,840,COUNTRY,PUBLISHED,Alcohol consumption (age 15+),United States of America,TOTAL,,,
EE6F72ASA_0000001688,SA_0000001688,EE6F72A,SA_0000001688,2014,YEAR,826,COUNTRY,PUBLISHED,Alcohol consumption (age 15+),United Kingdom of Great Britain and Northern Ireland,TOTAL,,,
EE6F72ASA_0000001688,SA_0000001688,EE6F72A,SA_0000001688,2014,YEAR,834,COUNTRY,PUBLISHED,Alcohol consumption (age 15+),United Republic of Tanzania,TOTAL,,,
EE6F72ASA_0000001688,SA_0000001688,EE6F72A,SA_0000001688,2014,YEAR,954,WHOREGION,PUBLISHED,Alcohol consumption (age 15+),Americas,TOTAL,,,
EE6F72ASA_0000001688,SA_0000001688,EE6F72A,SA_0000001688,2014,YEAR,862,COUNTRY,PUBLISHED,Alcohol consumption (age 15+),Venezuela (Bolivarian Republic of),TOTAL,,,
EE6F72ASA_0000001688,SA_0000001688,EE6F72A,SA_0000001688,2014,YEAR,882,COUNTRY,PUBLISHED,Alcohol consumption (age 15+),Samoa,TOTAL,,,
EE6F72ASA_0000001688,SA_0000001688,EE6F72A,SA_0000001688,2014,YEAR,887,COUNTRY,PUBLISHED,Alcohol consumption (age 15+),Yemen,TOTAL,,,
EE6F72ASA_0000001688,SA_0000001688,EE6F72A,SA_0000001688,2014,YEAR,894,COUNTRY,PUBLISHED,Alcohol consumption (age 15+),Zambia,TOTAL,,,
EE6F72ASA_0000001688,SA_0000001688,EE6F72A,SA_0000001688,2014,YEAR,953,WHOREGION,PUBLISHED,Alcohol consumption (age 15+),Africa,TOTAL,,,
EE6F72ASA_0000001688,SA_0000001688,EE6F72A,SA_0000001688,2014,YEAR,957,WHOREGION,PUBLISHED,Alcohol consumption (age 15+),Eastern Mediterranean,TOTAL,,,
EE6F72ASA_0000001688,SA_0000001688,EE6F72A,SA_0000001688,2014,YEAR,958,WHOREGION,PUBLISHED,Alcohol consumption (age 15+),Western Pacific,TOTAL,,,
EE6F72ASA_0000001688,SA_0000001688,EE6F72A,SA_0000001688,2015,YEAR,001,GLOBAL,PUBLISHED,Alcohol consumption (age 15+),World,TOTAL,,,
EE6F72ASA_0000001688,SA_0000001688,EE6F72A,SA_0000001688,2015,YEAR,002,REGION,PUBLISHED,Alcohol consumption (age 15+),Africa,TOTAL,,,
EE6F72ASA_0000001688,SA_0000001688,EE6F72A,SA_0000001688,2014,YEAR,955,WHOREGION,PUBLISHED,Alcohol consumption (age 15+),South-East Asia,TOTAL,,,
EE6F72ASA_0000001688,SA_0000001688,EE6F72A,SA_0000001688,2014,YEAR,956,WHOREGION,PUBLISHED,Alcohol consumption (age 15+),Europe,TOTAL,,,
EE6F72ASA_0000001688,SA_0000001688,EE6F72A,SA_0000001688,2015,YEAR,008,COUNTRY,PUBLISHED,Alcohol consumption (age 15+),Albania,TOTAL,,,
EE6F72ASA_0000001688,SA_0000001688,EE6F72A,SA_0000001688,2015,YEAR,009,REGION,PUBLISHED,Alcohol consumption (age 15+),Oceania,TOTAL,,,
EE6F72ASA_0000001688,SA_0000001688,EE6F72A,SA_0000001688,2015,YEAR,011,REGION,PUBLISHED,Alcohol consumption (age 15+),Western Africa,TOTAL,,,
EE6F72ASA_0000001688,SA_0000001688,EE6F72A,SA_0000001688,2015,YEAR,012,COUNTRY,PUBLISHED,Alcohol consumption (age 15+),Algeria,TOTAL,,,
EE6F72ASA_0000001688,SA_0000001688,EE6F72A,SA_0000001688,2015,YEAR,004,COUNTRY,PUBLISHED,Alcohol consumption (age 15+),Afghanistan,TOTAL,,,
EE6F72ASA_0000001688,SA_0000001688,EE6F72A,SA_0000001688,2015,YEAR,005,REGION,PUBLISHED,Alcohol consumption (age 15+),South America,TOTAL,,,
EE6F72ASA_0000001688,SA_0000001688,EE6F72A,SA_0000001688,2015,YEAR,015,REGION,PUBLISHED,Alcohol consumption (age 15+),Northern Africa,TOTAL,,,
EE6F72ASA_0000001688,SA_0000001688,EE6F72A,SA_0000001688,2015,YEAR,017,REGION,PUBLISHED,Alcohol consumption (age 15+),Middle Africa,TOTAL,,,
EE6F72ASA_0000001688,SA_0000001688,EE6F72A,SA_0000001688,2015,YEAR,018,REGION,PUBLISHED,Alcohol consumption (age 15+),Southern Africa,TOTAL,,,
EE6F72ASA_0000001688,SA_0000001688,EE6F72A,SA_0000001688,2015,YEAR,019,REGION,PUBLISHED,Alcohol consumption (age 15+),Americas,TOTAL,,,
EE6F72ASA_0000001688,SA_0000001688,EE6F72A,SA_0000001688,2015,YEAR,013,REGION,PUBLISHED,Alcohol consumption (age 15+),Central America,TOTAL,,,
EE6F72ASA_0000001688,SA_0000001688,EE6F72A,SA_0000001688,2015,YEAR,014,REGION,PUBLISHED,Alcohol consumption (age 15+),Eastern Africa,TOTAL,,,
EE6F72ASA_0000001688,SA_0000001688,EE6F72A,SA_0000001688,2015,YEAR,024,COUNTRY,PUBLISHED,Alcohol consumption (age 15+),Angola,TOTAL,,,
EE6F72ASA_0000001688,SA_0000001688,EE6F72A,SA_0000001688,2015,YEAR,028,COUNTRY,PUBLISHED,Alcohol consumption (age 15+),Antigua and Barbuda,TOTAL,,,
EE6F72ASA_0000001688,SA_0000001688,EE6F72A,SA_0000001688,2015,YEAR,029,REGION,PUBLISHED,Alcohol consumption (age 15+),Caribbean,TOTAL,,,
EE6F72ASA_0000001688,SA_0000001688,EE6F72A,SA_0000001688,2015,YEAR,030,REGION,PUBLISHED,Alcohol consumption (age 15+),Eastern Asia,TOTAL,,,
EE6F72ASA_0000001688,SA_0000001688,EE6F72A,SA_0000001688,2015,YEAR,020,COUNTRY,PUBLISHED,Alcohol consumption (age 15+),Andorra,TOTAL,,,
EE6F72ASA_0000001688,SA_0000001688,EE6F72A,SA_0000001688,2015,YEAR,021,REGION,PUBLISHED,Alcohol consumption (age 15+),Northern America,TOTAL,,,
EE6F72ASA_0000001688,SA_0000001688,EE6F72A,SA_0000001688,2015,YEAR,034,REGION,PUBLISHED,Alcohol consumption (age 15+),Southern Asia,TOTAL,,,
EE6F72ASA_0000001688,SA_0000001688,EE6F72A,SA_0000001688,2015,YEAR,035,REGION,PUBLISHED,Alcohol consumption (age 15+),South-eastern Asia,TOTAL,,,
EE6F72ASA_0000001688,SA_0000001688,EE6F72A,SA_0000001688,2015,YEAR,036,COUNTRY,PUBLISHED,Alcohol consumption (age 15+),Australia,TOTAL,,,
EE6F72ASA_0000001688,SA_0000001688,EE6F72A,SA_0000001688,2015,YEAR,039,REGION,PUBLISHED,Alcohol consumption (age 15+),Southern Europe,TOTAL,,,
EE6F72ASA_0000001688,SA_0000001688,EE6F72A,SA_0000001688,2015,YEAR,031,COUNTRY,PUBLISHED,Alcohol consumption (age 15+),Azerbaijan,TOTAL,,,
EE6F72ASA_0000001688,SA_0000001688,EE6F72A,SA_0000001688,2015,YEAR,032,COUNTRY,PUBLISHED,Alcohol consumption (age 15+),Argentina,TOTAL,,,
EE6F72ASA_0000001688,SA_0000001688,EE6F72A,SA_0000001688,2015,YEAR,048,COUNTRY,PUBLISHED,Alcohol consumption (age 15+),Bahrain,TOTAL,,,
EE6F72ASA_0000001688,SA_0000001688,EE6F72A,SA_0000001688,2015,YEAR,050,COUNTRY,PUBLISHED,Alcohol consumption (age 15+),Bangladesh,TOTAL,,,
EE6F72ASA_0000001688,SA_0000001688,EE6F72A,SA_0000001688,2015,YEAR,051,COUNTRY,PUBLISHED,Alcohol consumption (age 15+),Armenia,TOTAL,,,
EE6F72ASA_0000001688,SA_0000001688,EE6F72A,SA_0000001688,2015,YEAR,052,COUNTRY,PUBLISHED,Alcohol consumption (age 15+),Barbados,TOTAL,,,
EE6F72ASA_0000001688,SA_0000001688,EE6F72A,SA_0000001688,2015,YEAR,062,REGION,PUBLISHED,Alcohol consumption (age 15+),Central and Southern Asia,TOTAL,,,
EE6F72ASA_0000001688,SA_0000001688,EE6F72A,SA_0000001688,2015,YEAR,040,COUNTRY,PUBLISHED,Alcohol consumption (age 15+),Austria,TOTAL,,,
EE6F72ASA_0000001688,SA_0000001688,EE6F72A,SA_0000001688,2015,YEAR,044,COUNTRY,PUBLISHED,Alcohol consumption (age 15+),Bahamas,TOTAL,,,
EE6F72ASA_0000001688,SA_0000001688,EE6F72A,SA_0000001688,2015,YEAR,056,COUNTRY,PUBLISHED,Alcohol consumption (age 15+),Belgium,TOTAL,,,
EE6F72ASA_0000001688,SA_0000001688,EE6F72A,SA_0000001688,2015,YEAR,057,REGION,PUBLISHED,Alcohol consumption (age 15+),Micronesia,TOTAL,,,
EE6F72ASA_0000001688,SA_0000001688,EE6F72A,SA_0000001688,2015,YEAR,061,REGION,PUBLISHED,Alcohol consumption (age 15+),Polynesia,TOTAL,,,
EE6F72ASA_0000001688,SA_0000001688,EE6F72A,SA_0000001688,2015,YEAR,053,REGION,PUBLISHED,Alcohol consumption (age 15+),Australia and New Zealand,TOTAL,,,
EE6F72ASA_0000001688,SA_0000001688,EE6F72A,SA_0000001688,2015,YEAR,054,REGION,PUBLISHED,Alcohol consumption (age 15+),Melanesia,TOTAL,,,
EE6F72ASA_0000001688,SA_0000001688,EE6F72A,SA_0000001688,2015,YEAR,072,COUNTRY,PUBLISHED,Alcohol consumption (age 15+),Botswana,TOTAL,,,
EE6F72ASA_0000001688,SA_0000001688,EE6F72A,SA_0000001688,2015,YEAR,076,COUNTRY,PUBLISHED,Alcohol consumption (age 15+),Brazil,TOTAL,,,
EE6F72ASA_0000001688,SA_0000001688,EE6F72A,SA_0000001688,2015,YEAR,084,COUNTRY,PUBLISHED,Alcohol consumption (age 15+),Belize,TOTAL,,,
EE6F72ASA_0000001688,SA_0000001688,EE6F72A,SA_0000001688,2015,YEAR,064,COUNTRY,PUBLISHED,Alcohol consumption (age 15+),Bhutan,TOTAL,,,
EE6F72ASA_0000001688,SA_0000001688,EE6F72A,SA_0000001688,2015,YEAR,068,COUNTRY,PUBLISHED,Alcohol consumption (age 15+),Bolivia (Plurinational State of),TOTAL,,,
EE6F72ASA_0000001688,SA_0000001688,EE6F72A,SA_0000001688,2015,YEAR,070,COUNTRY,PUBLISHED,Alcohol consumption (age 15+),Bosnia and Herzegovina,TOTAL,,,
EE6F72ASA_0000001688,SA_0000001688,EE6F72A,SA_0000001688,2015,YEAR,100,COUNTRY,PUBLISHED,Alcohol consumption (age 15+),Bulgaria,TOTAL,,,
EE6F72ASA_0000001688,SA_0000001688,EE6F72A,SA_0000001688,2015,YEAR,104,COUNTRY,PUBLISHED,Alcohol consumption (age 15+),Myanmar,TOTAL,,,
EE6F72ASA_0000001688,SA_0000001688,EE6F72A,SA_0000001688,2015,YEAR,108,COUNTRY,PUBLISHED,Alcohol consumption (age 15+),Burundi,TOTAL,,,
EE6F72ASA_0000001688,SA_0000001688,EE6F72A,SA_0000001688,2015,YEAR,112,COUNTRY,PUBLISHED,Alcohol consumption (age 15+),Belarus,TOTAL,,,
EE6F72ASA_0000001688,SA_0000001688,EE6F72A,SA_0000001688,2015,YEAR,090,COUNTRY,PUBLISHED,Alcohol consumption (age 15+),Solomon Islands,TOTAL,,,
EE6F72ASA_0000001688,SA_0000001688,EE6F72A,SA_0000001688,2015,YEAR,096,COUNTRY,PUBLISHED,Alcohol consumption (age 15+),Brunei Darussalam,TOTAL,,,
EE6F72ASA_0000001688,SA_0000001688,EE6F72A,SA_0000001688,2015,YEAR,124,COUNTRY,PUBLISHED,Alcohol consumption (age 15+),Canada,TOTAL,,,
EE6F72ASA_0000001688,SA_0000001688,EE6F72A,SA_0000001688,2015,YEAR,132,COUNTRY,PUBLISHED,Alcohol consumption (age 15+),Cabo Verde,TOTAL,,,
EE6F72ASA_0000001688,SA_0000001688,EE6F72A,SA_0000001688,2015,YEAR,140,COUNTRY,PUBLISHED,Alcohol consumption (age 15+),Central African Republic,TOTAL,,,
EE6F72ASA_0000001688,SA_0000001688,EE6F72A,SA_0000001688,2015,YEAR,142,REGION,PUBLISHED,Alcohol consumption (age 15+),Asia,TOTAL,,,
EE6F72ASA_0000001688,SA_0000001688,EE6F72A,SA_0000001688,2015,YEAR,116,COUNTRY,PUBLISHED,Alcohol consumption (age 15+),Cambodia,TOTAL,,,
EE6F72ASA_0000001688,SA_0000001688,EE6F72A,SA_0000001688,2015,YEAR,120,COUNTRY,PUBLISHED,Alcohol consumption (age 15+),Cameroon,TOTAL,,,
EE6F72ASA_0000001688,SA_0000001688,EE6F72A,SA_0000001688,2015,YEAR,145,REGION,PUBLISHED,Alcohol consumption (age 15+),Western Asia,TOTAL,,,
EE6F72ASA_0000001688,SA_0000001688,EE6F72A,SA_0000001688,2015,YEAR,148,COUNTRY,PUBLISHED,Alcohol consumption (age 15+),Chad,TOTAL,,,
EE6F72ASA_0000001688,SA_0000001688,EE6F72A,SA_0000001688,2015,YEAR,150,REGION,PUBLISHED,Alcohol consumption (age 15+),Europe,TOTAL,,,
EE6F72ASA_0000001688,SA_0000001688,EE6F72A,SA_0000001688,2015,YEAR,151,REGION,PUBLISHED,Alcohol consumption (age 15+),Eastern Europe,TOTAL,,,
EE6F72ASA_0000001688,SA_0000001688,EE6F72A,SA_0000001688,2015,YEAR,143,REGION,PUBLISHED,Alcohol consumption (age 15+),Central Asia,TOTAL,,,
EE6F72ASA_0000001688,SA_0000001688,EE6F72A,SA_0000001688,2015,YEAR,144,COUNTRY,PUBLISHED,Alcohol consumption (age 15+),Sri Lanka,TOTAL,,,
EE6F72ASA_0000001688,SA_0000001688,EE6F72A,SA_0000001688,2015,YEAR,155,REGION,PUBLISHED,Alcohol consumption (age 15+),Western Europe,TOTAL,,,
EE6F72ASA_0000001688,SA_0000001688,EE6F72A,SA_0000001688,2015,YEAR,156,COUNTRY,PUBLISHED,Alcohol consumption (age 15+),China,TOTAL,,,
EE6F72ASA_0000001688,SA_0000001688,EE6F72A,SA_0000001688,2015,YEAR,170,COUNTRY,PUBLISHED,Alcohol consumption (age 15+),Colombia,TOTAL,,,
EE6F72ASA_0000001688,SA_0000001688,EE6F72A,SA_0000001688,2015,YEAR,174,COUNTRY,PUBLISHED,Alcohol consumption (age 15+),Comoros,TOTAL,,,
EE6F72ASA_0000001688,SA_0000001688,EE6F72A,SA_0000001688,2015,YEAR,152,COUNTRY,PUBLISHED,Alcohol consumption (age 15+),Chile,TOTAL,,,
EE6F72ASA_0000001688,SA_0000001688,EE6F72A,SA_0000001688,2015,YEAR,154,REGION,PUBLISHED,Alcohol consumption (age 15+),Northern Europe,TOTAL,,,
EE6F72ASA_0000001688,SA_0000001688,EE6F72A,SA_0000001688,2017,YEAR,430,COUNTRY,PUBLISHED,Alcohol consumption (age 15+),Liberia,TOTAL,,,
EE6F72ASA_0000001688,SA_0000001688,EE6F72A,SA_0000001688,2017,YEAR,432,CLASSIFICATION,PUBLISHED,Alcohol consumption (age 15+),Landlocked developing countries,TOTAL,,,
EE6F72ASA_0000001688,SA_0000001688,EE6F72A,SA_0000001688,2017,YEAR,434,COUNTRY,PUBLISHED,Alcohol consumption (age 15+),Libya,TOTAL,,,
EE6F72ASA_0000001688,SA_0000001688,EE6F72A,SA_0000001688,2017,YEAR,440,COUNTRY,PUBLISHED,Alcohol consumption (age 15+),Lithuania,TOTAL,,,
EE6F72ASA_0000001688,SA_0000001688,EE6F72A,SA_0000001688,2017,YEAR,426,COUNTRY,PUBLISHED,Alcohol consumption (age 15+),Lesotho,TOTAL,,,
EE6F72ASA_0000001688,SA_0000001688,EE6F72A,SA_0000001688,2017,YEAR,428,COUNTRY,PUBLISHED,Alcohol consumption (age 15+),Latvia,TOTAL,,,
EE6F72ASA_0000001688,SA_0000001688,EE6F72A,SA_0000001688,2017,YEAR,454,COUNTRY,PUBLISHED,Alcohol consumption (age 15+),Malawi,TOTAL,,,
EE6F72ASA_0000001688,SA_0000001688,EE6F72A,SA_0000001688,2017,YEAR,458,COUNTRY,PUBLISHED,Alcohol consumption (age 15+),Malaysia,TOTAL,,,
EE6F72ASA_0000001688,SA_0000001688,EE6F72A,SA_0000001688,2017,YEAR,462,COUNTRY,PUBLISHED,Alcohol consumption (age 15+),Maldives,TOTAL,,,
EE6F72ASA_0000001688,SA_0000001688,EE6F72A,SA_0000001688,2017,YEAR,466,COUNTRY,PUBLISHED,Alcohol consumption (age 15+),Mali,TOTAL,,,
EE6F72ASA_0000001688,SA_0000001688,EE6F72A,SA_0000001688,2017,YEAR,442,COUNTRY,PUBLISHED,Alcohol consumption (age 15+),Luxembourg,TOTAL,,,
EE6F72ASA_0000001688,SA_0000001688,EE6F72A,SA_0000001688,2017,YEAR,450,COUNTRY,PUBLISHED,Alcohol consumption (age 15+),Madagascar,TOTAL,,,
EE6F72ASA_0000001688,SA_0000001688,EE6F72A,SA_0000001688,2017,YEAR,480,COUNTRY,PUBLISHED,Alcohol consumption (age 15+),Mauritius,TOTAL,,,
EE6F72ASA_0000001688,SA_0000001688,EE6F72A,SA_0000001688,2017,YEAR,484,COUNTRY,PUBLISHED,Alcohol consumption (age 15+),Mexico,TOTAL,,,
EE6F72ASA_0000001688,SA_0000001688,EE6F72A,SA_0000001688,2017,YEAR,496,COUNTRY,PUBLISHED,Alcohol consumption (age 15+),Mongolia,TOTAL,,,
EE6F72ASA_0000001688,SA_0000001688,EE6F72A,SA_0000001688,2017,YEAR,498,COUNTRY,PUBLISHED,Alcohol consumption (age 15+),Republic of Moldova,TOTAL,,,
EE6F72ASA_0000001688,SA_0000001688,EE6F72A,SA_0000001688,2017,YEAR,470,COUNTRY,PUBLISHED,Alcohol consumption (age 15+),Malta,TOTAL,,,
EE6F72ASA_0000001688,SA_0000001688,EE6F72A,SA_0000001688,2017,YEAR,478,COUNTRY,PUBLISHED,Alcohol consumption (age 15+),Mauritania,TOTAL,,,
EE6F72ASA_0000001688,SA_0000001688,EE6F72A,SA_0000001688,2017,YEAR,508,COUNTRY,PUBLISHED,Alcohol consumption (age 15+),Mozambique,TOTAL,,,
EE6F72ASA_0000001688,SA_0000001688,EE6F72A,SA_0000001688,2017,YEAR,512,COUNTRY,PUBLISHED,Alcohol consumption (age 15+),Oman,TOTAL,,,
EE6F72ASA_0000001688,SA_0000001688,EE6F72A,SA_0000001688,2017,YEAR,513,REGION,PUBLISHED,Alcohol consumption (age 15+),Europe and Northern America,TOTAL,,,
EE6F72ASA_0000001688,SA_0000001688,EE6F72A,SA_0000001688,2017,YEAR,514,CLASSIFICATION,PUBLISHED,Alcohol consumption (age 15+),"Developed regions (Europe, Cyprus, Israel, Northern America, Japan, Australia & New Zealand)",TOTAL,,,
EE6F72ASA_0000001688,SA_0000001688,EE6F72A,SA_0000001688,2017,YEAR,499,COUNTRY,PUBLISHED,Alcohol consumption (age 15+),Montenegro,TOTAL,,,
EE6F72ASA_0000001688,SA_0000001688,EE6F72A,SA_0000001688,2017,YEAR,504,COUNTRY,PUBLISHED,Alcohol consumption (age 15+),Morocco,TOTAL,,,
EE6F72ASA_0000001688,SA_0000001688,EE6F72A,SA_0000001688,2017,YEAR,520,COUNTRY,PUBLISHED,Alcohol consumption (age 15+),Nauru,TOTAL,,,
EE6F72ASA_0000001688,SA_0000001688,EE6F72A,SA_0000001688,2017,YEAR,524,COUNTRY,PUBLISHED,Alcohol consumption (age 15+),Nepal,TOTAL,,,
EE6F72ASA_0000001688,SA_0000001688,EE6F72A,SA_0000001688,2017,YEAR,528,COUNTRY,PUBLISHED,Alcohol consumption (age 15+),Netherlands (Kingdom of the),TOTAL,,,
EE6F72ASA_0000001688,SA_0000001688,EE6F72A,SA_0000001688,2017,YEAR,543,REGION,PUBLISHED,Alcohol consumption (age 15+),Oceania (exc. Australia and New Zealand),TOTAL,,,
EE6F72ASA_0000001688,SA_0000001688,EE6F72A,SA_0000001688,2017,YEAR,515,CLASSIFICATION,PUBLISHED,Alcohol consumption (age 15+),Developing regions,TOTAL,,,
EE6F72ASA_0000001688,SA_0000001688,EE6F72A,SA_0000001688,2017,YEAR,516,COUNTRY,PUBLISHED,Alcohol consumption (age 15+),Namibia,TOTAL,,,
EE6F72ASA_0000001688,SA_0000001688,EE6F72A,SA_0000001688,2017,YEAR,558,COUNTRY,PUBLISHED,Alcohol consumption (age 15+),Nicaragua,TOTAL,,,
EE6F72ASA_0000001688,SA_0000001688,EE6F72A,SA_0000001688,2017,YEAR,562,COUNTRY,PUBLISHED,Alcohol consumption (age 15+),Niger,TOTAL,,,
EE6F72ASA_0000001688,SA_0000001688,EE6F72A,SA_0000001688,2017,YEAR,566,COUNTRY,PUBLISHED,Alcohol consumption (age 15+),Nigeria,TOTAL,,,
EE6F72ASA_0000001688,SA_0000001688,EE6F72A,SA_0000001688,2017,YEAR,598,COUNTRY,PUBLISHED,Alcohol consumption (age 15+),Papua New Guinea,TOTAL,,,
EE6F72ASA_0000001688,SA_0000001688,EE6F72A,SA_0000001688,2017,YEAR,600,COUNTRY,PUBLISHED,Alcohol consumption (age 15+),Paraguay,TOTAL,,,
EE6F72ASA_0000001688,SA_0000001688,EE6F72A,SA_0000001688,2017,YEAR,570,COUNTRY,PUBLISHED,Alcohol consumption (age 15+),Niue,TOTAL,,,
EE6F72ASA_0000001688,SA_0000001688,EE6F72A,SA_0000001688,2017,YEAR,548,COUNTRY,PUBLISHED,Alcohol consumption (age 15+),Vanuatu,TOTAL,,,
EE6F72ASA_0000001688,SA_0000001688,EE6F72A,SA_0000001688,2017,YEAR,554,COUNTRY,PUBLISHED,Alcohol consumption (age 15+),New Zealand,TOTAL,,,
EE6F72ASA_0000001688,SA_0000001688,EE6F72A,SA_0000001688,2017,YEAR,586,COUNTRY,PUBLISHED,Alcohol consumption (age 15+),Pakistan,TOTAL,,,
EE6F72ASA_0000001688,SA_0000001688,EE6F72A,SA_0000001688,2017,YEAR,591,COUNTRY,PUBLISHED,Alcohol consumption (age 15+),Panama,TOTAL,,,
EE6F72ASA_0000001688,SA_0000001688,EE6F72A,SA_0000001688,2017,YEAR,578,COUNTRY,PUBLISHED,Alcohol consumption (age 15+),Norway,TOTAL,,,
EE6F72ASA_0000001688,SA_0000001688,EE6F72A,SA_0000001688,2017,YEAR,583,COUNTRY,PUBLISHED,Alcohol consumption (age 15+),Micronesia (Federated States of),TOTAL,,,
EE6F72ASA_0000001688,SA_0000001688,EE6F72A,SA_0000001688,2017,YEAR,624,COUNTRY,PUBLISHED,Alcohol consumption (age 15+),Guinea-Bissau,TOTAL,,,
EE6F72ASA_0000001688,SA_0000001688,EE6F72A,SA_0000001688,2017,YEAR,626,COUNTRY,PUBLISHED,Alcohol consumption (age 15+),Timor-Leste,TOTAL,,,
EE6F72ASA_0000001688,SA_0000001688,EE6F72A,SA_0000001688,2017,YEAR,604,COUNTRY,PUBLISHED,Alcohol consumption (age 15+),Peru,TOTAL,,,
EE6F72ASA_0000001688,SA_0000001688,EE6F72A,SA_0000001688,2017,YEAR,608,COUNTRY,PUBLISHED,Alcohol consumption (age 15+),Philippines,TOTAL,,,
EE6F72ASA_0000001688,SA_0000001688,EE6F72A,SA_0000001688,2017,YEAR,616,COUNTRY,PUBLISHED,Alcohol consumption (age 15+),Poland,TOTAL,,,
EE6F72ASA_0000001688,SA_0000001688,EE6F72A,SA_0000001688,2017,YEAR,620,COUNTRY,PUBLISHED,Alcohol consumption (age 15+),Portugal,TOTAL,,,
EE6F72ASA_0000001688,SA_0000001688,EE6F72A,SA_0000001688,2017,YEAR,643,COUNTRY,PUBLISHED,Alcohol consumption (age 15+),Russian Federation,TOTAL,,,
EE6F72ASA_0000001688,SA_0000001688,EE6F72A,SA_0000001688,2017,YEAR,646,COUNTRY,PUBLISHED,Alcohol consumption (age 15+),Rwanda,TOTAL,,,
EE6F72ASA_0000001688,SA_0000001688,EE6F72A,SA_0000001688,2017,YEAR,659,COUNTRY,PUBLISHED,Alcohol consumption (age 15+),Saint Kitts and Nevis,TOTAL,,,
EE6F72ASA_0000001688,SA_0000001688,EE6F72A,SA_0000001688,2017,YEAR,662,COUNTRY,PUBLISHED,Alcohol consumption (age 15+),Saint Lucia,TOTAL,,,
EE6F72ASA_0000001688,SA_0000001688,EE6F72A,SA_0000001688,2017,YEAR,634,COUNTRY,PUBLISHED,Alcohol consumption (age 15+),Qatar,TOTAL,,,
EE6F72ASA_0000001688,SA_0000001688,EE6F72A,SA_0000001688,2017,YEAR,642,COUNTRY,PUBLISHED,Alcohol consumption (age 15+),Romania,TOTAL,,,
EE6F72ASA_0000001688,SA_0000001688,EE6F72A,SA_0000001688,2017,YEAR,686,COUNTRY,PUBLISHED,Alcohol consumption (age 15+),Senegal,TOTAL,,,
EE6F72ASA_0000001688,SA_0000001688,EE6F72A,SA_0000001688,2017,YEAR,688,COUNTRY,PUBLISHED,Alcohol consumption (age 15+),Serbia,TOTAL,,,
EE6F72ASA_0000001688,SA_0000001688,EE6F72A,SA_0000001688,2017,YEAR,690,COUNTRY,PUBLISHED,Alcohol consumption (age 15+),Seychelles,TOTAL,,,
EE6F72ASA_0000001688,SA_0000001688,EE6F72A,SA_0000001688,2017,YEAR,706,COUNTRY,PUBLISHED,Alcohol consumption (age 15+),Somalia,TOTAL,,,
EE6F72ASA_0000001688,SA_0000001688,EE6F72A,SA_0000001688,2017,YEAR,710,COUNTRY,PUBLISHED,Alcohol consumption (age 15+),South Africa,TOTAL,,,
EE6F72ASA_0000001688,SA_0000001688,EE6F72A,SA_0000001688,2017,YEAR,694,COUNTRY,PUBLISHED,Alcohol consumption (age 15+),Sierra Leone,TOTAL,,,
EE6F72ASA_0000001688,SA_0000001688,EE6F72A,SA_0000001688,2017,YEAR,670,COUNTRY,PUBLISHED,Alcohol consumption (age 15+),Saint Vincent and the Grenadines,TOTAL,,,
EE6F72ASA_0000001688,SA_0000001688,EE6F72A,SA_0000001688,2017,YEAR,678,COUNTRY,PUBLISHED,Alcohol consumption (age 15+),Sao Tome and Principe,TOTAL,,,
EE6F72ASA_0000001688,SA_0000001688,EE6F72A,SA_0000001688,2017,YEAR,704,COUNTRY,PUBLISHED,Alcohol consumption (age 15+),Viet Nam,TOTAL,,,
EE6F72ASA_0000001688,SA_0000001688,EE6F72A,SA_0000001688,2017,YEAR,705,COUNTRY,PUBLISHED,Alcohol consumption (age 15+),Slovenia,TOTAL,,,
EE6F72ASA_0000001688,SA_0000001688,EE6F72A,SA_0000001688,2017,YEAR,702,COUNTRY,PUBLISHED,Alcohol consumption (age 15+),Singapore,TOTAL,,,
EE6F72ASA_0000001688,SA_0000001688,EE6F72A,SA_0000001688,2017,YEAR,703,COUNTRY,PUBLISHED,Alcohol consumption (age 15+),Slovakia,TOTAL,,,
EE6F72ASA_0000001688,SA_0000001688,EE6F72A,SA_0000001688,2017,YEAR,729,COUNTRY,PUBLISHED,Alcohol consumption (age 15+),Sudan,TOTAL,,,
EE6F72ASA_0000001688,SA_0000001688,EE6F72A,SA_0000001688,2017,YEAR,752,COUNTRY,PUBLISHED,Alcohol consumption (age 15+),Sweden,TOTAL,,,
EE6F72ASA_0000001688,SA_0000001688,EE6F72A,SA_0000001688,2017,YEAR,753,REGION,PUBLISHED,Alcohol consumption (age 15+),Eastern and South-Eastern Asia,TOTAL,,,
EE6F72ASA_0000001688,SA_0000001688,EE6F72A,SA_0000001688,2017,YEAR,756,COUNTRY,PUBLISHED,Alcohol consumption (age 15+),Switzerland,TOTAL,,,
EE6F72ASA_0000001688,SA_0000001688,EE6F72A,SA_0000001688,2017,YEAR,760,COUNTRY,PUBLISHED,Alcohol consumption (age 15+),Syrian Arab Republic,TOTAL,,,
EE6F72ASA_0000001688,SA_0000001688,EE6F72A,SA_0000001688,2017,YEAR,740,COUNTRY,PUBLISHED,Alcohol consumption (age 15+),Suriname,TOTAL,,,
EE6F72ASA_0000001688,SA_0000001688,EE6F72A,SA_0000001688,2017,YEAR,716,COUNTRY,PUBLISHED,Alcohol consumption (age 15+),Zimbabwe,TOTAL,,,
EE6F72ASA_0000001688,SA_0000001688,EE6F72A,SA_0000001688,2017,YEAR,722,CLASSIFICATION,PUBLISHED,Alcohol consumption (age 15+),Small Island Developing States,TOTAL,,,
EE6F72ASA_0000001688,SA_0000001688,EE6F72A,SA_0000001688,2017,YEAR,747,REGION,PUBLISHED,Alcohol consumption (age 15+),Northern Africa and Western Asia,TOTAL,,,
EE6F72ASA_0000001688,SA_0000001688,EE6F72A,SA_0000001688,2017,YEAR,748,COUNTRY,PUBLISHED,Alcohol consumption (age 15+),Eswatini,TOTAL,,,
EE6F72ASA_0000001688,SA_0000001688,EE6F72A,SA_0000001688,2017,YEAR,724,COUNTRY,PUBLISHED,Alcohol consumption (age 15+),Spain,TOTAL,,,
EE6F72ASA_0000001688,SA_0000001688,EE6F72A,SA_0000001688,2017,YEAR,728,COUNTRY,PUBLISHED,Alcohol consumption (age 15+),South Sudan,TOTAL,,,
EE6F72ASA_0000001688,SA_0000001688,EE6F72A,SA_0000001688,2017,YEAR,762,COUNTRY,PUBLISHED,Alcohol consumption (age 15+),Tajikistan,TOTAL,,,
EE6F72ASA_0000001688,SA_0000001688,EE6F72A,SA_0000001688,2017,YEAR,764,COUNTRY,PUBLISHED,Alcohol consumption (age 15+),Thailand,TOTAL,,,
EE6F72ASA_0000001688,SA_0000001688,EE6F72A,SA_0000001688,2017,YEAR,768,COUNTRY,PUBLISHED,Alcohol consumption (age 15+),Togo,TOTAL,,,
EE6F72ASA_0000001688,SA_0000001688,EE6F72A,SA_0000001688,2017,YEAR,776,COUNTRY,PUBLISHED,Alcohol consumption (age 15+),Tonga,TOTAL,,,
EE6F72ASA_0000001688,SA_0000001688,EE6F72A,SA_0000001688,2017,YEAR,777,REGION,PUBLISHED,Alcohol consumption (age 15+),,TOTAL,,,
EE6F72ASA_0000001688,SA_0000001688,EE6F72A,SA_0000001688,2017,YEAR,780,COUNTRY,PUBLISHED,Alcohol consumption (age 15+),Trinidad and Tobago,TOTAL,,,
EE6F72ASA_0000001688,SA_0000001688,EE6F72A,SA_0000001688,2017,YEAR,792,COUNTRY,PUBLISHED,Alcohol consumption (age 15+),Türkiye,TOTAL,,,
EE6F72ASA_0000001688,SA_0000001688,EE6F72A,SA_0000001688,2017,YEAR,795,COUNTRY,PUBLISHED,Alcohol consumption (age 15+),Turkmenistan,TOTAL,,,
EE6F72ASA_0000001688,SA_0000001688,EE6F72A,SA_0000001688,2020,YEAR,422,COUNTRY,PUBLISHED,Alcohol consumption (age 15+),Lebanon,TOTAL,,,
EE6F72ASA_0000001688,SA_0000001688,EE6F72A,SA_0000001688,2020,YEAR,426,COUNTRY,PUBLISHED,Alcohol consumption (age 15+),Lesotho,TOTAL,,,
EE6F72ASA_0000001688,SA_0000001688,EE6F72A,SA_0000001688,2017,YEAR,784,COUNTRY,PUBLISHED,Alcohol consumption (age 15+),United Arab Emirates,TOTAL,,,
EE6F72ASA_0000001688,SA_0000001688,EE6F72A,SA_0000001688,2017,YEAR,788,COUNTRY,PUBLISHED,Alcohol consumption (age 15+),Tunisia,TOTAL,,,
EE6F72ASA_0000001688,SA_0000001688,EE6F72A,SA_0000001688,2020,YEAR,432,CLASSIFICATION,PUBLISHED,Alcohol consumption (age 15+),Landlocked developing countries,TOTAL,,,
EE6F72ASA_0000001688,SA_0000001688,EE6F72A,SA_0000001688,2020,YEAR,434,COUNTRY,PUBLISHED,Alcohol consumption (age 15+),Libya,TOTAL,,,
EE6F72ASA_0000001688,SA_0000001688,EE6F72A,SA_0000001688,2020,YEAR,440,COUNTRY,PUBLISHED,Alcohol consumption (age 15+),Lithuania,TOTAL,,,
EE6F72ASA_0000001688,SA_0000001688,EE6F72A,SA_0000001688,2020,YEAR,442,COUNTRY,PUBLISHED,Alcohol consumption (age 15+),Luxembourg,TOTAL,,,
EE6F72ASA_0000001688,SA_0000001688,EE6F72A,SA_0000001688,2020,YEAR,428,COUNTRY,PUBLISHED,Alcohol consumption (age 15+),Latvia,TOTAL,,,
EE6F72ASA_0000001688,SA_0000001688,EE6F72A,SA_0000001688,2020,YEAR,430,COUNTRY,PUBLISHED,Alcohol consumption (age 15+),Liberia,TOTAL,,,
EE6F72ASA_0000001688,SA_0000001688,EE6F72A,SA_0000001688,2020,YEAR,458,COUNTRY,PUBLISHED,Alcohol consumption (age 15+),Malaysia,TOTAL,,,
EE6F72ASA_0000001688,SA_0000001688,EE6F72A,SA_0000001688,2020,YEAR,462,COUNTRY,PUBLISHED,Alcohol consumption (age 15+),Maldives,TOTAL,,,
EE6F72ASA_0000001688,SA_0000001688,EE6F72A,SA_0000001688,2020,YEAR,466,COUNTRY,PUBLISHED,Alcohol consumption (age 15+),Mali,TOTAL,,,
EE6F72ASA_0000001688,SA_0000001688,EE6F72A,SA_0000001688,2020,YEAR,470,COUNTRY,PUBLISHED,Alcohol consumption (age 15+),Malta,TOTAL,,,
EE6F72ASA_0000001688,SA_0000001688,EE6F72A,SA_0000001688,2020,YEAR,450,COUNTRY,PUBLISHED,Alcohol consumption (age 15+),Madagascar,TOTAL,,,
EE6F72ASA_0000001688,SA_0000001688,EE6F72A,SA_0000001688,2020,YEAR,454,COUNTRY,PUBLISHED,Alcohol consumption (age 15+),Malawi,TOTAL,,,
EE6F72ASA_0000001688,SA_0000001688,EE6F72A,SA_0000001688,2020,YEAR,484,COUNTRY,PUBLISHED,Alcohol consumption (age 15+),Mexico,TOTAL,,,
EE6F72ASA_0000001688,SA_0000001688,EE6F72A,SA_0000001688,2020,YEAR,496,COUNTRY,PUBLISHED,Alcohol consumption (age 15+),Mongolia,TOTAL,,,
EE6F72ASA_0000001688,SA_0000001688,EE6F72A,SA_0000001688,2020,YEAR,513,REGION,PUBLISHED,Alcohol consumption (age 15+),Europe and Northern America,TOTAL,,,
EE6F72ASA_0000001688,SA_0000001688,EE6F72A,SA_0000001688,2020,YEAR,514,CLASSIFICATION,PUBLISHED,Alcohol consumption (age 15+),"Developed regions (Europe, Cyprus, Israel, Northern America, Japan, Australia & New Zealand)",TOTAL,,,
EE6F72ASA_0000001688,SA_0000001688,EE6F72A,SA_0000001688,2020,YEAR,515,CLASSIFICATION,PUBLISHED,Alcohol consumption (age 15+),Developing regions,TOTAL,,,
EE6F72ASA_0000001688,SA_0000001688,EE6F72A,SA_0000001688,2020,YEAR,498,COUNTRY,PUBLISHED,Alcohol consumption (age 15+),Republic of Moldova,TOTAL,,,
EE6F72ASA_0000001688,SA_0000001688,EE6F72A,SA_0000001688,2020,YEAR,499,COUNTRY,PUBLISHED,Alcohol consumption (age 15+),Montenegro,TOTAL,,,
EE6F72ASA_0000001688,SA_0000001688,EE6F72A,SA_0000001688,2020,YEAR,478,COUNTRY,PUBLISHED,Alcohol consumption (age 15+),Mauritania,TOTAL,,,
EE6F72ASA_0000001688,SA_0000001688,EE6F72A,SA_0000001688,2020,YEAR,480,COUNTRY,PUBLISHED,Alcohol consumption (age 15+),Mauritius,TOTAL,,,
EE6F72ASA_0000001688,SA_0000001688,EE6F72A,SA_0000001688,2020,YEAR,512,COUNTRY,PUBLISHED,Alcohol consumption (age 15+),Oman,TOTAL,,,
EE6F72ASA_0000001688,SA_0000001688,EE6F72A,SA_0000001688,2020,YEAR,504,COUNTRY,PUBLISHED,Alcohol consumption (age 15+),Morocco,TOTAL,,,
EE6F72ASA_0000001688,SA_0000001688,EE6F72A,SA_0000001688,2020,YEAR,508,COUNTRY,PUBLISHED,Alcohol consumption (age 15+),Mozambique,TOTAL,,,
EE6F72ASA_0000001688,SA_0000001688,EE6F72A,SA_0000001688,2020,YEAR,548,COUNTRY,PUBLISHED,Alcohol consumption (age 15+),Vanuatu,TOTAL,,,
EE6F72ASA_0000001688,SA_0000001688,EE6F72A,SA_0000001688,2020,YEAR,516,COUNTRY,PUBLISHED,Alcohol consumption (age 15+),Namibia,TOTAL,,,
EE6F72ASA_0000001688,SA_0000001688,EE6F72A,SA_0000001688,2020,YEAR,520,COUNTRY,PUBLISHED,Alcohol consumption (age 15+),Nauru,TOTAL,,,
EE6F72ASA_0000001688,SA_0000001688,EE6F72A,SA_0000001688,2020,YEAR,524,COUNTRY,PUBLISHED,Alcohol consumption (age 15+),Nepal,TOTAL,,,
EE6F72ASA_0000001688,SA_0000001688,EE6F72A,SA_0000001688,2020,YEAR,528,COUNTRY,PUBLISHED,Alcohol consumption (age 15+),Netherlands (Kingdom of the),TOTAL,,,
EE6F72ASA_0000001688,SA_0000001688,EE6F72A,SA_0000001688,2020,YEAR,543,REGION,PUBLISHED,Alcohol consumption (age 15+),Oceania (exc. Australia and New Zealand),TOTAL,,,
EE6F72ASA_0000001688,SA_0000001688,EE6F72A,SA_0000001688,2020,YEAR,562,COUNTRY,PUBLISHED,Alcohol consumption (age 15+),Niger,TOTAL,,,
EE6F72ASA_0000001688,SA_0000001688,EE6F72A,SA_0000001688,2020,YEAR,566,COUNTRY,PUBLISHED,Alcohol consumption (age 15+),Nigeria,TOTAL,,,
EE6F72ASA_0000001688,SA_0000001688,EE6F72A,SA_0000001688,2020,YEAR,570,COUNTRY,PUBLISHED,Alcohol consumption (age 15+),Niue,TOTAL,,,
EE6F72ASA_0000001688,SA_0000001688,EE6F72A,SA_0000001688,2020,YEAR,578,COUNTRY,PUBLISHED,Alcohol consumption (age 15+),Norway,TOTAL,,,
EE6F72ASA_0000001688,SA_0000001688,EE6F72A,SA_0000001688,2020,YEAR,554,COUNTRY,PUBLISHED,Alcohol consumption (age 15+),New Zealand,TOTAL,,,
EE6F72ASA_0000001688,SA_0000001688,EE6F72A,SA_0000001688,2020,YEAR,558,COUNTRY,PUBLISHED,Alcohol consumption (age 15+),Nicaragua,TOTAL,,,
EE6F72ASA_0000001688,SA_0000001688,EE6F72A,SA_0000001688,2020,YEAR,591,COUNTRY,PUBLISHED,Alcohol consumption (age 15+),Panama,TOTAL,,,
EE6F72ASA_0000001688,SA_0000001688,EE6F72A,SA_0000001688,2020,YEAR,598,COUNTRY,PUBLISHED,Alcohol consumption (age 15+),Papua New Guinea,TOTAL,,,
EE6F72ASA_0000001688,SA_0000001688,EE6F72A,SA_0000001688,2020,YEAR,600,COUNTRY,PUBLISHED,Alcohol consumption (age 15+),Paraguay,TOTAL,,,
EE6F72ASA_0000001688,SA_0000001688,EE6F72A,SA_0000001688,2020,YEAR,626,COUNTRY,PUBLISHED,Alcohol consumption (age 15+),Timor-Leste,TOTAL,,,
EE6F72ASA_0000001688,SA_0000001688,EE6F72A,SA_0000001688,2020,YEAR,634,COUNTRY,PUBLISHED,Alcohol consumption (age 15+),Qatar,TOTAL,,,
EE6F72ASA_0000001688,SA_0000001688,EE6F72A,SA_0000001688,2020,YEAR,604,COUNTRY,PUBLISHED,Alcohol consumption (age 15+),Peru,TOTAL,,,
EE6F72ASA_0000001688,SA_0000001688,EE6F72A,SA_0000001688,2020,YEAR,583,COUNTRY,PUBLISHED,Alcohol consumption (age 15+),Micronesia (Federated States of),TOTAL,,,
EE6F72ASA_0000001688,SA_0000001688,EE6F72A,SA_0000001688,2020,YEAR,586,COUNTRY,PUBLISHED,Alcohol consumption (age 15+),Pakistan,TOTAL,,,
EE6F72ASA_0000001688,SA_0000001688,EE6F72A,SA_0000001688,2020,YEAR,620,COUNTRY,PUBLISHED,Alcohol consumption (age 15+),Portugal,TOTAL,,,
EE6F72ASA_0000001688,SA_0000001688,EE6F72A,SA_0000001688,2020,YEAR,624,COUNTRY,PUBLISHED,Alcohol consumption (age 15+),Guinea-Bissau,TOTAL,,,
EE6F72ASA_0000001688,SA_0000001688,EE6F72A,SA_0000001688,2020,YEAR,608,COUNTRY,PUBLISHED,Alcohol consumption (age 15+),Philippines,TOTAL,,,
EE6F72ASA_0000001688,SA_0000001688,EE6F72A,SA_0000001688,2020,YEAR,616,COUNTRY,PUBLISHED,Alcohol consumption (age 15+),Poland,TOTAL,,,
EE6F72ASA_0000001688,SA_0000001688,EE6F72A,SA_0000001688,2020,YEAR,662,COUNTRY,PUBLISHED,Alcohol consumption (age 15+),Saint Lucia,TOTAL,,,
EE6F72ASA_0000001688,SA_0000001688,EE6F72A,SA_0000001688,2020,YEAR,670,COUNTRY,PUBLISHED,Alcohol consumption (age 15+),Saint Vincent and the Grenadines,TOTAL,,,
EE6F72ASA_0000001688,SA_0000001688,EE6F72A,SA_0000001688,2020,YEAR,642,COUNTRY,PUBLISHED,Alcohol consumption (age 15+),Romania,TOTAL,,,
EE6F72ASA_0000001688,SA_0000001688,EE6F72A,SA_0000001688,2020,YEAR,643,COUNTRY,PUBLISHED,Alcohol consumption (age 15+),Russian Federation,TOTAL,,,
EE6F72ASA_0000001688,SA_0000001688,EE6F72A,SA_0000001688,2020,YEAR,646,COUNTRY,PUBLISHED,Alcohol consumption (age 15+),Rwanda,TOTAL,,,
EE6F72ASA_0000001688,SA_0000001688,EE6F72A,SA_0000001688,2020,YEAR,659,COUNTRY,PUBLISHED,Alcohol consumption (age 15+),Saint Kitts and Nevis,TOTAL,,,
EE6F72ASA_0000001688,SA_0000001688,EE6F72A,SA_0000001688,2020,YEAR,688,COUNTRY,PUBLISHED,Alcohol consumption (age 15+),Serbia,TOTAL,,,
EE6F72ASA_0000001688,SA_0000001688,EE6F72A,SA_0000001688,2020,YEAR,690,COUNTRY,PUBLISHED,Alcohol consumption (age 15+),Seychelles,TOTAL,,,
EE6F72ASA_0000001688,SA_0000001688,EE6F72A,SA_0000001688,2020,YEAR,694,COUNTRY,PUBLISHED,Alcohol consumption (age 15+),Sierra Leone,TOTAL,,,
EE6F72ASA_0000001688,SA_0000001688,EE6F72A,SA_0000001688,2020,YEAR,702,COUNTRY,PUBLISHED,Alcohol consumption (age 15+),Singapore,TOTAL,,,
EE6F72ASA_0000001688,SA_0000001688,EE6F72A,SA_0000001688,2020,YEAR,678,COUNTRY,PUBLISHED,Alcohol consumption (age 15+),Sao Tome and Principe,TOTAL,,,
EE6F72ASA_0000001688,SA_0000001688,EE6F72A,SA_0000001688,2020,YEAR,686,COUNTRY,PUBLISHED,Alcohol consumption (age 15+),Senegal,TOTAL,,,
EE6F72ASA_0000001688,SA_0000001688,EE6F72A,SA_0000001688,2020,YEAR,705,COUNTRY,PUBLISHED,Alcohol consumption (age 15+),Slovenia,TOTAL,,,
EE6F72ASA_0000001688,SA_0000001688,EE6F72A,SA_0000001688,2020,YEAR,706,COUNTRY,PUBLISHED,Alcohol consumption (age 15+),Somalia,TOTAL,,,
EE6F72ASA_0000001688,SA_0000001688,EE6F72A,SA_0000001688,2020,YEAR,710,COUNTRY,PUBLISHED,Alcohol consumption (age 15+),South Africa,TOTAL,,,
EE6F72ASA_0000001688,SA_0000001688,EE6F72A,SA_0000001688,2020,YEAR,716,COUNTRY,PUBLISHED,Alcohol consumption (age 15+),Zimbabwe,TOTAL,,,
EE6F72ASA_0000001688,SA_0000001688,EE6F72A,SA_0000001688,2020,YEAR,703,COUNTRY,PUBLISHED,Alcohol consumption (age 15+),Slovakia,TOTAL,,,
EE6F72ASA_0000001688,SA_0000001688,EE6F72A,SA_0000001688,2020,YEAR,704,COUNTRY,PUBLISHED,Alcohol consumption (age 15+),Viet Nam,TOTAL,,,
EE6F72ASA_0000001688,SA_0000001688,EE6F72A,SA_0000001688,2020,YEAR,728,COUNTRY,PUBLISHED,Alcohol consumption (age 15+),South Sudan,TOTAL,,,
EE6F72ASA_0000001688,SA_0000001688,EE6F72A,SA_0000001688,2020,YEAR,729,COUNTRY,PUBLISHED,Alcohol consumption (age 15+),Sudan,TOTAL,,,
EE6F72ASA_0000001688,SA_0000001688,EE6F72A,SA_0000001688,2020,YEAR,740,COUNTRY,PUBLISHED,Alcohol consumption (age 15+),Suriname,TOTAL,,,
EE6F72ASA_0000001688,SA_0000001688,EE6F72A,SA_0000001688,2020,YEAR,747,REGION,PUBLISHED,Alcohol consumption (age 15+),Northern Africa and Western Asia,TOTAL,,,
EE6F72ASA_0000001688,SA_0000001688,EE6F72A,SA_0000001688,2020,YEAR,722,CLASSIFICATION,PUBLISHED,Alcohol consumption (age 15+),Small Island Developing States,TOTAL,,,
EE6F72ASA_0000001688,SA_0000001688,EE6F72A,SA_0000001688,2020,YEAR,724,COUNTRY,PUBLISHED,Alcohol consumption (age 15+),Spain,TOTAL,,,
EE6F72ASA_0000001688,SA_0000001688,EE6F72A,SA_0000001688,2020,YEAR,753,REGION,PUBLISHED,Alcohol consumption (age 15+),Eastern and South-Eastern Asia,TOTAL,,,
EE6F72ASA_0000001688,SA_0000001688,EE6F72A,SA_0000001688,2020,YEAR,756,COUNTRY,PUBLISHED,Alcohol consumption (age 15+),Switzerland,TOTAL,,,
EE6F72ASA_0000001688,SA_0000001688,EE6F72A,SA_0000001688,2020,YEAR,760,COUNTRY,PUBLISHED,Alcohol consumption (age 15+),Syrian Arab Republic,TOTAL,,,
EE6F72ASA_0000001688,SA_0000001688,EE6F72A,SA_0000001688,2020,YEAR,762,COUNTRY,PUBLISHED,Alcohol consumption (age 15+),Tajikistan,TOTAL,,,
EE6F72ASA_0000001688,SA_0000001688,EE6F72A,SA_0000001688,2020,YEAR,748,COUNTRY,PUBLISHED,Alcohol consumption (age 15+),Eswatini,TOTAL,,,
EE6F72ASA_0000001688,SA_0000001688,EE6F72A,SA_0000001688,2020,YEAR,752,COUNTRY,PUBLISHED,Alcohol consumption (age 15+),Sweden,TOTAL,,,
EE6F72ASA_0000001688,SA_0000001688,EE6F72A,SA_0000001688,2020,YEAR,776,COUNTRY,PUBLISHED,Alcohol consumption (age 15+),Tonga,TOTAL,,,
EE6F72ASA_0000001688,SA_0000001688,EE6F72A,SA_0000001688,2020,YEAR,777,REGION,PUBLISHED,Alcohol consumption (age 15+),,TOTAL,,,
EE6F72ASA_0000001688,SA_0000001688,EE6F72A,SA_0000001688,2020,YEAR,780,COUNTRY,PUBLISHED,Alcohol consumption (age 15+),Trinidad and Tobago,TOTAL,,,
EE6F72ASA_0000001688,SA_0000001688,EE6F72A,SA_0000001688,2020,YEAR,784,COUNTRY,PUBLISHED,Alcohol consumption (age 15+),United Arab Emirates,TOTAL,,,
EE6F72ASA_0000001688,SA_0000001688,EE6F72A,SA_0000001688,2020,YEAR,764,COUNTRY,PUBLISHED,Alcohol consumption (age 15+),Thailand,TOTAL,,,
EE6F72ASA_0000001688,SA_0000001688,EE6F72A,SA_0000001688,2020,YEAR,768,COUNTRY,PUBLISHED,Alcohol consumption (age 15+),Togo,TOTAL,,,
EE6F72ASA_0000001688,SA_0000001688,EE6F72A,SA_0000001688,2020,YEAR,788,COUNTRY,PUBLISHED,Alcohol consumption (age 15+),Tunisia,TOTAL,,,
EE6F72ASA_0000001688,SA_0000001688,EE6F72A,SA_0000001688,2020,YEAR,792,COUNTRY,PUBLISHED,Alcohol consumption (age 15+),Türkiye,TOTAL,,,
